,b1,b2,b3,b4,b5
0,570.0,513.0,457.0,618.0,415.0
1,572.0,517.0,460.0,622.0,420.0
2,586.0,534.0,484.0,628.0,438.0
3,588.0,546.0,502.0,641.0,474.0
4,631.0,590.0,568.0,672.0,561.0
5,682.0,626.0,578.0,717.0,549.0
6,665.0,612.0,573.0,704.0,524.0
7,631.0,582.0,544.0,676.0,513.0
8,633.0,581.0,536.0,664.0,500.0
9,616.0,573.0,522.0,667.0,498.0
10,655.0,614.0,577.0,717.0,544.0
11,657.0,620.0,583.0,689.0,547.0
12,717.0,688.0,624.0,746.0,578.0
13,695.0,641.0,597.0,725.0,587.0
14,683.0,650.0,609.0,757.0,553.0
15,701.0,657.0,637.0,754.0,583.0
16,740.0,682.0,620.0,751.0,580.0
17,697.0,628.0,587.0,744.0,552.0
18,689.0,617.0,574.0,725.0,556.0
19,664.0,626.0,577.0,726.0,535.0
20,671.0,630.0,562.0,713.0,527.0
21,666.0,596.0,536.0,717.0,508.0
22,660.0,576.0,538.0,716.0,486.0
23,639.0,576.0,509.0,686.0,482.0
24,655.0,589.0,516.0,689.0,477.0
25,609.0,574.0,526.0,680.0,463.0
26,615.0,564.0,499.0,657.0,468.0
27,613.0,569.0,513.0,655.0,481.0
28,621.0,572.0,519.0,662.0,498.0
29,655.0,597.0,541.0,684.0,480.0
30,655.0,607.0,551.0,702.0,487.0
31,631.0,578.0,546.0,689.0,500.0
32,639.0,561.0,518.0,683.0,477.0
33,639.0,568.0,527.0,674.0,482.0
34,656.0,599.0,548.0,697.0,488.0
35,669.0,608.0,569.0,716.0,505.0
36,677.0,644.0,575.0,726.0,532.0
37,676.0,614.0,565.0,726.0,535.0
38,659.0,620.0,553.0,706.0,523.0
39,663.0,601.0,539.0,716.0,483.0
40,638.0,590.0,535.0,701.0,501.0
41,652.0,593.0,515.0,681.0,479.0
42,626.0,577.0,535.0,670.0,476.0
43,638.0,594.0,521.0,687.0,488.0
44,628.0,578.0,504.0,676.0,473.0
45,633.0,562.0,491.0,665.0,468.0
46,632.0,566.0,517.0,661.0,472.0
47,615.0,556.0,497.0,663.0,472.0
48,614.0,548.0,502.0,660.0,463.0
49,618.0,562.0,508.0,676.0,474.0
50,613.0,569.0,502.0,667.0,460.0
51,622.0,571.0,522.0,685.0,479.0
52,636.0,579.0,527.0,680.0,485.0
53,626.0,572.0,520.0,683.0,473.0
54,624.0,563.0,520.0,669.0,502.0
55,625.0,564.0,522.0,674.0,485.0
56,640.0,588.0,523.0,688.0,508.0
57,663.0,578.0,546.0,672.0,529.0
58,625.0,587.0,524.0,670.0,479.0
59,629.0,577.0,527.0,688.0,489.0
60,621.0,580.0,524.0,665.0,478.0
61,616.0,561.0,504.0,673.0,454.0
62,622.0,566.0,516.0,701.0,469.0
63,621.0,555.0,508.0,668.0,487.0
64,619.0,562.0,503.0,662.0,461.0
65,613.0,554.0,501.0,661.0,459.0
66,611.0,566.0,515.0,657.0,458.0
67,621.0,558.0,494.0,661.0,453.0
68,600.0,551.0,486.0,647.0,441.0
69,592.0,542.0,490.0,643.0,441.0
70,606.0,545.0,498.0,640.0,453.0
71,601.0,547.0,502.0,661.0,464.0
72,612.0,552.0,493.0,651.0,467.0
73,604.0,560.0,497.0,650.0,463.0
74,632.0,562.0,502.0,685.0,478.0
75,610.0,550.0,485.0,661.0,457.0
76,607.0,542.0,481.0,649.0,459.0
77,624.0,556.0,508.0,650.0,446.0
78,640.0,610.0,544.0,682.0,486.0
79,632.0,570.0,524.0,675.0,467.0
80,622.0,545.0,509.0,659.0,454.0
81,611.0,564.0,492.0,666.0,443.0
82,606.0,560.0,486.0,639.0,451.0
83,596.0,543.0,500.0,645.0,450.0
84,616.0,571.0,509.0,667.0,476.0
85,638.0,563.0,510.0,685.0,474.0
86,617.0,553.0,506.0,661.0,461.0
87,622.0,571.0,501.0,658.0,455.0
88,622.0,565.0,499.0,647.0,463.0
89,611.0,548.0,513.0,650.0,461.0
90,619.0,566.0,494.0,663.0,456.0
91,610.0,546.0,490.0,648.0,462.0
92,596.0,541.0,488.0,644.0,447.0
93,598.0,540.0,484.0,637.0,449.0
94,596.0,543.0,495.0,657.0,447.0
95,619.0,566.0,499.0,661.0,476.0
96,629.0,563.0,507.0,663.0,478.0
97,608.0,560.0,506.0,660.0,490.0
98,621.0,560.0,509.0,665.0,468.0
99,620.0,571.0,517.0,658.0,474.0
100,642.0,581.0,529.0,677.0,489.0
101,616.0,572.0,514.0,683.0,459.0
102,617.0,574.0,502.0,662.0,470.0
103,616.0,565.0,518.0,653.0,448.0
104,625.0,561.0,508.0,678.0,454.0
105,621.0,552.0,501.0,667.0,457.0
106,613.0,565.0,499.0,661.0,482.0
107,618.0,576.0,513.0,671.0,460.0
108,633.0,574.0,505.0,676.0,462.0
109,626.0,571.0,516.0,681.0,466.0
110,623.0,579.0,524.0,676.0,478.0
111,643.0,564.0,517.0,697.0,476.0
112,627.0,549.0,514.0,676.0,455.0
113,616.0,551.0,497.0,668.0,454.0
114,603.0,549.0,491.0,665.0,461.0
115,626.0,555.0,502.0,663.0,455.0
116,610.0,560.0,490.0,656.0,454.0
117,600.0,540.0,489.0,648.0,449.0
118,594.0,536.0,497.0,645.0,445.0
119,598.0,539.0,495.0,665.0,434.0
120,610.0,537.0,494.0,650.0,447.0
121,607.0,550.0,482.0,640.0,448.0
122,610.0,553.0,487.0,646.0,455.0
123,625.0,564.0,492.0,663.0,459.0
124,626.0,554.0,513.0,674.0,459.0
125,624.0,564.0,509.0,670.0,449.0
126,600.0,548.0,481.0,661.0,448.0
127,598.0,541.0,492.0,656.0,436.0
128,608.0,548.0,482.0,653.0,445.0
129,614.0,547.0,505.0,653.0,447.0
130,617.0,576.0,511.0,678.0,452.0
131,609.0,564.0,513.0,656.0,468.0
132,610.0,547.0,503.0,651.0,442.0
133,607.0,550.0,484.0,650.0,434.0
134,600.0,538.0,486.0,648.0,438.0
135,599.0,536.0,491.0,650.0,436.0
136,600.0,536.0,478.0,648.0,433.0
137,592.0,526.0,479.0,642.0,439.0
138,590.0,540.0,477.0,637.0,433.0
139,584.0,531.0,481.0,639.0,427.0
140,584.0,531.0,467.0,629.0,429.0
141,590.0,524.0,475.0,630.0,427.0
142,593.0,527.0,470.0,630.0,425.0
143,587.0,527.0,469.0,630.0,434.0
144,591.0,524.0,467.0,630.0,423.0
145,584.0,526.0,464.0,631.0,430.0
146,591.0,533.0,475.0,636.0,432.0
147,588.0,530.0,473.0,639.0,429.0
148,602.0,545.0,478.0,635.0,434.0
149,598.0,533.0,478.0,643.0,425.0
150,595.0,531.0,477.0,636.0,433.0
151,588.0,535.0,482.0,645.0,438.0
152,593.0,538.0,480.0,645.0,440.0
153,597.0,541.0,475.0,637.0,435.0
154,588.0,536.0,477.0,632.0,439.0
155,591.0,542.0,478.0,639.0,438.0
156,588.0,538.0,477.0,644.0,438.0
157,599.0,530.0,472.0,643.0,433.0
158,590.0,532.0,482.0,640.0,436.0
159,588.0,536.0,473.0,633.0,427.0
160,585.0,532.0,473.0,636.0,430.0
161,583.0,531.0,473.0,643.0,427.0
162,588.0,533.0,486.0,638.0,434.0
163,597.0,534.0,473.0,649.0,430.0
164,588.0,533.0,469.0,631.0,435.0
165,594.0,536.0,474.0,640.0,432.0
166,585.0,525.0,474.0,643.0,434.0
167,588.0,523.0,477.0,633.0,428.0
168,582.0,525.0,476.0,641.0,429.0
169,581.0,528.0,476.0,636.0,426.0
170,590.0,523.0,468.0,628.0,430.0
171,590.0,525.0,474.0,634.0,427.0
172,588.0,533.0,470.0,643.0,437.0
173,583.0,535.0,479.0,637.0,443.0
174,599.0,531.0,476.0,641.0,434.0
175,588.0,530.0,476.0,640.0,432.0
176,588.0,528.0,475.0,648.0,432.0
177,582.0,534.0,483.0,634.0,443.0
178,593.0,545.0,493.0,642.0,444.0
179,612.0,547.0,486.0,645.0,455.0
180,598.0,537.0,482.0,651.0,438.0
181,588.0,532.0,476.0,642.0,439.0
182,590.0,532.0,473.0,640.0,432.0
183,583.0,531.0,478.0,630.0,429.0
184,582.0,530.0,468.0,636.0,431.0
185,589.0,523.0,477.0,627.0,433.0
186,585.0,522.0,472.0,636.0,432.0
187,584.0,532.0,475.0,628.0,429.0
188,583.0,520.0,463.0,633.0,430.0
189,590.0,530.0,464.0,629.0,436.0
190,582.0,538.0,469.0,629.0,433.0
191,584.0,528.0,470.0,632.0,424.0
192,588.0,524.0,465.0,627.0,430.0
193,580.0,530.0,478.0,632.0,429.0
194,586.0,531.0,474.0,636.0,432.0
195,585.0,522.0,467.0,637.0,427.0
196,596.0,522.0,482.0,641.0,426.0
197,590.0,537.0,472.0,632.0,437.0
198,598.0,534.0,479.0,644.0,434.0
199,584.0,529.0,475.0,641.0,453.0
200,590.0,536.0,475.0,635.0,442.0
201,595.0,544.0,483.0,647.0,439.0
202,602.0,544.0,482.0,644.0,440.0
203,592.0,539.0,493.0,639.0,448.0
204,602.0,544.0,489.0,661.0,444.0
205,608.0,538.0,487.0,652.0,438.0
206,593.0,533.0,477.0,634.0,435.0
207,588.0,527.0,481.0,641.0,429.0
208,589.0,529.0,476.0,632.0,428.0
209,592.0,537.0,478.0,632.0,440.0
210,593.0,542.0,470.0,640.0,431.0
211,585.0,538.0,481.0,644.0,429.0
212,581.0,530.0,468.0,633.0,429.0
213,588.0,530.0,475.0,645.0,435.0
214,590.0,524.0,470.0,634.0,429.0
215,591.0,524.0,468.0,644.0,437.0
216,584.0,536.0,476.0,645.0,432.0
217,584.0,520.0,466.0,642.0,430.0
218,588.0,532.0,475.0,637.0,426.0
219,583.0,536.0,478.0,633.0,436.0
220,584.0,531.0,472.0,637.0,426.0
221,587.0,526.0,474.0,640.0,433.0
222,599.0,541.0,479.0,629.0,440.0
223,593.0,541.0,483.0,649.0,437.0
224,609.0,541.0,482.0,638.0,435.0
225,600.0,532.0,477.0,644.0,437.0
226,589.0,541.0,476.0,644.0,440.0
227,598.0,536.0,481.0,641.0,442.0
228,594.0,543.0,481.0,646.0,430.0
229,594.0,530.0,477.0,645.0,436.0
230,587.0,545.0,478.0,649.0,432.0
231,586.0,529.0,478.0,637.0,432.0
232,583.0,538.0,475.0,635.0,432.0
233,589.0,536.0,476.0,636.0,431.0
234,591.0,536.0,475.0,636.0,437.0
235,585.0,541.0,478.0,645.0,437.0
236,593.0,534.0,473.0,634.0,434.0
237,586.0,529.0,472.0,629.0,435.0
238,591.0,532.0,478.0,637.0,427.0
239,582.0,518.0,465.0,638.0,428.0
240,578.0,529.0,472.0,632.0,426.0
241,581.0,522.0,466.0,632.0,423.0
242,588.0,524.0,466.0,638.0,429.0
243,583.0,520.0,464.0,630.0,422.0
244,574.0,522.0,465.0,624.0,420.0
245,579.0,520.0,468.0,626.0,418.0
246,580.0,520.0,465.0,625.0,424.0
247,573.0,523.0,467.0,626.0,429.0
248,575.0,524.0,464.0,622.0,430.0
249,582.0,525.0,466.0,630.0,433.0
250,577.0,523.0,472.0,633.0,427.0
251,582.0,521.0,468.0,632.0,425.0
252,588.0,517.0,473.0,632.0,428.0
253,586.0,537.0,469.0,634.0,427.0
254,582.0,525.0,465.0,636.0,422.0
255,583.0,521.0,472.0,638.0,427.0
256,585.0,523.0,468.0,634.0,425.0
257,578.0,524.0,466.0,630.0,425.0
258,578.0,518.0,462.0,628.0,422.0
259,580.0,519.0,466.0,630.0,419.0
260,582.0,526.0,469.0,626.0,419.0
261,580.0,521.0,468.0,630.0,422.0
262,577.0,519.0,461.0,623.0,420.0
263,575.0,524.0,464.0,623.0,424.0
264,580.0,520.0,459.0,627.0,420.0
265,578.0,520.0,462.0,626.0,425.0
266,581.0,519.0,465.0,626.0,420.0
267,584.0,519.0,462.0,629.0,421.0
268,576.0,528.0,465.0,630.0,428.0
269,581.0,525.0,472.0,631.0,425.0
270,577.0,522.0,465.0,626.0,433.0
271,583.0,526.0,472.0,626.0,431.0
272,591.0,530.0,466.0,639.0,439.0
273,593.0,524.0,475.0,638.0,422.0
274,587.0,528.0,471.0,631.0,430.0
275,585.0,526.0,477.0,629.0,426.0
276,582.0,528.0,470.0,629.0,428.0
277,579.0,529.0,476.0,627.0,427.0
278,578.0,530.0,473.0,629.0,434.0
279,588.0,537.0,473.0,631.0,425.0
280,583.0,526.0,470.0,641.0,429.0
281,585.0,520.0,462.0,634.0,425.0
282,574.0,521.0,469.0,625.0,420.0
283,581.0,525.0,461.0,635.0,424.0
284,579.0,517.0,468.0,625.0,422.0
285,586.0,529.0,468.0,631.0,425.0
286,578.0,525.0,464.0,632.0,425.0
287,583.0,528.0,465.0,631.0,426.0
288,575.0,517.0,469.0,631.0,425.0
289,577.0,525.0,466.0,631.0,421.0
290,577.0,524.0,469.0,634.0,422.0
291,581.0,526.0,471.0,633.0,431.0
292,583.0,532.0,484.0,630.0,431.0
293,595.0,536.0,484.0,636.0,437.0
294,598.0,538.0,478.0,660.0,428.0
295,582.0,526.0,470.0,649.0,427.0
296,586.0,533.0,475.0,635.0,428.0
297,593.0,532.0,477.0,636.0,430.0
298,589.0,532.0,474.0,646.0,433.0
299,600.0,535.0,469.0,637.0,435.0
300,583.0,527.0,467.0,628.0,424.0
301,588.0,520.0,466.0,633.0,423.0
302,579.0,520.0,467.0,629.0,426.0
303,579.0,522.0,462.0,622.0,421.0
304,578.0,517.0,467.0,624.0,418.0
305,572.0,519.0,467.0,625.0,422.0
306,576.0,516.0,463.0,626.0,420.0
307,581.0,520.0,467.0,626.0,425.0
308,581.0,521.0,466.0,630.0,420.0
309,578.0,519.0,464.0,627.0,421.0
310,578.0,520.0,469.0,626.0,422.0
311,574.0,515.0,466.0,623.0,416.0
312,579.0,515.0,463.0,623.0,418.0
313,576.0,519.0,462.0,625.0,422.0
314,576.0,520.0,462.0,623.0,419.0
315,574.0,517.0,462.0,622.0,420.0
316,576.0,518.0,462.0,625.0,424.0
317,574.0,517.0,460.0,630.0,422.0
318,577.0,521.0,461.0,628.0,419.0
319,577.0,520.0,463.0,627.0,421.0
320,574.0,519.0,468.0,626.0,419.0
321,576.0,523.0,461.0,628.0,422.0
322,577.0,518.0,466.0,623.0,422.0
323,576.0,518.0,461.0,628.0,420.0
324,577.0,520.0,462.0,627.0,419.0
325,581.0,518.0,459.0,628.0,418.0
326,573.0,517.0,460.0,629.0,419.0
327,576.0,515.0,458.0,622.0,416.0
328,576.0,516.0,460.0,624.0,420.0
329,577.0,518.0,462.0,633.0,419.0
330,574.0,521.0,460.0,623.0,418.0
331,573.0,517.0,458.0,621.0,416.0
332,574.0,526.0,459.0,625.0,418.0
333,574.0,518.0,460.0,621.0,421.0
334,576.0,520.0,460.0,628.0,420.0
335,574.0,515.0,461.0,626.0,421.0
336,576.0,514.0,459.0,623.0,418.0
337,574.0,519.0,463.0,619.0,419.0
338,575.0,517.0,461.0,619.0,418.0
339,573.0,522.0,458.0,623.0,419.0
340,578.0,519.0,462.0,624.0,421.0
341,580.0,518.0,461.0,622.0,419.0
342,578.0,514.0,459.0,625.0,419.0
343,581.0,516.0,458.0,624.0,419.0
344,573.0,518.0,465.0,622.0,416.0
345,581.0,520.0,464.0,626.0,419.0
346,578.0,514.0,460.0,623.0,417.0
347,580.0,521.0,462.0,628.0,421.0
348,580.0,517.0,462.0,628.0,421.0
349,579.0,521.0,459.0,629.0,418.0
350,575.0,520.0,460.0,628.0,418.0
351,577.0,518.0,463.0,622.0,417.0
352,573.0,515.0,461.0,624.0,418.0
353,579.0,515.0,461.0,624.0,415.0
354,573.0,518.0,461.0,622.0,420.0
355,572.0,524.0,458.0,626.0,421.0
356,570.0,515.0,458.0,622.0,418.0
357,570.0,518.0,461.0,624.0,417.0
358,575.0,518.0,460.0,623.0,419.0
359,574.0,520.0,458.0,624.0,420.0
360,578.0,518.0,463.0,623.0,418.0
361,575.0,521.0,462.0,622.0,417.0
362,573.0,518.0,459.0,625.0,418.0
363,571.0,515.0,459.0,622.0,420.0
364,575.0,517.0,458.0,622.0,418.0
365,577.0,518.0,461.0,622.0,417.0
366,577.0,520.0,460.0,621.0,418.0
367,573.0,521.0,461.0,625.0,416.0
368,575.0,520.0,466.0,623.0,417.0
369,574.0,514.0,461.0,622.0,416.0
370,574.0,525.0,458.0,626.0,420.0
371,576.0,520.0,463.0,621.0,416.0
372,577.0,515.0,462.0,629.0,420.0
373,575.0,519.0,463.0,625.0,417.0
374,574.0,518.0,462.0,624.0,420.0
375,573.0,517.0,459.0,621.0,420.0
376,573.0,515.0,465.0,620.0,417.0
377,574.0,514.0,461.0,621.0,415.0
378,570.0,515.0,461.0,624.0,417.0
379,570.0,514.0,458.0,620.0,417.0
380,576.0,519.0,459.0,622.0,416.0
381,572.0,514.0,458.0,621.0,417.0
382,571.0,515.0,459.0,624.0,417.0
383,571.0,517.0,460.0,619.0,418.0
384,573.0,517.0,460.0,622.0,420.0
385,575.0,515.0,460.0,623.0,418.0
386,572.0,516.0,462.0,624.0,417.0
387,574.0,516.0,460.0,621.0,419.0
388,575.0,515.0,459.0,622.0,417.0
389,570.0,518.0,459.0,620.0,419.0
390,574.0,516.0,459.0,622.0,418.0
391,575.0,518.0,460.0,622.0,418.0
392,575.0,515.0,458.0,623.0,418.0
393,575.0,516.0,458.0,620.0,420.0
394,578.0,516.0,460.0,627.0,418.0
395,575.0,517.0,459.0,624.0,419.0
396,576.0,519.0,462.0,624.0,417.0
397,575.0,517.0,463.0,623.0,419.0
398,575.0,521.0,463.0,626.0,418.0
399,573.0,521.0,460.0,622.0,418.0
400,578.0,518.0,462.0,630.0,421.0
401,578.0,519.0,461.0,621.0,418.0
402,573.0,518.0,461.0,624.0,419.0
403,575.0,519.0,460.0,629.0,421.0
404,571.0,516.0,460.0,625.0,416.0
405,574.0,517.0,458.0,621.0,416.0
406,572.0,517.0,460.0,623.0,418.0
407,573.0,513.0,459.0,623.0,420.0
408,572.0,517.0,459.0,621.0,415.0
409,570.0,515.0,460.0,621.0,418.0
410,572.0,514.0,459.0,620.0,420.0
411,572.0,518.0,458.0,622.0,415.0
412,571.0,518.0,457.0,622.0,416.0
413,573.0,514.0,460.0,620.0,415.0
414,572.0,514.0,458.0,621.0,416.0
415,572.0,519.0,459.0,620.0,418.0
416,571.0,514.0,457.0,621.0,415.0
417,576.0,515.0,461.0,625.0,417.0
418,572.0,513.0,460.0,622.0,415.0
419,572.0,514.0,459.0,622.0,416.0
420,574.0,515.0,457.0,621.0,417.0
421,572.0,513.0,458.0,620.0,416.0
422,572.0,513.0,457.0,618.0,415.0
423,573.0,516.0,458.0,620.0,418.0
424,575.0,515.0,460.0,622.0,417.0
425,570.0,514.0,458.0,620.0,416.0
426,575.0,515.0,458.0,618.0,415.0
427,575.0,513.0,459.0,618.0,416.0
428,570.0,514.0,458.0,620.0,415.0
429,572.0,513.0,457.0,619.0,415.0
430,571.0,515.0,458.0,621.0,415.0
431,571.0,514.0,459.0,620.0,415.0
432,571.0,514.0,459.0,618.0,416.0
433,571.0,515.0,457.0,618.0,416.0
434,571.0,515.0,457.0,618.0,415.0
435,570.0,514.0,459.0,620.0,416.0
436,571.0,515.0,459.0,619.0,416.0
437,571.0,514.0,458.0,620.0,415.0
438,572.0,515.0,457.0,620.0,415.0
439,570.0,514.0,457.0,619.0,416.0
440,572.0,514.0,457.0,618.0,416.0
441,571.0,516.0,459.0,618.0,416.0
442,570.0,515.0,458.0,620.0,415.0
443,570.0,514.0,458.0,619.0,417.0
444,571.0,515.0,457.0,618.0,415.0
445,572.0,515.0,460.0,619.0,415.0
446,571.0,513.0,457.0,618.0,415.0
447,570.0,514.0,458.0,619.0,415.0
448,571.0,513.0,459.0,618.0,416.0
449,572.0,514.0,457.0,618.0,415.0
450,572.0,514.0,458.0,619.0,416.0
451,571.0,513.0,458.0,620.0,417.0
452,571.0,513.0,457.0,618.0,416.0
453,570.0,514.0,457.0,620.0,416.0
454,571.0,513.0,457.0,619.0,415.0
455,570.0,513.0,458.0,618.0,417.0
456,572.0,514.0,458.0,619.0,415.0
457,571.0,514.0,458.0,619.0,415.0
458,570.0,515.0,457.0,621.0,415.0
459,570.0,516.0,457.0,620.0,415.0
460,572.0,514.0,459.0,618.0,416.0
461,571.0,515.0,458.0,620.0,415.0
462,571.0,513.0,457.0,618.0,415.0
463,571.0,514.0,457.0,618.0,417.0
464,572.0,514.0,458.0,618.0,415.0
465,572.0,514.0,457.0,621.0,417.0
466,573.0,513.0,461.0,619.0,416.0
467,571.0,513.0,457.0,621.0,416.0
468,570.0,516.0,458.0,621.0,416.0
469,572.0,513.0,458.0,619.0,415.0
470,570.0,513.0,458.0,619.0,416.0
471,573.0,513.0,460.0,619.0,415.0
472,571.0,514.0,457.0,619.0,415.0
473,570.0,513.0,457.0,618.0,415.0
474,570.0,513.0,459.0,620.0,415.0
475,570.0,513.0,458.0,620.0,415.0
476,570.0,516.0,457.0,620.0,416.0
477,570.0,514.0,459.0,618.0,416.0
478,570.0,514.0,457.0,618.0,415.0
479,572.0,515.0,457.0,620.0,415.0
480,570.0,515.0,457.0,619.0,415.0
481,570.0,513.0,459.0,619.0,417.0
482,572.0,513.0,457.0,619.0,415.0
483,571.0,513.0,459.0,618.0,415.0
484,571.0,514.0,458.0,619.0,415.0
485,570.0,513.0,457.0,619.0,415.0
486,571.0,513.0,457.0,620.0,415.0
487,570.0,513.0,458.0,618.0,416.0
488,573.0,514.0,458.0,619.0,416.0
489,571.0,514.0,458.0,618.0,416.0
490,573.0,514.0,457.0,619.0,416.0
491,571.0,514.0,457.0,619.0,415.0
492,570.0,513.0,457.0,618.0,416.0
493,570.0,514.0,457.0,619.0,416.0
494,571.0,513.0,457.0,620.0,415.0
495,570.0,513.0,457.0,618.0,415.0
496,570.0,515.0,457.0,618.0,416.0
497,570.0,514.0,457.0,619.0,415.0
498,570.0,513.0,459.0,618.0,415.0
499,572.0,513.0,457.0,618.0,415.0
500,570.0,513.0,457.0,618.0,415.0
501,571.0,514.0,457.0,618.0,416.0
502,570.0,513.0,457.0,618.0,415.0
503,571.0,513.0,457.0,619.0,415.0
504,570.0,515.0,458.0,618.0,417.0
505,570.0,514.0,457.0,618.0,415.0
506,570.0,513.0,458.0,620.0,416.0
507,570.0,516.0,457.0,619.0,415.0
508,573.0,514.0,457.0,620.0,415.0
509,570.0,515.0,459.0,618.0,417.0
510,570.0,516.0,458.0,619.0,415.0
511,570.0,515.0,459.0,621.0,417.0
512,571.0,514.0,457.0,618.0,415.0
513,572.0,513.0,458.0,619.0,416.0
514,571.0,514.0,457.0,618.0,416.0
515,572.0,513.0,458.0,618.0,417.0
516,571.0,514.0,457.0,620.0,415.0
517,571.0,516.0,458.0,620.0,415.0
518,574.0,515.0,458.0,619.0,415.0
519,571.0,513.0,457.0,622.0,418.0
520,570.0,513.0,457.0,620.0,417.0
521,570.0,515.0,458.0,619.0,417.0
522,570.0,514.0,457.0,619.0,416.0
523,570.0,514.0,457.0,618.0,417.0
524,571.0,513.0,458.0,618.0,415.0
525,572.0,514.0,457.0,618.0,415.0
526,571.0,513.0,458.0,618.0,415.0
527,570.0,514.0,457.0,619.0,415.0
528,570.0,513.0,457.0,618.0,415.0
529,571.0,513.0,457.0,619.0,415.0
530,570.0,513.0,457.0,618.0,415.0
531,572.0,513.0,459.0,618.0,415.0
532,570.0,513.0,457.0,619.0,415.0
533,570.0,514.0,457.0,619.0,416.0
534,570.0,513.0,457.0,619.0,419.0
535,572.0,514.0,458.0,618.0,416.0
536,574.0,513.0,457.0,620.0,415.0
537,572.0,513.0,457.0,619.0,415.0
538,570.0,513.0,457.0,618.0,415.0
539,571.0,513.0,458.0,618.0,415.0
540,570.0,513.0,457.0,622.0,415.0
541,571.0,514.0,458.0,618.0,415.0
542,571.0,513.0,458.0,618.0,415.0
543,570.0,514.0,457.0,619.0,415.0
544,570.0,513.0,457.0,620.0,415.0
545,570.0,514.0,457.0,618.0,415.0
546,570.0,513.0,458.0,619.0,416.0
547,570.0,513.0,457.0,619.0,415.0
548,571.0,513.0,457.0,618.0,415.0
549,571.0,514.0,457.0,622.0,415.0
550,570.0,514.0,458.0,618.0,415.0
551,570.0,514.0,457.0,619.0,415.0
552,570.0,513.0,457.0,618.0,417.0
553,570.0,513.0,457.0,618.0,416.0
554,570.0,514.0,457.0,618.0,415.0
555,570.0,514.0,458.0,618.0,415.0
556,570.0,514.0,457.0,618.0,415.0
557,570.0,514.0,457.0,618.0,415.0
558,572.0,513.0,458.0,618.0,415.0
559,571.0,515.0,458.0,618.0,415.0
560,570.0,513.0,457.0,620.0,415.0
561,571.0,513.0,457.0,618.0,415.0
562,571.0,513.0,457.0,620.0,416.0
563,571.0,514.0,457.0,618.0,415.0
564,573.0,514.0,457.0,620.0,415.0
565,570.0,513.0,457.0,618.0,415.0
566,570.0,514.0,457.0,620.0,416.0
567,571.0,514.0,459.0,618.0,416.0
568,571.0,513.0,457.0,618.0,415.0
569,572.0,513.0,457.0,618.0,415.0
570,570.0,513.0,458.0,619.0,415.0
571,570.0,513.0,457.0,618.0,416.0
572,571.0,514.0,458.0,619.0,415.0
573,570.0,513.0,457.0,618.0,415.0
574,570.0,513.0,457.0,619.0,416.0
575,570.0,513.0,459.0,620.0,415.0
576,572.0,513.0,457.0,618.0,416.0
577,572.0,513.0,459.0,619.0,417.0
578,570.0,514.0,458.0,619.0,415.0
579,570.0,513.0,457.0,618.0,416.0
580,570.0,513.0,458.0,619.0,415.0
581,570.0,513.0,457.0,618.0,415.0
582,570.0,513.0,457.0,619.0,415.0
583,570.0,513.0,459.0,620.0,415.0
584,570.0,514.0,457.0,618.0,416.0
585,571.0,513.0,457.0,619.0,415.0
586,570.0,514.0,458.0,619.0,415.0
587,570.0,513.0,457.0,619.0,415.0
588,570.0,513.0,457.0,618.0,415.0
589,570.0,513.0,457.0,618.0,415.0
590,571.0,513.0,457.0,618.0,415.0
591,570.0,513.0,459.0,621.0,415.0
592,571.0,513.0,457.0,619.0,415.0
593,570.0,513.0,458.0,618.0,415.0
594,570.0,514.0,457.0,618.0,415.0
595,570.0,514.0,457.0,618.0,415.0
596,570.0,513.0,457.0,619.0,415.0
597,571.0,513.0,457.0,618.0,415.0
598,572.0,513.0,457.0,618.0,416.0
599,570.0,513.0,457.0,618.0,416.0
600,570.0,513.0,457.0,618.0,415.0
601,570.0,513.0,457.0,619.0,415.0
602,570.0,513.0,457.0,619.0,415.0
603,570.0,513.0,457.0,618.0,416.0
604,570.0,513.0,457.0,619.0,416.0
605,570.0,513.0,457.0,618.0,415.0
606,570.0,513.0,457.0,618.0,415.0
607,571.0,513.0,457.0,619.0,415.0
608,571.0,513.0,457.0,618.0,415.0
609,571.0,513.0,458.0,618.0,415.0
610,570.0,513.0,457.0,619.0,415.0
611,570.0,514.0,457.0,619.0,415.0
612,571.0,513.0,457.0,619.0,415.0
613,570.0,513.0,457.0,618.0,415.0
614,570.0,514.0,458.0,618.0,415.0
615,570.0,513.0,457.0,618.0,415.0
616,571.0,514.0,457.0,618.0,415.0
617,570.0,514.0,457.0,619.0,415.0
618,570.0,514.0,457.0,618.0,416.0
619,570.0,513.0,457.0,618.0,415.0
620,570.0,513.0,457.0,618.0,415.0
621,570.0,513.0,457.0,618.0,415.0
622,571.0,515.0,457.0,618.0,415.0
623,570.0,513.0,457.0,618.0,415.0
624,571.0,513.0,457.0,618.0,415.0
625,570.0,513.0,457.0,618.0,415.0
626,570.0,513.0,457.0,618.0,415.0
627,570.0,513.0,457.0,618.0,415.0
628,571.0,513.0,457.0,619.0,415.0
629,570.0,513.0,457.0,618.0,415.0
630,571.0,514.0,457.0,618.0,415.0
631,570.0,514.0,457.0,621.0,415.0
632,570.0,513.0,457.0,619.0,415.0
633,571.0,513.0,457.0,618.0,415.0
634,570.0,513.0,458.0,618.0,415.0
635,570.0,513.0,457.0,619.0,415.0
636,570.0,513.0,457.0,618.0,415.0
637,570.0,514.0,457.0,618.0,415.0
638,570.0,514.0,457.0,618.0,415.0
639,570.0,513.0,457.0,619.0,415.0
640,570.0,513.0,457.0,618.0,415.0
641,571.0,514.0,457.0,618.0,415.0
642,570.0,513.0,457.0,619.0,415.0
643,570.0,513.0,457.0,618.0,415.0
644,570.0,513.0,457.0,618.0,415.0
645,570.0,514.0,458.0,618.0,415.0
646,570.0,513.0,457.0,618.0,415.0
647,570.0,513.0,457.0,619.0,415.0
648,570.0,513.0,457.0,618.0,415.0
649,570.0,513.0,457.0,618.0,415.0
650,570.0,513.0,457.0,618.0,415.0
651,570.0,513.0,457.0,618.0,415.0
652,570.0,513.0,457.0,618.0,415.0
653,570.0,513.0,457.0,618.0,415.0
654,570.0,513.0,457.0,618.0,416.0
655,571.0,513.0,457.0,619.0,415.0
656,570.0,513.0,457.0,618.0,415.0
657,570.0,513.0,457.0,618.0,415.0
658,570.0,513.0,457.0,618.0,415.0
659,570.0,513.0,457.0,618.0,415.0
660,570.0,513.0,457.0,619.0,415.0
661,570.0,513.0,457.0,618.0,415.0
662,570.0,513.0,457.0,619.0,415.0
663,570.0,513.0,457.0,618.0,415.0
664,570.0,513.0,458.0,618.0,415.0
665,570.0,513.0,457.0,618.0,415.0
666,570.0,513.0,457.0,618.0,415.0
667,570.0,513.0,457.0,618.0,415.0
668,570.0,513.0,457.0,618.0,415.0
669,570.0,513.0,457.0,618.0,415.0
670,570.0,514.0,457.0,618.0,415.0
671,570.0,513.0,457.0,618.0,415.0
672,570.0,513.0,457.0,618.0,415.0
673,570.0,513.0,457.0,618.0,415.0
674,570.0,513.0,457.0,618.0,415.0
675,570.0,513.0,457.0,618.0,415.0
676,570.0,513.0,457.0,618.0,416.0
677,570.0,513.0,457.0,618.0,415.0
678,570.0,513.0,457.0,618.0,415.0
679,570.0,513.0,457.0,618.0,415.0
680,570.0,513.0,457.0,618.0,415.0
681,570.0,513.0,457.0,618.0,415.0
682,570.0,513.0,457.0,618.0,415.0
683,571.0,513.0,457.0,618.0,415.0
684,571.0,514.0,457.0,618.0,415.0
685,570.0,513.0,457.0,618.0,415.0
686,571.0,513.0,457.0,618.0,415.0
687,570.0,514.0,457.0,619.0,415.0
688,570.0,514.0,457.0,618.0,415.0
689,570.0,513.0,457.0,618.0,415.0
690,570.0,513.0,457.0,618.0,415.0
691,570.0,513.0,457.0,619.0,415.0
692,570.0,513.0,457.0,618.0,415.0
693,570.0,513.0,458.0,618.0,415.0
694,570.0,513.0,457.0,619.0,415.0
695,570.0,513.0,457.0,618.0,415.0
696,570.0,514.0,457.0,618.0,415.0
697,570.0,513.0,457.0,618.0,415.0
698,570.0,513.0,457.0,618.0,415.0
699,570.0,513.0,457.0,618.0,415.0
700,570.0,513.0,457.0,618.0,415.0
701,570.0,513.0,457.0,618.0,415.0
702,570.0,513.0,457.0,619.0,415.0
703,570.0,513.0,457.0,618.0,415.0
704,570.0,513.0,457.0,618.0,415.0
705,570.0,513.0,457.0,618.0,415.0
706,570.0,513.0,458.0,618.0,415.0
707,570.0,513.0,457.0,618.0,415.0
708,570.0,513.0,457.0,618.0,415.0
709,570.0,513.0,457.0,618.0,415.0
710,570.0,513.0,457.0,618.0,415.0
711,570.0,513.0,457.0,618.0,415.0
712,570.0,514.0,457.0,619.0,415.0
713,570.0,513.0,457.0,618.0,415.0
714,570.0,513.0,457.0,618.0,415.0
715,570.0,513.0,457.0,618.0,415.0
716,570.0,513.0,457.0,618.0,415.0
717,570.0,513.0,457.0,618.0,415.0
718,570.0,513.0,457.0,618.0,415.0
719,570.0,513.0,457.0,618.0,415.0
720,570.0,513.0,457.0,618.0,415.0
721,570.0,513.0,457.0,618.0,415.0
722,570.0,513.0,457.0,618.0,415.0
723,570.0,513.0,457.0,619.0,415.0
724,570.0,513.0,457.0,618.0,415.0
725,570.0,514.0,458.0,618.0,415.0
726,570.0,513.0,457.0,618.0,415.0
727,570.0,513.0,457.0,618.0,415.0
728,571.0,513.0,457.0,618.0,415.0
729,570.0,514.0,457.0,618.0,415.0
730,570.0,513.0,457.0,618.0,415.0
731,570.0,513.0,457.0,618.0,415.0
732,570.0,513.0,457.0,618.0,415.0
733,571.0,513.0,457.0,618.0,415.0
734,570.0,513.0,457.0,618.0,415.0
735,570.0,513.0,457.0,618.0,415.0
736,570.0,513.0,457.0,618.0,415.0
737,570.0,514.0,457.0,618.0,416.0
738,570.0,513.0,457.0,618.0,415.0
739,570.0,513.0,457.0,618.0,415.0
740,570.0,513.0,457.0,620.0,415.0
741,570.0,513.0,457.0,618.0,415.0
742,570.0,513.0,457.0,618.0,415.0
743,570.0,513.0,457.0,619.0,415.0
744,570.0,513.0,457.0,618.0,415.0
745,570.0,513.0,457.0,619.0,415.0
746,570.0,513.0,457.0,618.0,415.0
747,570.0,513.0,457.0,618.0,415.0
748,570.0,513.0,457.0,618.0,415.0
749,570.0,513.0,457.0,618.0,415.0
750,570.0,513.0,457.0,618.0,415.0
751,570.0,513.0,457.0,618.0,415.0
752,570.0,513.0,457.0,618.0,415.0
753,570.0,513.0,457.0,618.0,416.0
754,570.0,513.0,457.0,619.0,415.0
755,570.0,513.0,457.0,618.0,415.0
756,570.0,513.0,457.0,618.0,415.0
757,570.0,513.0,457.0,618.0,415.0
758,570.0,513.0,457.0,618.0,416.0
759,570.0,513.0,457.0,618.0,415.0
760,570.0,513.0,457.0,618.0,415.0
761,570.0,513.0,457.0,618.0,415.0
762,570.0,513.0,457.0,618.0,415.0
763,570.0,513.0,457.0,618.0,415.0
764,570.0,513.0,457.0,618.0,415.0
765,570.0,513.0,457.0,618.0,415.0
766,571.0,513.0,457.0,618.0,415.0
767,570.0,513.0,457.0,618.0,415.0
768,570.0,513.0,457.0,618.0,415.0
769,571.0,513.0,457.0,618.0,415.0
770,570.0,513.0,457.0,618.0,415.0
771,570.0,513.0,457.0,618.0,415.0
772,570.0,513.0,457.0,618.0,415.0
773,570.0,513.0,457.0,618.0,416.0
774,570.0,513.0,457.0,618.0,415.0
775,570.0,513.0,457.0,618.0,415.0
776,570.0,513.0,457.0,618.0,416.0
777,570.0,513.0,457.0,618.0,415.0
778,570.0,513.0,457.0,618.0,415.0
779,570.0,513.0,457.0,618.0,415.0
780,571.0,513.0,457.0,618.0,415.0
781,570.0,513.0,457.0,618.0,415.0
782,570.0,513.0,457.0,618.0,415.0
783,570.0,513.0,457.0,618.0,415.0
784,571.0,513.0,457.0,618.0,415.0
785,570.0,513.0,457.0,618.0,415.0
786,570.0,513.0,457.0,618.0,415.0
787,570.0,513.0,457.0,618.0,415.0
788,570.0,513.0,457.0,618.0,415.0
789,570.0,513.0,457.0,618.0,415.0
790,570.0,513.0,457.0,618.0,415.0
791,570.0,513.0,457.0,618.0,415.0
792,570.0,513.0,457.0,618.0,415.0
793,570.0,513.0,457.0,618.0,415.0
794,570.0,513.0,457.0,618.0,415.0
795,570.0,513.0,457.0,618.0,415.0
796,570.0,513.0,457.0,618.0,415.0
797,570.0,513.0,457.0,618.0,415.0
798,570.0,513.0,457.0,618.0,415.0
799,570.0,513.0,457.0,618.0,415.0
800,570.0,513.0,457.0,618.0,415.0
801,570.0,513.0,457.0,618.0,415.0
802,570.0,513.0,457.0,618.0,415.0
803,570.0,513.0,457.0,618.0,415.0
804,570.0,513.0,457.0,618.0,415.0
805,570.0,513.0,457.0,619.0,415.0
806,570.0,513.0,457.0,619.0,415.0
807,570.0,513.0,457.0,618.0,415.0
808,570.0,513.0,457.0,618.0,415.0
809,570.0,513.0,457.0,618.0,415.0
810,570.0,513.0,457.0,618.0,415.0
811,570.0,513.0,458.0,618.0,415.0
812,571.0,513.0,457.0,618.0,415.0
813,570.0,513.0,457.0,618.0,415.0
814,570.0,513.0,457.0,618.0,415.0
815,570.0,513.0,457.0,618.0,415.0
816,570.0,513.0,457.0,618.0,415.0
817,570.0,513.0,457.0,618.0,415.0
818,570.0,513.0,457.0,618.0,415.0
819,570.0,513.0,457.0,618.0,415.0
820,570.0,513.0,457.0,618.0,415.0
821,570.0,513.0,457.0,618.0,415.0
822,570.0,513.0,457.0,618.0,415.0
823,570.0,513.0,457.0,618.0,415.0
824,570.0,513.0,457.0,618.0,415.0
825,570.0,513.0,457.0,618.0,415.0
826,570.0,513.0,457.0,618.0,415.0
827,570.0,513.0,457.0,618.0,415.0
828,570.0,513.0,457.0,618.0,415.0
829,570.0,513.0,457.0,618.0,415.0
830,570.0,513.0,457.0,619.0,415.0
831,570.0,513.0,457.0,618.0,415.0
832,570.0,513.0,457.0,618.0,415.0
833,570.0,513.0,457.0,618.0,415.0
834,570.0,513.0,457.0,618.0,415.0
835,570.0,513.0,457.0,618.0,415.0
836,570.0,513.0,457.0,618.0,415.0
837,570.0,513.0,457.0,618.0,415.0
838,570.0,513.0,457.0,618.0,415.0
839,570.0,513.0,457.0,618.0,415.0
840,570.0,513.0,457.0,618.0,415.0
841,570.0,513.0,457.0,618.0,415.0
842,570.0,513.0,457.0,618.0,415.0
843,570.0,513.0,457.0,618.0,415.0
844,570.0,513.0,457.0,618.0,415.0
845,570.0,513.0,457.0,618.0,415.0
846,570.0,513.0,457.0,618.0,415.0
847,570.0,513.0,457.0,618.0,415.0
848,571.0,513.0,457.0,618.0,415.0
849,570.0,513.0,457.0,618.0,415.0
850,570.0,513.0,457.0,618.0,415.0
851,570.0,513.0,457.0,618.0,415.0
852,570.0,513.0,457.0,618.0,415.0
853,570.0,513.0,457.0,619.0,415.0
854,570.0,513.0,457.0,618.0,415.0
855,570.0,513.0,457.0,618.0,415.0
856,570.0,513.0,457.0,618.0,415.0
857,570.0,513.0,457.0,618.0,415.0
858,570.0,513.0,457.0,619.0,415.0
859,570.0,513.0,457.0,618.0,415.0
860,570.0,513.0,457.0,618.0,415.0
861,570.0,513.0,457.0,618.0,415.0
862,570.0,513.0,457.0,618.0,415.0
863,570.0,513.0,457.0,618.0,415.0
864,570.0,513.0,457.0,618.0,415.0
865,570.0,513.0,457.0,618.0,415.0
866,570.0,513.0,457.0,618.0,415.0
867,570.0,513.0,457.0,618.0,415.0
868,570.0,513.0,457.0,618.0,415.0
869,570.0,513.0,457.0,618.0,415.0
870,570.0,513.0,457.0,618.0,415.0
871,570.0,513.0,457.0,618.0,415.0
872,570.0,513.0,457.0,618.0,415.0
873,570.0,513.0,457.0,618.0,415.0
874,570.0,513.0,457.0,618.0,415.0
875,570.0,513.0,457.0,618.0,415.0
876,570.0,513.0,457.0,618.0,415.0
877,570.0,513.0,457.0,618.0,415.0
878,570.0,513.0,457.0,618.0,415.0
879,570.0,513.0,457.0,618.0,415.0
880,570.0,513.0,457.0,618.0,415.0
881,570.0,513.0,457.0,618.0,415.0
882,570.0,513.0,457.0,618.0,415.0
883,570.0,513.0,457.0,618.0,415.0
884,570.0,513.0,457.0,619.0,415.0
885,570.0,513.0,457.0,618.0,415.0
886,570.0,513.0,457.0,618.0,415.0
887,570.0,513.0,457.0,618.0,415.0
888,570.0,513.0,457.0,618.0,415.0
889,570.0,513.0,457.0,618.0,415.0
890,570.0,513.0,457.0,618.0,415.0
891,570.0,513.0,457.0,618.0,415.0
892,570.0,513.0,457.0,618.0,415.0
893,570.0,513.0,457.0,618.0,415.0
894,570.0,513.0,457.0,618.0,415.0
895,570.0,513.0,457.0,618.0,415.0
896,570.0,513.0,457.0,618.0,415.0
897,570.0,513.0,457.0,618.0,415.0
898,570.0,513.0,457.0,618.0,415.0
899,570.0,513.0,457.0,618.0,415.0
900,570.0,513.0,457.0,618.0,415.0
901,570.0,513.0,457.0,618.0,415.0
902,570.0,513.0,457.0,618.0,415.0
903,570.0,513.0,457.0,618.0,415.0
904,570.0,513.0,457.0,618.0,415.0
905,570.0,513.0,457.0,618.0,415.0
906,570.0,513.0,457.0,618.0,415.0
907,570.0,513.0,457.0,618.0,415.0
908,570.0,513.0,457.0,618.0,415.0
909,570.0,513.0,457.0,618.0,415.0
910,570.0,513.0,457.0,618.0,415.0
911,570.0,513.0,457.0,618.0,415.0
912,570.0,513.0,457.0,618.0,415.0
913,570.0,513.0,457.0,618.0,415.0
914,570.0,513.0,457.0,618.0,415.0
915,570.0,513.0,457.0,618.0,415.0
916,570.0,513.0,457.0,618.0,415.0
917,570.0,513.0,457.0,618.0,415.0
918,570.0,513.0,457.0,618.0,415.0
919,570.0,513.0,457.0,618.0,415.0
920,570.0,513.0,457.0,618.0,415.0
921,570.0,513.0,457.0,618.0,415.0
922,570.0,513.0,457.0,618.0,415.0
923,570.0,513.0,457.0,618.0,415.0
924,570.0,513.0,457.0,618.0,415.0
925,570.0,513.0,457.0,618.0,415.0
926,570.0,513.0,457.0,618.0,415.0
927,570.0,513.0,457.0,618.0,415.0
928,570.0,513.0,457.0,618.0,415.0
929,570.0,513.0,457.0,618.0,415.0
930,570.0,513.0,457.0,618.0,415.0
931,570.0,513.0,457.0,618.0,415.0
932,570.0,513.0,457.0,618.0,415.0
933,570.0,513.0,457.0,618.0,415.0
934,570.0,513.0,457.0,618.0,415.0
935,570.0,513.0,457.0,618.0,415.0
936,570.0,513.0,457.0,618.0,415.0
937,570.0,513.0,457.0,618.0,415.0
938,570.0,513.0,457.0,618.0,415.0
939,570.0,513.0,457.0,618.0,415.0
940,570.0,513.0,457.0,618.0,415.0
941,570.0,513.0,457.0,618.0,415.0
942,570.0,513.0,457.0,618.0,415.0
943,570.0,513.0,457.0,618.0,415.0
944,570.0,513.0,457.0,618.0,415.0
945,570.0,513.0,457.0,618.0,415.0
946,570.0,513.0,457.0,618.0,415.0
947,570.0,513.0,457.0,618.0,415.0
948,570.0,514.0,457.0,618.0,415.0
949,570.0,513.0,457.0,618.0,415.0
950,570.0,513.0,457.0,618.0,415.0
951,570.0,513.0,457.0,618.0,415.0
952,570.0,513.0,457.0,618.0,415.0
953,570.0,513.0,457.0,618.0,415.0
954,570.0,513.0,457.0,618.0,415.0
955,570.0,513.0,457.0,618.0,415.0
956,570.0,513.0,457.0,618.0,415.0
957,570.0,513.0,457.0,618.0,415.0
958,570.0,513.0,457.0,618.0,415.0
959,570.0,513.0,457.0,618.0,415.0
960,570.0,513.0,457.0,618.0,415.0
961,570.0,513.0,457.0,618.0,415.0
962,570.0,513.0,457.0,618.0,415.0
963,570.0,513.0,457.0,618.0,415.0
964,570.0,513.0,457.0,618.0,415.0
965,570.0,513.0,457.0,618.0,415.0
966,570.0,513.0,457.0,618.0,415.0
967,570.0,514.0,457.0,618.0,415.0
968,571.0,513.0,457.0,618.0,415.0
969,570.0,513.0,457.0,618.0,415.0
970,570.0,513.0,457.0,618.0,415.0
971,570.0,513.0,457.0,618.0,415.0
972,570.0,513.0,457.0,618.0,415.0
973,570.0,513.0,457.0,618.0,415.0
974,570.0,513.0,457.0,618.0,415.0
975,570.0,513.0,457.0,618.0,415.0
976,570.0,513.0,457.0,618.0,415.0
977,570.0,513.0,457.0,618.0,415.0
978,570.0,513.0,457.0,618.0,415.0
979,570.0,513.0,457.0,618.0,415.0
980,570.0,513.0,457.0,618.0,415.0
981,570.0,513.0,457.0,618.0,415.0
982,570.0,513.0,457.0,618.0,415.0
983,570.0,513.0,457.0,618.0,415.0
984,570.0,513.0,457.0,618.0,415.0
985,570.0,513.0,457.0,618.0,415.0
986,570.0,513.0,457.0,618.0,415.0
987,570.0,513.0,457.0,618.0,415.0
988,570.0,513.0,457.0,618.0,415.0
989,570.0,513.0,457.0,618.0,415.0
990,570.0,513.0,457.0,618.0,415.0
991,570.0,513.0,457.0,618.0,415.0
992,570.0,513.0,457.0,618.0,415.0
993,570.0,513.0,457.0,618.0,415.0
994,570.0,513.0,457.0,618.0,415.0
995,570.0,513.0,457.0,618.0,415.0
996,570.0,513.0,457.0,618.0,415.0
997,570.0,513.0,457.0,618.0,415.0
998,570.0,513.0,457.0,618.0,415.0
999,570.0,513.0,457.0,618.0,415.0
1000,570.0,513.0,457.0,618.0,415.0
1001,570.0,513.0,457.0,618.0,415.0
1002,570.0,513.0,457.0,618.0,415.0
1003,570.0,513.0,457.0,618.0,415.0
1004,570.0,513.0,457.0,618.0,415.0
1005,570.0,513.0,457.0,618.0,415.0
1006,570.0,513.0,457.0,618.0,415.0
1007,570.0,513.0,457.0,618.0,415.0
1008,570.0,513.0,457.0,618.0,415.0
1009,570.0,513.0,457.0,618.0,415.0
1010,570.0,513.0,457.0,618.0,415.0
1011,570.0,513.0,457.0,618.0,415.0
1012,570.0,513.0,457.0,618.0,415.0
1013,570.0,513.0,457.0,618.0,415.0
1014,570.0,513.0,457.0,618.0,415.0
1015,570.0,513.0,457.0,618.0,415.0
1016,570.0,513.0,457.0,618.0,415.0
1017,570.0,513.0,457.0,618.0,415.0
1018,570.0,513.0,457.0,618.0,415.0
1019,570.0,513.0,457.0,618.0,415.0
1020,570.0,513.0,457.0,618.0,415.0
1021,570.0,513.0,457.0,618.0,415.0
1022,570.0,513.0,457.0,618.0,415.0
1023,570.0,513.0,457.0,618.0,415.0
1024,570.0,513.0,457.0,618.0,415.0
1025,570.0,513.0,457.0,618.0,415.0
1026,570.0,513.0,457.0,618.0,415.0
1027,570.0,513.0,457.0,618.0,415.0
1028,570.0,513.0,457.0,618.0,415.0
1029,570.0,513.0,457.0,618.0,415.0
1030,570.0,513.0,457.0,618.0,415.0
1031,570.0,513.0,457.0,618.0,415.0
1032,570.0,513.0,457.0,618.0,415.0
1033,570.0,513.0,457.0,618.0,415.0
1034,570.0,513.0,457.0,618.0,415.0
1035,570.0,513.0,457.0,618.0,415.0
1036,570.0,513.0,457.0,618.0,415.0
1037,570.0,513.0,457.0,618.0,415.0
1038,570.0,513.0,457.0,618.0,415.0
1039,570.0,513.0,457.0,618.0,415.0
1040,570.0,513.0,457.0,618.0,415.0
1041,570.0,513.0,457.0,618.0,415.0
1042,570.0,513.0,457.0,618.0,415.0
1043,570.0,513.0,457.0,618.0,415.0
1044,570.0,513.0,457.0,618.0,415.0
1045,570.0,513.0,457.0,618.0,415.0
1046,570.0,513.0,457.0,618.0,415.0
1047,570.0,513.0,457.0,618.0,415.0
1048,570.0,513.0,457.0,618.0,415.0
1049,570.0,513.0,457.0,618.0,415.0
1050,570.0,513.0,457.0,618.0,415.0
1051,570.0,513.0,457.0,618.0,415.0
1052,570.0,513.0,457.0,618.0,415.0
1053,570.0,513.0,457.0,618.0,415.0
1054,570.0,513.0,457.0,618.0,415.0
1055,570.0,513.0,457.0,618.0,415.0
1056,570.0,513.0,457.0,618.0,415.0
1057,570.0,513.0,457.0,618.0,415.0
1058,570.0,513.0,457.0,618.0,415.0
1059,570.0,513.0,457.0,618.0,415.0
1060,570.0,513.0,457.0,618.0,415.0
1061,570.0,513.0,457.0,618.0,415.0
1062,570.0,513.0,457.0,618.0,415.0
1063,570.0,513.0,457.0,618.0,415.0
1064,570.0,513.0,457.0,618.0,415.0
1065,570.0,513.0,457.0,618.0,415.0
1066,570.0,513.0,457.0,618.0,415.0
1067,570.0,513.0,457.0,618.0,415.0
1068,570.0,513.0,457.0,618.0,415.0
1069,570.0,513.0,457.0,618.0,415.0
1070,570.0,513.0,457.0,618.0,415.0
1071,570.0,513.0,457.0,618.0,415.0
1072,570.0,513.0,457.0,618.0,415.0
1073,570.0,513.0,457.0,618.0,415.0
1074,570.0,513.0,457.0,618.0,415.0
1075,570.0,513.0,457.0,618.0,415.0
1076,570.0,513.0,457.0,618.0,415.0
1077,570.0,513.0,457.0,618.0,415.0
1078,570.0,513.0,457.0,618.0,415.0
1079,570.0,513.0,457.0,618.0,415.0
1080,570.0,513.0,457.0,618.0,415.0
1081,570.0,513.0,457.0,618.0,415.0
1082,570.0,513.0,457.0,618.0,415.0
1083,570.0,513.0,457.0,618.0,415.0
1084,570.0,513.0,457.0,618.0,415.0
1085,570.0,513.0,457.0,618.0,415.0
1086,570.0,513.0,457.0,618.0,415.0
1087,570.0,513.0,457.0,618.0,415.0
1088,570.0,513.0,457.0,618.0,415.0
1089,570.0,513.0,457.0,618.0,415.0
1090,570.0,513.0,457.0,618.0,415.0
1091,570.0,513.0,457.0,618.0,415.0
1092,570.0,513.0,457.0,618.0,415.0
1093,570.0,513.0,457.0,618.0,415.0
1094,570.0,513.0,457.0,618.0,415.0
1095,570.0,513.0,457.0,618.0,415.0
1096,570.0,513.0,457.0,618.0,415.0
1097,570.0,513.0,457.0,618.0,415.0
1098,570.0,513.0,457.0,618.0,415.0
1099,570.0,513.0,457.0,618.0,415.0
1100,570.0,513.0,457.0,618.0,415.0
1101,570.0,513.0,457.0,618.0,415.0
1102,570.0,513.0,457.0,618.0,415.0
1103,570.0,513.0,457.0,618.0,415.0
1104,570.0,513.0,457.0,618.0,415.0
1105,570.0,513.0,457.0,618.0,415.0
1106,570.0,513.0,457.0,618.0,415.0
1107,570.0,513.0,457.0,618.0,415.0
1108,570.0,513.0,457.0,618.0,415.0
1109,570.0,513.0,457.0,618.0,415.0
1110,570.0,513.0,457.0,618.0,415.0
1111,570.0,513.0,457.0,618.0,415.0
1112,570.0,513.0,457.0,618.0,415.0
1113,570.0,513.0,457.0,618.0,415.0
1114,570.0,513.0,457.0,618.0,415.0
1115,570.0,513.0,457.0,618.0,415.0
1116,570.0,513.0,457.0,618.0,415.0
1117,570.0,513.0,457.0,618.0,415.0
1118,570.0,513.0,457.0,618.0,415.0
1119,570.0,513.0,457.0,618.0,415.0
1120,570.0,513.0,457.0,618.0,415.0
1121,570.0,513.0,457.0,618.0,415.0
1122,570.0,513.0,457.0,618.0,415.0
1123,570.0,513.0,457.0,618.0,415.0
1124,570.0,513.0,457.0,618.0,415.0
1125,570.0,513.0,457.0,618.0,415.0
1126,570.0,513.0,457.0,618.0,415.0
1127,570.0,513.0,457.0,618.0,415.0
1128,570.0,513.0,457.0,618.0,415.0
1129,570.0,513.0,457.0,618.0,415.0
1130,570.0,513.0,457.0,618.0,415.0
1131,570.0,513.0,457.0,618.0,415.0
1132,570.0,513.0,457.0,618.0,415.0
1133,570.0,513.0,457.0,618.0,415.0
1134,570.0,513.0,457.0,618.0,415.0
1135,570.0,513.0,457.0,618.0,415.0
1136,570.0,513.0,457.0,618.0,415.0
1137,570.0,513.0,457.0,618.0,415.0
1138,570.0,513.0,457.0,618.0,415.0
1139,570.0,513.0,457.0,618.0,415.0
1140,570.0,513.0,457.0,618.0,415.0
1141,570.0,513.0,457.0,618.0,415.0
1142,570.0,513.0,457.0,618.0,415.0
1143,570.0,513.0,457.0,618.0,415.0
1144,570.0,513.0,457.0,618.0,415.0
1145,570.0,513.0,457.0,618.0,415.0
1146,570.0,513.0,457.0,618.0,415.0
1147,570.0,513.0,457.0,618.0,415.0
1148,570.0,513.0,457.0,618.0,415.0
1149,570.0,513.0,457.0,618.0,415.0
1150,570.0,513.0,457.0,618.0,415.0
1151,570.0,513.0,457.0,618.0,415.0
1152,570.0,513.0,457.0,618.0,415.0
1153,570.0,513.0,457.0,618.0,415.0
1154,570.0,513.0,457.0,618.0,415.0
1155,570.0,513.0,457.0,618.0,415.0
1156,570.0,513.0,457.0,618.0,415.0
1157,570.0,513.0,457.0,618.0,415.0
1158,570.0,513.0,457.0,618.0,415.0
1159,570.0,513.0,457.0,618.0,415.0
1160,570.0,513.0,457.0,618.0,415.0
1161,570.0,513.0,457.0,618.0,415.0
1162,570.0,513.0,457.0,618.0,415.0
1163,570.0,513.0,457.0,618.0,415.0
1164,570.0,513.0,457.0,618.0,415.0
1165,570.0,513.0,457.0,618.0,415.0
1166,570.0,513.0,457.0,618.0,415.0
1167,570.0,513.0,457.0,618.0,415.0
1168,570.0,513.0,457.0,618.0,415.0
1169,570.0,513.0,457.0,618.0,415.0
1170,570.0,513.0,457.0,618.0,415.0
1171,570.0,513.0,457.0,618.0,415.0
1172,570.0,513.0,457.0,618.0,415.0
1173,570.0,513.0,457.0,618.0,415.0
1174,570.0,513.0,457.0,618.0,415.0
1175,570.0,513.0,457.0,618.0,415.0
1176,570.0,513.0,457.0,618.0,415.0
1177,570.0,513.0,457.0,618.0,415.0
1178,570.0,513.0,457.0,618.0,415.0
1179,570.0,513.0,457.0,618.0,415.0
1180,570.0,513.0,457.0,618.0,415.0
1181,570.0,513.0,457.0,618.0,415.0
1182,570.0,513.0,457.0,618.0,415.0
1183,570.0,513.0,457.0,618.0,415.0
1184,570.0,513.0,457.0,618.0,415.0
1185,570.0,513.0,457.0,618.0,415.0
1186,570.0,513.0,457.0,618.0,415.0
1187,570.0,513.0,457.0,618.0,415.0
1188,570.0,513.0,457.0,618.0,415.0
1189,570.0,513.0,457.0,618.0,415.0
1190,570.0,513.0,457.0,618.0,415.0
1191,570.0,513.0,457.0,618.0,415.0
1192,570.0,513.0,457.0,618.0,415.0
1193,570.0,513.0,457.0,618.0,415.0
1194,570.0,513.0,457.0,618.0,415.0
1195,570.0,513.0,457.0,618.0,415.0
1196,570.0,513.0,457.0,618.0,415.0
1197,570.0,513.0,457.0,618.0,415.0
1198,570.0,513.0,457.0,618.0,415.0
1199,570.0,513.0,457.0,618.0,415.0
1200,570.0,513.0,457.0,618.0,415.0
1201,570.0,513.0,457.0,618.0,415.0
1202,570.0,513.0,457.0,618.0,415.0
1203,570.0,513.0,457.0,618.0,415.0
1204,570.0,513.0,457.0,618.0,415.0
1205,570.0,513.0,457.0,618.0,415.0
1206,570.0,513.0,457.0,618.0,415.0
1207,570.0,513.0,457.0,618.0,415.0
1208,570.0,513.0,457.0,618.0,415.0
1209,570.0,513.0,457.0,618.0,415.0
1210,570.0,513.0,457.0,618.0,415.0
1211,570.0,513.0,457.0,618.0,415.0
1212,570.0,513.0,457.0,619.0,415.0
1213,570.0,513.0,457.0,618.0,415.0
1214,570.0,513.0,457.0,618.0,415.0
1215,570.0,513.0,457.0,618.0,415.0
1216,570.0,513.0,457.0,618.0,415.0
1217,570.0,513.0,457.0,618.0,415.0
1218,570.0,513.0,457.0,618.0,415.0
1219,570.0,513.0,457.0,618.0,415.0
1220,570.0,513.0,457.0,618.0,415.0
1221,570.0,513.0,457.0,618.0,415.0
1222,570.0,513.0,457.0,618.0,415.0
1223,570.0,513.0,457.0,618.0,415.0
1224,570.0,513.0,457.0,618.0,415.0
1225,570.0,513.0,457.0,618.0,415.0
1226,570.0,513.0,457.0,618.0,415.0
1227,570.0,513.0,457.0,618.0,415.0
1228,570.0,513.0,457.0,618.0,415.0
1229,570.0,513.0,457.0,618.0,415.0
1230,570.0,513.0,457.0,618.0,415.0
1231,570.0,513.0,457.0,618.0,415.0
1232,570.0,513.0,457.0,618.0,415.0
1233,570.0,513.0,457.0,618.0,415.0
1234,570.0,513.0,457.0,618.0,415.0
1235,570.0,513.0,457.0,618.0,415.0
1236,570.0,513.0,457.0,618.0,415.0
1237,570.0,513.0,457.0,618.0,415.0
1238,570.0,513.0,457.0,618.0,415.0
1239,570.0,513.0,457.0,618.0,415.0
1240,570.0,513.0,457.0,618.0,415.0
1241,570.0,513.0,457.0,618.0,415.0
1242,570.0,513.0,457.0,618.0,415.0
1243,570.0,513.0,457.0,618.0,415.0
1244,570.0,513.0,457.0,618.0,415.0
1245,570.0,513.0,457.0,618.0,415.0
1246,570.0,513.0,457.0,618.0,415.0
1247,570.0,513.0,457.0,618.0,415.0
1248,570.0,513.0,457.0,618.0,415.0
1249,570.0,513.0,457.0,618.0,415.0
1250,570.0,513.0,457.0,618.0,415.0
1251,570.0,513.0,457.0,618.0,415.0
1252,570.0,513.0,457.0,618.0,415.0
1253,570.0,513.0,457.0,618.0,415.0
1254,570.0,513.0,457.0,618.0,415.0
1255,570.0,513.0,457.0,618.0,415.0
1256,570.0,513.0,457.0,618.0,415.0
1257,570.0,513.0,457.0,618.0,415.0
1258,570.0,513.0,457.0,618.0,415.0
1259,570.0,513.0,457.0,618.0,415.0
1260,570.0,513.0,457.0,618.0,415.0
1261,570.0,513.0,457.0,618.0,415.0
1262,570.0,513.0,457.0,618.0,415.0
1263,570.0,513.0,457.0,618.0,415.0
1264,570.0,513.0,457.0,618.0,415.0
1265,570.0,513.0,457.0,618.0,415.0
1266,570.0,513.0,457.0,618.0,415.0
1267,570.0,513.0,457.0,618.0,415.0
1268,570.0,513.0,457.0,618.0,415.0
1269,570.0,513.0,457.0,618.0,415.0
1270,570.0,513.0,457.0,618.0,415.0
1271,570.0,513.0,457.0,618.0,415.0
1272,570.0,513.0,457.0,618.0,415.0
1273,570.0,513.0,457.0,618.0,415.0
1274,570.0,513.0,457.0,618.0,415.0
1275,570.0,513.0,457.0,618.0,415.0
1276,570.0,513.0,457.0,618.0,415.0
1277,570.0,513.0,457.0,618.0,415.0
1278,570.0,513.0,457.0,618.0,415.0
1279,570.0,513.0,457.0,618.0,415.0
1280,570.0,513.0,457.0,618.0,415.0
1281,570.0,513.0,457.0,618.0,415.0
1282,570.0,513.0,457.0,618.0,415.0
1283,570.0,513.0,457.0,618.0,415.0
1284,570.0,513.0,457.0,618.0,415.0
1285,570.0,513.0,457.0,618.0,415.0
1286,570.0,513.0,457.0,618.0,415.0
1287,570.0,513.0,457.0,618.0,415.0
1288,570.0,513.0,457.0,618.0,415.0
1289,570.0,513.0,457.0,618.0,415.0
1290,570.0,513.0,457.0,618.0,415.0
1291,570.0,513.0,457.0,618.0,415.0
1292,570.0,513.0,457.0,618.0,415.0
1293,570.0,513.0,457.0,618.0,415.0
1294,570.0,513.0,457.0,618.0,415.0
1295,570.0,513.0,457.0,618.0,415.0
1296,570.0,513.0,457.0,618.0,415.0
1297,570.0,513.0,457.0,618.0,415.0
1298,570.0,513.0,457.0,618.0,415.0
1299,570.0,513.0,457.0,618.0,415.0
1300,570.0,513.0,457.0,618.0,415.0
1301,570.0,513.0,457.0,618.0,415.0
1302,570.0,513.0,457.0,618.0,415.0
1303,570.0,513.0,457.0,618.0,415.0
1304,570.0,513.0,457.0,618.0,415.0
1305,570.0,513.0,457.0,618.0,415.0
1306,570.0,513.0,457.0,618.0,415.0
1307,570.0,513.0,457.0,618.0,415.0
1308,570.0,513.0,457.0,618.0,415.0
1309,570.0,513.0,457.0,618.0,415.0
1310,570.0,513.0,457.0,618.0,415.0
1311,570.0,513.0,457.0,618.0,415.0
1312,570.0,513.0,457.0,618.0,415.0
1313,570.0,513.0,457.0,618.0,415.0
1314,570.0,513.0,457.0,618.0,415.0
1315,570.0,513.0,457.0,618.0,415.0
1316,570.0,513.0,457.0,618.0,415.0
1317,570.0,513.0,457.0,618.0,415.0
1318,570.0,513.0,457.0,618.0,415.0
1319,570.0,513.0,457.0,618.0,415.0
1320,570.0,513.0,457.0,618.0,415.0
1321,570.0,513.0,457.0,618.0,415.0
1322,570.0,513.0,457.0,618.0,415.0
1323,570.0,513.0,457.0,618.0,415.0
1324,570.0,513.0,457.0,618.0,415.0
1325,570.0,513.0,457.0,618.0,415.0
1326,570.0,513.0,457.0,618.0,415.0
1327,570.0,513.0,457.0,618.0,415.0
1328,570.0,513.0,457.0,618.0,415.0
1329,570.0,513.0,457.0,618.0,415.0
1330,570.0,513.0,457.0,618.0,415.0
1331,570.0,513.0,457.0,618.0,415.0
1332,570.0,513.0,457.0,618.0,415.0
1333,570.0,513.0,457.0,618.0,415.0
1334,570.0,513.0,457.0,618.0,415.0
1335,570.0,513.0,457.0,618.0,415.0
1336,570.0,513.0,457.0,618.0,415.0
1337,570.0,513.0,457.0,618.0,415.0
1338,570.0,513.0,457.0,618.0,415.0
1339,570.0,513.0,457.0,618.0,415.0
1340,570.0,513.0,457.0,618.0,415.0
1341,570.0,513.0,457.0,618.0,415.0
1342,570.0,513.0,457.0,618.0,415.0
1343,570.0,513.0,457.0,618.0,415.0
1344,570.0,513.0,457.0,618.0,415.0
1345,570.0,513.0,457.0,618.0,415.0
1346,570.0,513.0,457.0,618.0,415.0
1347,570.0,513.0,457.0,618.0,415.0
1348,570.0,513.0,457.0,618.0,415.0
1349,570.0,513.0,457.0,618.0,415.0
1350,570.0,513.0,457.0,618.0,415.0
1351,570.0,513.0,457.0,618.0,415.0
1352,570.0,513.0,457.0,618.0,415.0
1353,570.0,513.0,457.0,618.0,415.0
1354,570.0,513.0,457.0,618.0,415.0
1355,570.0,513.0,457.0,618.0,415.0
1356,570.0,513.0,457.0,618.0,415.0
1357,570.0,513.0,457.0,618.0,415.0
1358,570.0,513.0,457.0,618.0,415.0
1359,570.0,513.0,457.0,618.0,415.0
1360,570.0,513.0,457.0,618.0,415.0
1361,570.0,513.0,457.0,618.0,415.0
1362,570.0,513.0,457.0,618.0,415.0
1363,570.0,513.0,457.0,618.0,415.0
1364,570.0,513.0,457.0,618.0,415.0
1365,570.0,513.0,457.0,618.0,415.0
1366,570.0,513.0,457.0,618.0,415.0
1367,570.0,513.0,457.0,618.0,415.0
1368,570.0,513.0,457.0,618.0,415.0
1369,570.0,513.0,457.0,618.0,415.0
1370,570.0,513.0,457.0,618.0,415.0
1371,570.0,513.0,457.0,618.0,415.0
1372,570.0,513.0,457.0,618.0,415.0
1373,570.0,513.0,457.0,618.0,415.0
1374,570.0,513.0,457.0,618.0,415.0
1375,570.0,513.0,457.0,618.0,415.0
1376,570.0,513.0,457.0,618.0,415.0
1377,570.0,513.0,457.0,618.0,415.0
1378,570.0,513.0,457.0,618.0,415.0
1379,570.0,513.0,457.0,618.0,415.0
1380,570.0,513.0,457.0,618.0,415.0
1381,570.0,513.0,457.0,618.0,415.0
1382,570.0,513.0,457.0,618.0,415.0
1383,570.0,513.0,457.0,618.0,415.0
1384,570.0,513.0,457.0,618.0,415.0
1385,570.0,513.0,457.0,618.0,415.0
1386,570.0,513.0,457.0,618.0,415.0
1387,570.0,513.0,457.0,618.0,415.0
1388,570.0,513.0,457.0,618.0,415.0
1389,570.0,513.0,457.0,618.0,415.0
1390,570.0,513.0,457.0,618.0,415.0
1391,570.0,513.0,457.0,618.0,415.0
1392,570.0,513.0,457.0,618.0,415.0
1393,570.0,513.0,457.0,618.0,415.0
1394,570.0,513.0,457.0,618.0,415.0
1395,570.0,513.0,457.0,618.0,415.0
1396,570.0,513.0,457.0,618.0,415.0
1397,570.0,513.0,457.0,618.0,415.0
1398,570.0,513.0,457.0,618.0,415.0
1399,570.0,513.0,457.0,618.0,415.0
1400,570.0,513.0,457.0,618.0,415.0
1401,570.0,513.0,457.0,618.0,415.0
1402,570.0,513.0,457.0,618.0,415.0
1403,570.0,513.0,457.0,618.0,415.0
1404,570.0,513.0,457.0,618.0,415.0
1405,570.0,513.0,457.0,618.0,415.0
1406,570.0,513.0,457.0,618.0,415.0
1407,570.0,513.0,457.0,618.0,415.0
1408,570.0,513.0,457.0,618.0,415.0
1409,570.0,513.0,457.0,618.0,415.0
1410,570.0,513.0,457.0,618.0,415.0
1411,570.0,513.0,457.0,618.0,415.0
1412,570.0,513.0,457.0,618.0,415.0
1413,570.0,513.0,457.0,618.0,415.0
1414,570.0,513.0,457.0,618.0,415.0
1415,570.0,513.0,457.0,618.0,415.0
1416,570.0,513.0,457.0,618.0,415.0
1417,570.0,513.0,457.0,618.0,415.0
1418,570.0,513.0,457.0,618.0,415.0
1419,570.0,513.0,457.0,618.0,415.0
1420,570.0,513.0,457.0,618.0,415.0
1421,570.0,513.0,457.0,618.0,415.0
1422,570.0,513.0,457.0,618.0,415.0
1423,570.0,513.0,457.0,618.0,415.0
1424,570.0,513.0,457.0,618.0,415.0
1425,570.0,513.0,457.0,618.0,415.0
1426,570.0,513.0,457.0,618.0,415.0
1427,570.0,513.0,457.0,618.0,415.0
1428,570.0,513.0,457.0,618.0,415.0
1429,570.0,513.0,457.0,618.0,415.0
1430,570.0,513.0,457.0,618.0,415.0
1431,570.0,513.0,457.0,618.0,415.0
1432,570.0,513.0,457.0,618.0,415.0
1433,570.0,513.0,457.0,618.0,415.0
1434,570.0,513.0,457.0,618.0,415.0
1435,570.0,513.0,457.0,618.0,415.0
1436,570.0,513.0,457.0,618.0,415.0
1437,570.0,513.0,457.0,618.0,415.0
1438,570.0,513.0,457.0,618.0,415.0
1439,570.0,513.0,457.0,618.0,415.0
1440,570.0,513.0,457.0,618.0,415.0
1441,570.0,513.0,457.0,618.0,415.0
1442,570.0,513.0,457.0,618.0,415.0
1443,570.0,513.0,457.0,618.0,415.0
1444,570.0,513.0,457.0,618.0,415.0
1445,570.0,513.0,457.0,618.0,415.0
1446,570.0,513.0,457.0,618.0,415.0
1447,570.0,513.0,457.0,618.0,415.0
1448,570.0,513.0,457.0,618.0,415.0
1449,570.0,513.0,457.0,618.0,415.0
1450,570.0,513.0,457.0,618.0,415.0
1451,570.0,513.0,457.0,618.0,415.0
1452,570.0,513.0,457.0,618.0,415.0
1453,570.0,513.0,457.0,618.0,415.0
1454,570.0,513.0,457.0,618.0,415.0
1455,570.0,513.0,457.0,618.0,415.0
1456,570.0,513.0,457.0,618.0,415.0
1457,570.0,513.0,457.0,618.0,415.0
1458,570.0,513.0,457.0,618.0,415.0
1459,570.0,513.0,457.0,618.0,415.0
1460,570.0,513.0,457.0,618.0,415.0
1461,570.0,513.0,457.0,618.0,415.0
1462,570.0,513.0,457.0,618.0,415.0
1463,570.0,513.0,457.0,618.0,415.0
1464,570.0,513.0,457.0,618.0,415.0
1465,570.0,513.0,457.0,618.0,415.0
1466,570.0,513.0,457.0,618.0,415.0
1467,570.0,513.0,457.0,618.0,415.0
1468,570.0,513.0,457.0,618.0,415.0
1469,570.0,513.0,457.0,618.0,415.0
1470,570.0,513.0,457.0,618.0,415.0
1471,570.0,513.0,457.0,618.0,415.0
1472,570.0,513.0,457.0,618.0,415.0
1473,570.0,513.0,457.0,618.0,415.0
1474,570.0,513.0,457.0,618.0,415.0
1475,570.0,513.0,457.0,618.0,415.0
1476,570.0,513.0,457.0,618.0,415.0
1477,570.0,513.0,457.0,618.0,415.0
1478,570.0,513.0,457.0,618.0,415.0
1479,570.0,513.0,457.0,618.0,415.0
1480,570.0,513.0,457.0,618.0,415.0
1481,570.0,513.0,457.0,618.0,415.0
1482,570.0,513.0,457.0,618.0,415.0
1483,570.0,513.0,457.0,618.0,415.0
1484,570.0,513.0,457.0,618.0,415.0
1485,570.0,513.0,457.0,618.0,415.0
1486,570.0,513.0,457.0,618.0,415.0
1487,570.0,513.0,457.0,618.0,415.0
1488,570.0,513.0,457.0,618.0,415.0
1489,570.0,513.0,457.0,618.0,415.0
1490,570.0,513.0,457.0,618.0,415.0
1491,570.0,513.0,457.0,618.0,415.0
1492,570.0,513.0,457.0,618.0,415.0
1493,570.0,513.0,457.0,618.0,415.0
1494,570.0,513.0,457.0,618.0,415.0
1495,570.0,513.0,457.0,618.0,415.0
1496,570.0,513.0,457.0,618.0,415.0
1497,570.0,513.0,457.0,618.0,415.0
1498,570.0,513.0,457.0,618.0,415.0
1499,570.0,513.0,457.0,618.0,415.0
1500,570.0,513.0,457.0,618.0,415.0
1501,570.0,513.0,457.0,618.0,415.0
1502,570.0,513.0,457.0,618.0,415.0
1503,570.0,513.0,457.0,618.0,415.0
1504,570.0,513.0,457.0,618.0,415.0
1505,570.0,513.0,457.0,618.0,415.0
1506,570.0,513.0,457.0,618.0,415.0
1507,570.0,513.0,457.0,618.0,415.0
1508,570.0,513.0,457.0,618.0,415.0
1509,570.0,513.0,457.0,618.0,415.0
1510,570.0,513.0,457.0,618.0,415.0
1511,570.0,513.0,457.0,618.0,415.0
1512,570.0,513.0,457.0,618.0,415.0
1513,570.0,513.0,457.0,618.0,415.0
1514,570.0,513.0,457.0,618.0,415.0
1515,570.0,513.0,457.0,618.0,415.0
1516,570.0,513.0,457.0,618.0,415.0
1517,570.0,513.0,457.0,618.0,415.0
1518,570.0,513.0,457.0,618.0,415.0
1519,570.0,513.0,457.0,618.0,415.0
1520,570.0,513.0,457.0,618.0,415.0
1521,570.0,513.0,457.0,618.0,415.0
1522,570.0,513.0,457.0,618.0,415.0
1523,570.0,513.0,457.0,618.0,415.0
1524,570.0,513.0,457.0,618.0,415.0
1525,570.0,513.0,457.0,618.0,415.0
1526,570.0,513.0,457.0,618.0,415.0
1527,570.0,513.0,457.0,618.0,415.0
1528,570.0,513.0,457.0,618.0,415.0
1529,570.0,513.0,457.0,618.0,415.0
1530,570.0,513.0,457.0,618.0,415.0
1531,570.0,513.0,457.0,618.0,415.0
1532,570.0,513.0,457.0,618.0,415.0
1533,570.0,513.0,457.0,618.0,415.0
1534,570.0,513.0,457.0,618.0,415.0
1535,570.0,513.0,457.0,618.0,415.0
1536,570.0,513.0,457.0,618.0,415.0
1537,570.0,513.0,457.0,618.0,415.0
1538,570.0,513.0,457.0,618.0,415.0
1539,570.0,513.0,457.0,618.0,415.0
1540,570.0,513.0,457.0,618.0,415.0
1541,570.0,513.0,457.0,618.0,415.0
1542,570.0,513.0,457.0,618.0,415.0
1543,570.0,513.0,457.0,618.0,415.0
1544,570.0,513.0,457.0,618.0,415.0
1545,570.0,513.0,457.0,618.0,415.0
1546,570.0,513.0,457.0,618.0,415.0
1547,570.0,513.0,457.0,618.0,415.0
1548,570.0,513.0,457.0,618.0,415.0
1549,570.0,513.0,457.0,618.0,415.0
1550,570.0,513.0,457.0,618.0,415.0
1551,570.0,513.0,457.0,618.0,415.0
1552,570.0,513.0,457.0,618.0,415.0
1553,570.0,513.0,457.0,618.0,415.0
1554,570.0,513.0,457.0,618.0,415.0
1555,570.0,513.0,457.0,618.0,415.0
1556,570.0,513.0,457.0,618.0,415.0
1557,570.0,513.0,457.0,618.0,415.0
1558,570.0,513.0,457.0,618.0,415.0
1559,570.0,513.0,457.0,618.0,415.0
1560,570.0,513.0,457.0,618.0,415.0
1561,570.0,513.0,457.0,618.0,415.0
1562,570.0,513.0,457.0,618.0,415.0
1563,570.0,513.0,457.0,618.0,415.0
1564,570.0,513.0,457.0,618.0,415.0
1565,570.0,513.0,457.0,618.0,415.0
1566,570.0,513.0,457.0,618.0,415.0
1567,570.0,513.0,457.0,618.0,415.0
1568,570.0,513.0,457.0,618.0,415.0
1569,570.0,513.0,457.0,618.0,415.0
1570,570.0,513.0,457.0,618.0,415.0
1571,570.0,513.0,457.0,618.0,415.0
1572,570.0,513.0,457.0,618.0,415.0
1573,570.0,513.0,457.0,618.0,415.0
1574,570.0,513.0,457.0,618.0,415.0
1575,570.0,513.0,457.0,618.0,415.0
1576,570.0,513.0,457.0,618.0,415.0
1577,570.0,513.0,457.0,618.0,415.0
1578,570.0,513.0,457.0,618.0,415.0
1579,570.0,513.0,457.0,618.0,415.0
1580,570.0,513.0,457.0,618.0,415.0
1581,570.0,513.0,457.0,618.0,415.0
1582,570.0,513.0,457.0,618.0,415.0
1583,570.0,513.0,457.0,618.0,415.0
1584,570.0,513.0,457.0,618.0,415.0
1585,570.0,513.0,457.0,618.0,415.0
1586,570.0,513.0,457.0,618.0,415.0
1587,570.0,513.0,457.0,618.0,415.0
1588,570.0,513.0,457.0,618.0,415.0
1589,570.0,513.0,457.0,618.0,415.0
1590,570.0,513.0,457.0,618.0,415.0
1591,570.0,513.0,457.0,618.0,415.0
1592,570.0,513.0,457.0,618.0,415.0
1593,570.0,513.0,457.0,618.0,415.0
1594,570.0,513.0,457.0,618.0,415.0
1595,570.0,513.0,457.0,618.0,415.0
1596,570.0,513.0,457.0,618.0,415.0
1597,570.0,513.0,457.0,618.0,415.0
1598,570.0,513.0,457.0,618.0,415.0
1599,570.0,513.0,457.0,618.0,415.0
1600,570.0,513.0,457.0,618.0,415.0
1601,570.0,513.0,457.0,618.0,415.0
1602,570.0,513.0,457.0,618.0,415.0
1603,570.0,513.0,457.0,618.0,415.0
1604,570.0,513.0,457.0,618.0,415.0
1605,570.0,513.0,457.0,618.0,415.0
1606,570.0,513.0,457.0,618.0,415.0
1607,570.0,513.0,457.0,618.0,415.0
1608,570.0,513.0,457.0,618.0,415.0
1609,570.0,513.0,457.0,618.0,415.0
1610,570.0,513.0,457.0,618.0,415.0
1611,570.0,513.0,457.0,618.0,415.0
1612,570.0,513.0,457.0,618.0,415.0
1613,570.0,513.0,457.0,618.0,415.0
1614,570.0,513.0,457.0,618.0,415.0
1615,570.0,513.0,457.0,618.0,415.0
1616,570.0,513.0,457.0,618.0,415.0
1617,570.0,513.0,457.0,618.0,415.0
1618,570.0,513.0,457.0,618.0,415.0
1619,570.0,513.0,457.0,618.0,415.0
1620,570.0,513.0,457.0,618.0,415.0
1621,570.0,513.0,457.0,618.0,415.0
1622,570.0,513.0,457.0,618.0,415.0
1623,570.0,513.0,457.0,618.0,415.0
1624,570.0,513.0,457.0,618.0,415.0
1625,570.0,513.0,457.0,618.0,415.0
1626,570.0,513.0,457.0,618.0,415.0
1627,570.0,513.0,457.0,618.0,415.0
1628,570.0,513.0,457.0,618.0,415.0
1629,570.0,513.0,457.0,618.0,415.0
1630,570.0,513.0,457.0,618.0,415.0
1631,570.0,513.0,457.0,618.0,415.0
1632,570.0,513.0,457.0,618.0,415.0
1633,570.0,513.0,457.0,618.0,415.0
1634,570.0,513.0,457.0,618.0,415.0
1635,570.0,513.0,457.0,618.0,415.0
1636,570.0,513.0,457.0,618.0,415.0
1637,570.0,513.0,457.0,618.0,415.0
1638,570.0,513.0,457.0,618.0,415.0
1639,570.0,513.0,457.0,618.0,415.0
1640,570.0,513.0,457.0,618.0,415.0
1641,570.0,513.0,457.0,618.0,415.0
1642,570.0,513.0,457.0,618.0,415.0
1643,570.0,513.0,457.0,618.0,415.0
1644,570.0,513.0,457.0,618.0,415.0
1645,570.0,513.0,457.0,618.0,415.0
1646,570.0,513.0,457.0,618.0,415.0
1647,570.0,513.0,457.0,618.0,415.0
1648,570.0,513.0,457.0,618.0,415.0
1649,570.0,513.0,457.0,618.0,415.0
1650,570.0,513.0,457.0,618.0,415.0
1651,570.0,513.0,457.0,618.0,415.0
1652,570.0,513.0,457.0,618.0,415.0
1653,570.0,513.0,457.0,618.0,415.0
1654,570.0,513.0,457.0,618.0,415.0
1655,570.0,513.0,457.0,618.0,415.0
1656,570.0,513.0,457.0,618.0,415.0
1657,570.0,513.0,457.0,618.0,415.0
1658,570.0,513.0,457.0,618.0,415.0
1659,570.0,513.0,457.0,618.0,415.0
1660,570.0,513.0,457.0,618.0,415.0
1661,570.0,513.0,457.0,618.0,415.0
1662,570.0,513.0,457.0,618.0,415.0
1663,570.0,513.0,457.0,618.0,415.0
1664,570.0,513.0,457.0,618.0,415.0
1665,570.0,513.0,457.0,618.0,415.0
1666,570.0,513.0,457.0,618.0,415.0
1667,570.0,513.0,457.0,618.0,415.0
1668,570.0,513.0,457.0,618.0,415.0
1669,570.0,513.0,457.0,618.0,415.0
1670,570.0,513.0,457.0,618.0,415.0
1671,570.0,513.0,457.0,618.0,415.0
1672,570.0,513.0,457.0,618.0,415.0
1673,570.0,513.0,457.0,618.0,415.0
1674,570.0,513.0,457.0,618.0,415.0
1675,570.0,513.0,457.0,618.0,415.0
1676,570.0,513.0,457.0,618.0,415.0
1677,570.0,513.0,457.0,618.0,415.0
1678,570.0,513.0,457.0,618.0,415.0
1679,570.0,513.0,457.0,618.0,415.0
1680,570.0,513.0,457.0,618.0,415.0
1681,570.0,513.0,457.0,618.0,415.0
1682,570.0,513.0,457.0,618.0,415.0
1683,570.0,513.0,457.0,618.0,415.0
1684,570.0,513.0,457.0,618.0,415.0
1685,570.0,513.0,457.0,618.0,415.0
1686,570.0,513.0,457.0,618.0,415.0
1687,570.0,513.0,457.0,618.0,415.0
1688,570.0,513.0,457.0,618.0,415.0
1689,570.0,513.0,457.0,618.0,415.0
1690,570.0,513.0,457.0,618.0,415.0
1691,570.0,513.0,457.0,618.0,415.0
1692,570.0,513.0,457.0,618.0,415.0
1693,570.0,513.0,457.0,618.0,415.0
1694,570.0,513.0,457.0,618.0,415.0
1695,570.0,513.0,457.0,618.0,415.0
1696,570.0,513.0,457.0,618.0,415.0
1697,570.0,513.0,457.0,618.0,415.0
1698,570.0,513.0,457.0,618.0,415.0
1699,570.0,513.0,457.0,618.0,415.0
1700,570.0,513.0,457.0,618.0,415.0
1701,570.0,513.0,457.0,618.0,415.0
1702,570.0,513.0,457.0,618.0,415.0
1703,570.0,513.0,457.0,618.0,415.0
1704,570.0,513.0,457.0,618.0,415.0
1705,570.0,513.0,457.0,618.0,415.0
1706,570.0,513.0,457.0,618.0,415.0
1707,570.0,513.0,457.0,618.0,415.0
1708,570.0,513.0,457.0,618.0,415.0
1709,570.0,513.0,457.0,618.0,415.0
1710,570.0,513.0,457.0,618.0,415.0
1711,570.0,513.0,457.0,618.0,415.0
1712,570.0,513.0,457.0,618.0,415.0
1713,570.0,513.0,457.0,618.0,415.0
1714,570.0,513.0,457.0,618.0,415.0
1715,570.0,513.0,457.0,618.0,415.0
1716,570.0,513.0,457.0,618.0,415.0
1717,570.0,513.0,457.0,618.0,415.0
1718,570.0,513.0,457.0,618.0,415.0
1719,570.0,513.0,457.0,618.0,415.0
1720,570.0,513.0,457.0,618.0,415.0
1721,570.0,513.0,457.0,618.0,415.0
1722,570.0,513.0,457.0,618.0,415.0
1723,570.0,513.0,457.0,618.0,415.0
1724,570.0,513.0,457.0,618.0,415.0
1725,570.0,513.0,457.0,618.0,415.0
1726,570.0,513.0,457.0,618.0,415.0
1727,570.0,513.0,457.0,618.0,415.0
1728,570.0,513.0,457.0,618.0,415.0
1729,570.0,513.0,457.0,618.0,415.0
1730,570.0,513.0,457.0,618.0,415.0
1731,570.0,513.0,457.0,618.0,415.0
1732,570.0,513.0,457.0,618.0,415.0
1733,570.0,513.0,457.0,618.0,415.0
1734,570.0,513.0,457.0,618.0,415.0
1735,570.0,513.0,457.0,618.0,415.0
1736,570.0,513.0,457.0,618.0,415.0
1737,570.0,513.0,457.0,618.0,415.0
1738,570.0,513.0,457.0,618.0,415.0
1739,570.0,513.0,457.0,618.0,415.0
1740,570.0,513.0,457.0,618.0,415.0
1741,570.0,513.0,457.0,618.0,415.0
1742,570.0,513.0,457.0,618.0,415.0
1743,570.0,513.0,457.0,618.0,415.0
1744,570.0,513.0,457.0,618.0,415.0
1745,570.0,513.0,457.0,618.0,415.0
1746,570.0,513.0,457.0,618.0,415.0
1747,570.0,513.0,457.0,618.0,415.0
1748,570.0,513.0,457.0,618.0,415.0
1749,570.0,513.0,457.0,618.0,415.0
1750,570.0,513.0,457.0,618.0,415.0
1751,570.0,513.0,457.0,618.0,415.0
1752,570.0,513.0,457.0,618.0,415.0
1753,570.0,513.0,457.0,618.0,415.0
1754,570.0,513.0,457.0,618.0,415.0
1755,570.0,513.0,457.0,618.0,415.0
1756,570.0,513.0,457.0,618.0,415.0
1757,570.0,513.0,457.0,618.0,415.0
1758,570.0,513.0,457.0,618.0,415.0
1759,570.0,513.0,457.0,618.0,415.0
1760,570.0,513.0,457.0,618.0,415.0
1761,570.0,513.0,457.0,618.0,415.0
1762,570.0,513.0,457.0,618.0,415.0
1763,570.0,513.0,457.0,618.0,415.0
1764,570.0,513.0,457.0,618.0,415.0
1765,570.0,513.0,457.0,618.0,415.0
1766,570.0,513.0,457.0,618.0,415.0
1767,570.0,513.0,457.0,618.0,415.0
1768,570.0,513.0,457.0,618.0,415.0
1769,570.0,513.0,457.0,618.0,415.0
1770,570.0,513.0,457.0,618.0,415.0
1771,570.0,513.0,457.0,618.0,415.0
1772,570.0,513.0,457.0,618.0,415.0
1773,570.0,513.0,457.0,618.0,415.0
1774,570.0,513.0,457.0,618.0,415.0
1775,570.0,513.0,457.0,618.0,415.0
1776,570.0,513.0,457.0,618.0,415.0
1777,570.0,513.0,457.0,618.0,415.0
1778,570.0,513.0,457.0,618.0,415.0
1779,570.0,513.0,457.0,618.0,415.0
1780,570.0,513.0,457.0,618.0,415.0
1781,570.0,513.0,457.0,618.0,415.0
1782,570.0,513.0,457.0,618.0,415.0
1783,570.0,513.0,457.0,618.0,415.0
1784,570.0,513.0,457.0,618.0,415.0
1785,570.0,513.0,457.0,618.0,415.0
1786,570.0,513.0,457.0,618.0,415.0
1787,570.0,513.0,457.0,618.0,415.0
1788,570.0,513.0,457.0,618.0,415.0
1789,570.0,513.0,457.0,618.0,415.0
1790,570.0,513.0,457.0,618.0,415.0
1791,570.0,513.0,457.0,618.0,415.0
1792,570.0,513.0,457.0,618.0,415.0
1793,570.0,513.0,457.0,618.0,415.0
1794,570.0,513.0,457.0,618.0,415.0
1795,570.0,513.0,457.0,618.0,415.0
1796,570.0,513.0,457.0,618.0,415.0
1797,570.0,513.0,457.0,618.0,415.0
1798,570.0,513.0,457.0,618.0,415.0
1799,570.0,513.0,457.0,618.0,415.0
1800,570.0,513.0,457.0,618.0,415.0
1801,570.0,513.0,457.0,618.0,415.0
1802,570.0,513.0,457.0,618.0,415.0
1803,570.0,513.0,457.0,618.0,415.0
1804,570.0,513.0,457.0,618.0,415.0
1805,570.0,513.0,457.0,618.0,415.0
1806,570.0,513.0,457.0,618.0,415.0
1807,570.0,513.0,457.0,618.0,415.0
1808,570.0,513.0,457.0,618.0,415.0
1809,570.0,513.0,457.0,618.0,415.0
1810,570.0,513.0,457.0,618.0,415.0
1811,570.0,513.0,457.0,618.0,415.0
1812,570.0,513.0,457.0,618.0,415.0
1813,570.0,513.0,457.0,618.0,415.0
1814,570.0,513.0,457.0,618.0,415.0
1815,570.0,513.0,457.0,618.0,415.0
1816,570.0,513.0,457.0,618.0,415.0
1817,570.0,513.0,457.0,618.0,415.0
1818,570.0,513.0,457.0,618.0,415.0
1819,570.0,513.0,457.0,618.0,415.0
1820,570.0,513.0,457.0,618.0,415.0
1821,570.0,513.0,457.0,618.0,415.0
1822,570.0,513.0,457.0,618.0,415.0
1823,570.0,513.0,457.0,618.0,415.0
1824,570.0,513.0,457.0,618.0,415.0
1825,570.0,513.0,457.0,618.0,415.0
1826,570.0,513.0,457.0,618.0,415.0
1827,570.0,513.0,457.0,618.0,415.0
1828,570.0,513.0,457.0,618.0,415.0
1829,570.0,513.0,457.0,618.0,415.0
1830,570.0,513.0,457.0,618.0,415.0
1831,570.0,513.0,457.0,618.0,415.0
1832,570.0,513.0,457.0,618.0,415.0
1833,570.0,513.0,457.0,618.0,415.0
1834,570.0,513.0,457.0,618.0,415.0
1835,570.0,513.0,457.0,618.0,415.0
1836,570.0,513.0,457.0,618.0,415.0
1837,570.0,513.0,457.0,618.0,415.0
1838,570.0,513.0,457.0,618.0,415.0
1839,570.0,513.0,457.0,618.0,415.0
1840,570.0,513.0,457.0,618.0,415.0
1841,570.0,513.0,457.0,618.0,415.0
1842,570.0,513.0,457.0,618.0,415.0
1843,570.0,513.0,457.0,618.0,415.0
1844,570.0,513.0,457.0,618.0,415.0
1845,570.0,513.0,457.0,618.0,415.0
1846,570.0,513.0,457.0,618.0,415.0
1847,570.0,513.0,457.0,618.0,415.0
1848,570.0,513.0,457.0,618.0,415.0
1849,570.0,513.0,457.0,618.0,415.0
1850,570.0,513.0,457.0,618.0,415.0
1851,570.0,513.0,457.0,618.0,415.0
1852,570.0,513.0,457.0,618.0,415.0
1853,570.0,513.0,457.0,618.0,415.0
1854,570.0,513.0,457.0,618.0,415.0
1855,570.0,513.0,457.0,618.0,415.0
1856,570.0,513.0,457.0,618.0,415.0
1857,570.0,513.0,457.0,618.0,415.0
1858,570.0,513.0,457.0,618.0,415.0
1859,570.0,513.0,457.0,618.0,415.0
1860,570.0,513.0,457.0,618.0,415.0
1861,570.0,513.0,457.0,618.0,415.0
1862,570.0,513.0,457.0,618.0,415.0
1863,570.0,513.0,457.0,618.0,415.0
1864,570.0,513.0,457.0,618.0,415.0
1865,570.0,513.0,457.0,618.0,415.0
1866,570.0,513.0,457.0,618.0,415.0
1867,570.0,513.0,457.0,618.0,415.0
1868,570.0,513.0,457.0,618.0,415.0
1869,570.0,513.0,457.0,618.0,415.0
1870,570.0,513.0,457.0,618.0,415.0
1871,570.0,513.0,457.0,618.0,415.0
1872,570.0,513.0,457.0,618.0,415.0
1873,570.0,513.0,457.0,618.0,415.0
1874,570.0,513.0,457.0,618.0,415.0
1875,570.0,513.0,457.0,618.0,415.0
1876,570.0,513.0,457.0,618.0,415.0
1877,570.0,513.0,457.0,618.0,415.0
1878,570.0,513.0,457.0,618.0,415.0
1879,570.0,513.0,457.0,618.0,415.0
1880,570.0,513.0,457.0,618.0,415.0
1881,570.0,513.0,457.0,618.0,415.0
1882,570.0,513.0,457.0,618.0,415.0
1883,570.0,513.0,457.0,618.0,415.0
1884,570.0,513.0,457.0,618.0,415.0
1885,570.0,513.0,457.0,618.0,415.0
1886,570.0,513.0,457.0,618.0,415.0
1887,570.0,513.0,457.0,618.0,415.0
1888,570.0,513.0,457.0,618.0,415.0
1889,570.0,513.0,457.0,618.0,415.0
1890,570.0,513.0,457.0,618.0,415.0
1891,570.0,513.0,457.0,618.0,415.0
1892,570.0,513.0,457.0,618.0,415.0
1893,570.0,513.0,457.0,618.0,415.0
1894,570.0,513.0,457.0,618.0,415.0
1895,570.0,513.0,457.0,618.0,415.0
1896,570.0,513.0,457.0,618.0,415.0
1897,570.0,513.0,457.0,618.0,415.0
1898,570.0,513.0,457.0,618.0,415.0
1899,570.0,513.0,457.0,618.0,415.0
1900,570.0,513.0,457.0,618.0,415.0
1901,570.0,513.0,457.0,618.0,415.0
1902,570.0,513.0,457.0,618.0,415.0
1903,570.0,513.0,457.0,618.0,415.0
1904,570.0,513.0,457.0,618.0,415.0
1905,570.0,513.0,457.0,618.0,415.0
1906,570.0,513.0,457.0,618.0,415.0
1907,570.0,513.0,457.0,618.0,415.0
1908,570.0,513.0,457.0,618.0,415.0
1909,570.0,513.0,457.0,618.0,415.0
1910,570.0,513.0,457.0,618.0,415.0
1911,570.0,513.0,457.0,618.0,415.0
1912,570.0,513.0,457.0,618.0,415.0
1913,570.0,513.0,457.0,618.0,415.0
1914,570.0,513.0,457.0,618.0,415.0
1915,570.0,513.0,457.0,618.0,415.0
1916,570.0,513.0,457.0,618.0,415.0
1917,570.0,513.0,457.0,618.0,415.0
1918,570.0,513.0,457.0,618.0,415.0
1919,570.0,513.0,457.0,618.0,415.0
1920,570.0,513.0,457.0,618.0,415.0
