,b1
0,4667.0
1,4668.0
2,4705.0
3,4747.0
4,4787.0
5,4860.0
6,4908.0
7,4894.0
8,4901.0
9,4948.0
10,4975.0
11,4981.0
12,4993.0
13,5063.0
14,5034.0
15,5016.0
16,5009.0
17,5022.0
18,4959.0
19,4970.0
20,5011.0
21,4963.0
22,4979.0
23,4995.0
24,5019.0
25,4985.0
26,4922.0
27,4924.0
28,4904.0
29,4910.0
30,4934.0
31,4904.0
32,4893.0
33,4914.0
34,4886.0
35,4935.0
36,4910.0
37,4892.0
38,4883.0
39,4896.0
40,4899.0
41,4887.0
42,4889.0
43,4887.0
44,4863.0
45,4878.0
46,4903.0
47,4884.0
48,4899.0
49,4881.0
50,4899.0
51,4866.0
52,4874.0
53,4890.0
54,4873.0
55,4871.0
56,4873.0
57,4908.0
58,4911.0
59,4914.0
60,4932.0
61,4914.0
62,4926.0
63,4922.0
64,4863.0
65,4863.0
66,4858.0
67,4857.0
68,4839.0
69,4831.0
70,4818.0
71,4853.0
72,4856.0
73,4880.0
74,4864.0
75,4899.0
76,4870.0
77,4875.0
78,4894.0
79,4881.0
80,4868.0
81,4882.0
82,4899.0
83,4900.0
84,4912.0
85,4916.0
86,4903.0
87,4900.0
88,4851.0
89,4864.0
90,4847.0
91,4842.0
92,4861.0
93,4811.0
94,4833.0
95,4805.0
96,4799.0
97,4818.0
98,4791.0
99,4819.0
100,4792.0
101,4824.0
102,4831.0
103,4827.0
104,4849.0
105,4821.0
106,4827.0
107,4796.0
108,4834.0
109,4838.0
110,4820.0
111,4814.0
112,4808.0
113,4799.0
114,4805.0
115,4822.0
116,4820.0
117,4812.0
118,4790.0
119,4806.0
120,4822.0
121,4801.0
122,4837.0
123,4839.0
124,4813.0
125,4827.0
126,4822.0
127,4818.0
128,4818.0
129,4836.0
130,4831.0
131,4846.0
132,4827.0
133,4863.0
134,4851.0
135,4844.0
136,4861.0
137,4806.0
138,4803.0
139,4797.0
140,4794.0
141,4779.0
142,4802.0
143,4808.0
144,4822.0
145,4801.0
146,4803.0
147,4798.0
148,4813.0
149,4814.0
150,4829.0
151,4816.0
152,4827.0
153,4834.0
154,4832.0
155,4818.0
156,4832.0
157,4808.0
158,4809.0
159,4824.0
160,4784.0
161,4806.0
162,4793.0
163,4782.0
164,4769.0
165,4774.0
166,4755.0
167,4784.0
168,4790.0
169,4779.0
170,4758.0
171,4762.0
172,4782.0
173,4780.0
174,4786.0
175,4782.0
176,4770.0
177,4778.0
178,4795.0
179,4807.0
180,4800.0
181,4800.0
182,4812.0
183,4803.0
184,4765.0
185,4771.0
186,4753.0
187,4752.0
188,4765.0
189,4757.0
190,4749.0
191,4767.0
192,4773.0
193,4763.0
194,4771.0
195,4771.0
196,4766.0
197,4749.0
198,4761.0
199,4750.0
200,4761.0
201,4752.0
202,4772.0
203,4751.0
204,4789.0
205,4771.0
206,4781.0
207,4756.0
208,4744.0
209,4759.0
210,4749.0
211,4732.0
212,4735.0
213,4735.0
214,4720.0
215,4723.0
216,4732.0
217,4748.0
218,4751.0
219,4739.0
220,4721.0
221,4744.0
222,4734.0
223,4746.0
224,4746.0
225,4742.0
226,4743.0
227,4743.0
228,4765.0
229,4748.0
230,4775.0
231,4760.0
232,4754.0
233,4725.0
234,4737.0
235,4715.0
236,4724.0
237,4728.0
238,4721.0
239,4731.0
240,4729.0
241,4712.0
242,4728.0
243,4720.0
244,4746.0
245,4736.0
246,4735.0
247,4729.0
248,4737.0
249,4742.0
250,4726.0
251,4737.0
252,4729.0
253,4725.0
254,4739.0
255,4723.0
256,4724.0
257,4721.0
258,4725.0
259,4716.0
260,4710.0
261,4730.0
262,4707.0
263,4709.0
264,4721.0
265,4713.0
266,4729.0
267,4715.0
268,4711.0
269,4716.0
270,4726.0
271,4718.0
272,4717.0
273,4716.0
274,4722.0
275,4725.0
276,4715.0
277,4724.0
278,4723.0
279,4718.0
280,4715.0
281,4708.0
282,4706.0
283,4712.0
284,4722.0
285,4692.0
286,4714.0
287,4705.0
288,4709.0
289,4706.0
290,4715.0
291,4709.0
292,4712.0
293,4700.0
294,4712.0
295,4708.0
296,4707.0
297,4703.0
298,4709.0
299,4712.0
300,4700.0
301,4711.0
302,4719.0
303,4698.0
304,4705.0
305,4706.0
306,4704.0
307,4708.0
308,4696.0
309,4694.0
310,4707.0
311,4702.0
312,4716.0
313,4702.0
314,4700.0
315,4702.0
316,4702.0
317,4703.0
318,4709.0
319,4701.0
320,4696.0
321,4697.0
322,4706.0
323,4707.0
324,4704.0
325,4702.0
326,4703.0
327,4692.0
328,4693.0
329,4689.0
330,4697.0
331,4699.0
332,4690.0
333,4701.0
334,4695.0
335,4702.0
336,4692.0
337,4691.0
338,4698.0
339,4682.0
340,4697.0
341,4699.0
342,4701.0
343,4691.0
344,4693.0
345,4698.0
346,4700.0
347,4704.0
348,4696.0
349,4697.0
350,4685.0
351,4689.0
352,4695.0
353,4688.0
354,4692.0
355,4691.0
356,4691.0
357,4690.0
358,4690.0
359,4688.0
360,4689.0
361,4693.0
362,4697.0
363,4685.0
364,4684.0
365,4692.0
366,4689.0
367,4687.0
368,4697.0
369,4693.0
370,4696.0
371,4705.0
372,4699.0
373,4698.0
374,4687.0
375,4687.0
376,4691.0
377,4693.0
378,4691.0
379,4681.0
380,4693.0
381,4696.0
382,4694.0
383,4687.0
384,4687.0
385,4689.0
386,4690.0
387,4692.0
388,4685.0
389,4690.0
390,4684.0
391,4683.0
392,4688.0
393,4688.0
394,4686.0
395,4686.0
396,4695.0
397,4689.0
398,4693.0
399,4686.0
400,4688.0
401,4684.0
402,4688.0
403,4687.0
404,4682.0
405,4689.0
406,4683.0
407,4684.0
408,4688.0
409,4687.0
410,4685.0
411,4680.0
412,4693.0
413,4686.0
414,4694.0
415,4691.0
416,4686.0
417,4688.0
418,4688.0
419,4685.0
420,4689.0
421,4690.0
422,4692.0
423,4690.0
424,4693.0
425,4687.0
426,4681.0
427,4685.0
428,4680.0
429,4679.0
430,4682.0
431,4678.0
432,4682.0
433,4679.0
434,4676.0
435,4676.0
436,4684.0
437,4684.0
438,4678.0
439,4686.0
440,4680.0
441,4675.0
442,4679.0
443,4682.0
444,4686.0
445,4688.0
446,4683.0
447,4678.0
448,4679.0
449,4682.0
450,4679.0
451,4677.0
452,4677.0
453,4681.0
454,4674.0
455,4688.0
456,4679.0
457,4675.0
458,4674.0
459,4680.0
460,4675.0
461,4681.0
462,4673.0
463,4680.0
464,4680.0
465,4681.0
466,4682.0
467,4679.0
468,4673.0
469,4680.0
470,4681.0
471,4681.0
472,4681.0
473,4675.0
474,4671.0
475,4677.0
476,4677.0
477,4672.0
478,4677.0
479,4675.0
480,4674.0
481,4674.0
482,4675.0
483,4673.0
484,4681.0
485,4678.0
486,4674.0
487,4676.0
488,4673.0
489,4675.0
490,4683.0
491,4681.0
492,4681.0
493,4682.0
494,4679.0
495,4676.0
496,4674.0
497,4680.0
498,4673.0
499,4678.0
500,4676.0
501,4678.0
502,4673.0
503,4675.0
504,4676.0
505,4678.0
506,4672.0
507,4682.0
508,4675.0
509,4672.0
510,4675.0
511,4678.0
512,4674.0
513,4677.0
514,4680.0
515,4676.0
516,4671.0
517,4672.0
518,4673.0
519,4676.0
520,4676.0
521,4675.0
522,4674.0
523,4673.0
524,4671.0
525,4680.0
526,4674.0
527,4674.0
528,4674.0
529,4671.0
530,4671.0
531,4670.0
532,4672.0
533,4673.0
534,4673.0
535,4677.0
536,4670.0
537,4674.0
538,4672.0
539,4677.0
540,4678.0
541,4673.0
542,4677.0
543,4678.0
544,4672.0
545,4678.0
546,4670.0
547,4675.0
548,4671.0
549,4673.0
550,4670.0
551,4674.0
552,4671.0
553,4671.0
554,4675.0
555,4674.0
556,4675.0
557,4673.0
558,4675.0
559,4671.0
560,4674.0
561,4673.0
562,4670.0
563,4678.0
564,4674.0
565,4672.0
566,4676.0
567,4677.0
568,4673.0
569,4674.0
570,4671.0
571,4673.0
572,4670.0
573,4677.0
574,4672.0
575,4668.0
576,4675.0
577,4669.0
578,4670.0
579,4671.0
580,4673.0
581,4668.0
582,4674.0
583,4669.0
584,4668.0
585,4670.0
586,4676.0
587,4670.0
588,4672.0
589,4670.0
590,4674.0
591,4671.0
592,4673.0
593,4675.0
594,4670.0
595,4670.0
596,4673.0
597,4672.0
598,4673.0
599,4668.0
600,4669.0
601,4669.0
602,4672.0
603,4672.0
604,4672.0
605,4669.0
606,4676.0
607,4670.0
608,4668.0
609,4669.0
610,4668.0
611,4671.0
612,4675.0
613,4671.0
614,4670.0
615,4671.0
616,4668.0
617,4672.0
618,4670.0
619,4670.0
620,4669.0
621,4668.0
622,4671.0
623,4670.0
624,4672.0
625,4670.0
626,4667.0
627,4671.0
628,4668.0
629,4670.0
630,4670.0
631,4669.0
632,4671.0
633,4669.0
634,4668.0
635,4672.0
636,4671.0
637,4670.0
638,4671.0
639,4670.0
640,4670.0
641,4670.0
642,4668.0
643,4670.0
644,4669.0
645,4672.0
646,4672.0
647,4672.0
648,4671.0
649,4669.0
650,4671.0
651,4668.0
652,4670.0
653,4670.0
654,4670.0
655,4669.0
656,4671.0
657,4668.0
658,4671.0
659,4670.0
660,4672.0
661,4671.0
662,4672.0
663,4670.0
664,4672.0
665,4672.0
666,4667.0
667,4670.0
668,4670.0
669,4671.0
670,4671.0
671,4669.0
672,4670.0
673,4672.0
674,4669.0
675,4672.0
676,4668.0
677,4668.0
678,4668.0
679,4671.0
680,4669.0
681,4670.0
682,4671.0
683,4670.0
684,4672.0
685,4669.0
686,4669.0
687,4669.0
688,4670.0
689,4671.0
690,4669.0
691,4669.0
692,4670.0
693,4672.0
694,4667.0
695,4669.0
696,4670.0
697,4669.0
698,4668.0
699,4668.0
700,4669.0
701,4672.0
702,4669.0
703,4669.0
704,4670.0
705,4668.0
706,4669.0
707,4670.0
708,4671.0
709,4672.0
710,4667.0
711,4670.0
712,4670.0
713,4668.0
714,4668.0
715,4668.0
716,4668.0
717,4671.0
718,4671.0
719,4670.0
720,4672.0
721,4667.0
722,4667.0
723,4667.0
724,4667.0
725,4667.0
726,4667.0
727,4667.0
728,4667.0
729,4667.0
730,4667.0
731,4667.0
732,4667.0
733,4667.0
734,4667.0
735,4667.0
736,4667.0
737,4667.0
738,4667.0
739,4667.0
740,4667.0
741,4667.0
742,4667.0
743,4667.0
744,4667.0
745,4667.0
746,4667.0
747,4667.0
748,4667.0
749,4667.0
750,4667.0
751,4667.0
752,4667.0
753,4667.0
754,4667.0
755,4667.0
756,4667.0
757,4667.0
758,4667.0
759,4667.0
760,4667.0
761,4667.0
762,4667.0
763,4667.0
764,4667.0
765,4667.0
766,4667.0
767,4667.0
768,4667.0
769,4667.0
770,4667.0
771,4667.0
772,4667.0
773,4667.0
774,4667.0
775,4667.0
776,4667.0
777,4667.0
778,4667.0
779,4667.0
780,4667.0
781,4667.0
782,4667.0
783,4667.0
784,4667.0
785,4667.0
786,4667.0
787,4667.0
788,4667.0
789,4667.0
790,4667.0
791,4667.0
792,4667.0
793,4667.0
794,4667.0
795,4667.0
796,4667.0
797,4667.0
798,4667.0
799,4667.0
800,4667.0
801,4667.0
802,4667.0
803,4667.0
804,4667.0
805,4667.0
806,4667.0
807,4667.0
808,4667.0
809,4667.0
810,4667.0
811,4667.0
812,4667.0
813,4667.0
814,4667.0
815,4667.0
816,4667.0
817,4667.0
818,4667.0
819,4667.0
820,4667.0
821,4667.0
822,4667.0
823,4667.0
824,4667.0
825,4667.0
826,4667.0
827,4667.0
828,4667.0
829,4667.0
830,4667.0
831,4667.0
832,4667.0
833,4667.0
834,4667.0
835,4667.0
836,4667.0
837,4667.0
838,4667.0
839,4667.0
840,4667.0
841,4667.0
842,4667.0
843,4667.0
844,4667.0
845,4667.0
846,4667.0
847,4667.0
848,4667.0
849,4667.0
850,4667.0
851,4667.0
852,4667.0
853,4667.0
854,4667.0
855,4667.0
856,4667.0
857,4667.0
858,4667.0
859,4667.0
860,4667.0
861,4667.0
862,4667.0
863,4667.0
864,4667.0
865,4667.0
866,4667.0
867,4667.0
868,4667.0
869,4667.0
870,4667.0
871,4667.0
872,4667.0
873,4667.0
874,4667.0
875,4667.0
876,4667.0
877,4667.0
878,4667.0
879,4667.0
880,4667.0
881,4667.0
882,4667.0
883,4667.0
884,4667.0
885,4667.0
886,4667.0
887,4667.0
888,4667.0
889,4667.0
890,4667.0
891,4667.0
892,4667.0
893,4667.0
894,4667.0
895,4667.0
896,4667.0
897,4667.0
898,4667.0
899,4667.0
900,4667.0
901,4667.0
902,4667.0
903,4667.0
904,4667.0
905,4667.0
906,4667.0
907,4667.0
908,4667.0
909,4667.0
910,4667.0
911,4667.0
912,4667.0
913,4667.0
914,4667.0
915,4667.0
916,4667.0
917,4667.0
918,4667.0
919,4667.0
920,4667.0
921,4667.0
922,4667.0
923,4667.0
924,4667.0
925,4667.0
926,4667.0
927,4667.0
928,4667.0
929,4667.0
930,4667.0
931,4667.0
932,4667.0
933,4667.0
934,4667.0
935,4667.0
936,4667.0
937,4667.0
938,4667.0
939,4667.0
940,4667.0
941,4667.0
942,4667.0
943,4667.0
944,4667.0
945,4667.0
946,4667.0
947,4667.0
948,4667.0
949,4667.0
950,4667.0
951,4667.0
952,4667.0
953,4667.0
954,4667.0
955,4667.0
956,4667.0
957,4667.0
958,4667.0
959,4667.0
960,4667.0
961,4667.0
962,4667.0
963,4667.0
964,4667.0
965,4667.0
966,4667.0
967,4667.0
968,4667.0
969,4667.0
970,4667.0
971,4667.0
972,4667.0
973,4667.0
974,4667.0
975,4667.0
976,4667.0
977,4667.0
978,4667.0
979,4667.0
980,4667.0
981,4667.0
982,4667.0
983,4667.0
984,4667.0
985,4667.0
986,4667.0
987,4667.0
988,4667.0
989,4667.0
990,4667.0
991,4667.0
992,4667.0
993,4667.0
994,4667.0
995,4667.0
996,4667.0
997,4667.0
998,4667.0
999,4667.0
1000,4667.0
1001,4667.0
1002,4667.0
1003,4667.0
1004,4667.0
1005,4667.0
1006,4667.0
1007,4667.0
1008,4667.0
1009,4667.0
1010,4667.0
1011,4667.0
1012,4667.0
1013,4667.0
1014,4667.0
1015,4667.0
1016,4667.0
1017,4667.0
1018,4667.0
1019,4667.0
1020,4667.0
1021,4667.0
1022,4667.0
1023,4667.0
1024,4667.0
1025,4667.0
1026,4667.0
1027,4667.0
1028,4667.0
1029,4667.0
1030,4667.0
1031,4667.0
1032,4667.0
1033,4667.0
1034,4667.0
1035,4667.0
1036,4667.0
1037,4667.0
1038,4667.0
1039,4667.0
1040,4667.0
1041,4667.0
1042,4667.0
1043,4667.0
1044,4667.0
1045,4667.0
1046,4667.0
1047,4667.0
1048,4667.0
1049,4667.0
1050,4667.0
1051,4667.0
1052,4667.0
1053,4667.0
1054,4667.0
1055,4667.0
1056,4667.0
1057,4667.0
1058,4667.0
1059,4667.0
1060,4667.0
1061,4667.0
1062,4667.0
1063,4667.0
1064,4667.0
1065,4667.0
1066,4667.0
1067,4667.0
1068,4667.0
1069,4667.0
1070,4667.0
1071,4667.0
1072,4667.0
1073,4667.0
1074,4667.0
1075,4667.0
1076,4667.0
1077,4667.0
1078,4667.0
1079,4667.0
1080,4667.0
1081,4667.0
1082,4667.0
1083,4667.0
1084,4667.0
1085,4667.0
1086,4667.0
1087,4667.0
1088,4667.0
1089,4667.0
1090,4667.0
1091,4667.0
1092,4667.0
1093,4667.0
1094,4667.0
1095,4667.0
1096,4667.0
1097,4667.0
1098,4667.0
1099,4667.0
1100,4667.0
1101,4667.0
1102,4667.0
1103,4667.0
1104,4667.0
1105,4667.0
1106,4667.0
1107,4667.0
1108,4667.0
1109,4667.0
1110,4667.0
1111,4667.0
1112,4667.0
1113,4667.0
1114,4667.0
1115,4667.0
1116,4667.0
1117,4667.0
1118,4667.0
1119,4667.0
1120,4667.0
1121,4667.0
1122,4667.0
1123,4667.0
1124,4667.0
1125,4667.0
1126,4667.0
1127,4667.0
1128,4667.0
1129,4667.0
1130,4667.0
1131,4667.0
1132,4667.0
1133,4667.0
1134,4667.0
1135,4667.0
1136,4667.0
1137,4667.0
1138,4667.0
1139,4667.0
1140,4667.0
1141,4667.0
1142,4667.0
1143,4667.0
1144,4667.0
1145,4667.0
1146,4667.0
1147,4667.0
1148,4667.0
1149,4667.0
1150,4667.0
1151,4667.0
1152,4667.0
1153,4667.0
1154,4667.0
1155,4667.0
1156,4667.0
1157,4667.0
1158,4667.0
1159,4667.0
1160,4667.0
1161,4667.0
1162,4667.0
1163,4667.0
1164,4667.0
1165,4667.0
1166,4667.0
1167,4667.0
1168,4667.0
1169,4667.0
1170,4667.0
1171,4667.0
1172,4667.0
1173,4667.0
1174,4667.0
1175,4667.0
1176,4667.0
1177,4667.0
1178,4667.0
1179,4667.0
1180,4667.0
1181,4667.0
1182,4667.0
1183,4667.0
1184,4667.0
1185,4667.0
1186,4667.0
1187,4667.0
1188,4667.0
1189,4667.0
1190,4667.0
1191,4667.0
1192,4667.0
1193,4667.0
1194,4667.0
1195,4667.0
1196,4667.0
1197,4667.0
1198,4667.0
1199,4667.0
1200,4667.0
1201,4667.0
1202,4667.0
1203,4667.0
1204,4667.0
1205,4667.0
1206,4667.0
1207,4667.0
1208,4667.0
1209,4667.0
1210,4667.0
1211,4667.0
1212,4667.0
1213,4667.0
1214,4667.0
1215,4667.0
1216,4667.0
1217,4667.0
1218,4667.0
1219,4667.0
1220,4667.0
1221,4667.0
1222,4667.0
1223,4667.0
1224,4667.0
1225,4667.0
1226,4667.0
1227,4667.0
1228,4667.0
1229,4667.0
1230,4667.0
1231,4667.0
1232,4667.0
1233,4667.0
1234,4667.0
1235,4667.0
1236,4667.0
1237,4667.0
1238,4667.0
1239,4667.0
1240,4667.0
1241,4667.0
1242,4667.0
1243,4667.0
1244,4667.0
1245,4667.0
1246,4667.0
1247,4667.0
1248,4667.0
1249,4667.0
1250,4667.0
1251,4667.0
1252,4667.0
1253,4667.0
1254,4667.0
1255,4667.0
1256,4667.0
1257,4667.0
1258,4667.0
1259,4667.0
1260,4667.0
1261,4667.0
1262,4667.0
1263,4667.0
1264,4667.0
1265,4667.0
1266,4667.0
1267,4667.0
1268,4667.0
1269,4667.0
1270,4667.0
1271,4667.0
1272,4667.0
1273,4667.0
1274,4667.0
1275,4667.0
1276,4667.0
1277,4667.0
1278,4667.0
1279,4667.0
1280,4667.0
1281,4667.0
1282,4667.0
1283,4667.0
1284,4667.0
1285,4667.0
1286,4667.0
1287,4667.0
1288,4667.0
1289,4667.0
1290,4667.0
1291,4667.0
1292,4667.0
1293,4667.0
1294,4667.0
1295,4667.0
1296,4667.0
1297,4667.0
1298,4667.0
1299,4667.0
1300,4667.0
1301,4667.0
1302,4667.0
1303,4667.0
1304,4667.0
1305,4667.0
1306,4667.0
1307,4667.0
1308,4667.0
1309,4667.0
1310,4667.0
1311,4667.0
1312,4667.0
1313,4667.0
1314,4667.0
1315,4667.0
1316,4667.0
1317,4667.0
1318,4667.0
1319,4667.0
1320,4667.0
1321,4667.0
1322,4667.0
1323,4667.0
1324,4667.0
1325,4667.0
1326,4667.0
1327,4667.0
1328,4667.0
1329,4667.0
1330,4667.0
1331,4667.0
1332,4667.0
1333,4667.0
1334,4667.0
1335,4667.0
1336,4667.0
1337,4667.0
1338,4667.0
1339,4667.0
1340,4667.0
1341,4667.0
1342,4667.0
1343,4667.0
1344,4667.0
1345,4667.0
1346,4667.0
1347,4667.0
1348,4667.0
1349,4667.0
1350,4667.0
1351,4667.0
1352,4667.0
1353,4667.0
1354,4667.0
1355,4667.0
1356,4667.0
1357,4667.0
1358,4667.0
1359,4667.0
1360,4667.0
1361,4667.0
1362,4667.0
1363,4667.0
1364,4667.0
1365,4667.0
1366,4667.0
1367,4667.0
1368,4667.0
1369,4667.0
1370,4667.0
1371,4667.0
1372,4667.0
1373,4667.0
1374,4667.0
1375,4667.0
1376,4667.0
1377,4667.0
1378,4667.0
1379,4667.0
1380,4667.0
1381,4667.0
1382,4667.0
1383,4667.0
1384,4667.0
1385,4667.0
1386,4667.0
1387,4667.0
1388,4667.0
1389,4667.0
1390,4667.0
1391,4667.0
1392,4667.0
1393,4667.0
1394,4667.0
1395,4667.0
1396,4667.0
1397,4667.0
1398,4667.0
1399,4667.0
1400,4667.0
1401,4667.0
1402,4667.0
1403,4667.0
1404,4667.0
1405,4667.0
1406,4667.0
1407,4667.0
1408,4667.0
1409,4667.0
1410,4667.0
1411,4667.0
1412,4667.0
1413,4667.0
1414,4667.0
1415,4667.0
1416,4667.0
1417,4667.0
1418,4667.0
1419,4667.0
1420,4667.0
1421,4667.0
1422,4667.0
1423,4667.0
1424,4667.0
1425,4667.0
1426,4667.0
1427,4667.0
1428,4667.0
1429,4667.0
1430,4667.0
1431,4667.0
1432,4667.0
1433,4667.0
1434,4667.0
1435,4667.0
1436,4667.0
1437,4667.0
1438,4667.0
1439,4667.0
1440,4667.0
1441,4667.0
1442,4667.0
1443,4667.0
1444,4667.0
1445,4667.0
1446,4667.0
1447,4667.0
1448,4667.0
1449,4667.0
1450,4667.0
1451,4667.0
1452,4667.0
1453,4667.0
1454,4667.0
1455,4667.0
1456,4667.0
1457,4667.0
1458,4667.0
1459,4667.0
1460,4667.0
1461,4667.0
1462,4667.0
1463,4667.0
1464,4667.0
1465,4667.0
1466,4667.0
1467,4667.0
1468,4667.0
1469,4667.0
1470,4667.0
1471,4667.0
1472,4667.0
1473,4667.0
1474,4667.0
1475,4667.0
1476,4667.0
1477,4667.0
1478,4667.0
1479,4667.0
1480,4667.0
1481,4667.0
1482,4667.0
1483,4667.0
1484,4667.0
1485,4667.0
1486,4667.0
1487,4667.0
1488,4667.0
1489,4667.0
1490,4667.0
1491,4667.0
1492,4667.0
1493,4667.0
1494,4667.0
1495,4667.0
1496,4667.0
1497,4667.0
1498,4667.0
1499,4667.0
1500,4667.0
1501,4667.0
1502,4667.0
1503,4667.0
1504,4667.0
1505,4667.0
1506,4667.0
1507,4667.0
1508,4667.0
1509,4667.0
1510,4667.0
1511,4667.0
1512,4667.0
1513,4667.0
1514,4667.0
1515,4667.0
1516,4667.0
1517,4667.0
1518,4667.0
1519,4667.0
1520,4667.0
1521,4667.0
1522,4667.0
1523,4667.0
1524,4667.0
1525,4667.0
1526,4667.0
1527,4667.0
1528,4667.0
1529,4667.0
1530,4667.0
1531,4667.0
1532,4667.0
1533,4667.0
1534,4667.0
1535,4667.0
1536,4667.0
1537,4667.0
1538,4667.0
1539,4667.0
1540,4667.0
1541,4667.0
1542,4667.0
1543,4667.0
1544,4667.0
1545,4667.0
1546,4667.0
1547,4667.0
1548,4667.0
1549,4667.0
1550,4667.0
1551,4667.0
1552,4667.0
1553,4667.0
1554,4667.0
1555,4667.0
1556,4667.0
1557,4667.0
1558,4667.0
1559,4667.0
1560,4667.0
1561,4667.0
1562,4667.0
1563,4667.0
1564,4667.0
1565,4667.0
1566,4667.0
1567,4667.0
1568,4667.0
1569,4667.0
1570,4667.0
1571,4667.0
1572,4667.0
1573,4667.0
1574,4667.0
1575,4667.0
1576,4667.0
1577,4667.0
1578,4667.0
1579,4667.0
1580,4667.0
1581,4667.0
1582,4667.0
1583,4667.0
1584,4667.0
1585,4667.0
1586,4667.0
1587,4667.0
1588,4667.0
1589,4667.0
1590,4667.0
1591,4667.0
1592,4667.0
1593,4667.0
1594,4667.0
1595,4667.0
1596,4667.0
1597,4667.0
1598,4667.0
1599,4667.0
1600,4667.0
1601,4667.0
1602,4667.0
1603,4667.0
1604,4667.0
1605,4667.0
1606,4667.0
1607,4667.0
1608,4667.0
1609,4667.0
1610,4667.0
1611,4667.0
1612,4667.0
1613,4667.0
1614,4667.0
1615,4667.0
1616,4667.0
1617,4667.0
1618,4667.0
1619,4667.0
1620,4667.0
1621,4667.0
1622,4667.0
1623,4667.0
1624,4667.0
1625,4667.0
1626,4667.0
1627,4667.0
1628,4667.0
1629,4667.0
1630,4667.0
1631,4667.0
1632,4667.0
1633,4667.0
1634,4667.0
1635,4667.0
1636,4667.0
1637,4667.0
1638,4667.0
1639,4667.0
1640,4667.0
1641,4667.0
1642,4667.0
1643,4667.0
1644,4667.0
1645,4667.0
1646,4667.0
1647,4667.0
1648,4667.0
1649,4667.0
1650,4667.0
1651,4667.0
1652,4667.0
1653,4667.0
1654,4667.0
1655,4667.0
1656,4667.0
1657,4667.0
1658,4667.0
1659,4667.0
1660,4667.0
1661,4667.0
1662,4667.0
1663,4667.0
1664,4667.0
1665,4667.0
1666,4667.0
1667,4667.0
1668,4667.0
1669,4667.0
1670,4667.0
1671,4667.0
1672,4667.0
1673,4667.0
1674,4667.0
1675,4667.0
1676,4667.0
1677,4667.0
1678,4667.0
1679,4667.0
1680,4667.0
1681,4667.0
1682,4667.0
1683,4667.0
1684,4667.0
1685,4667.0
1686,4667.0
1687,4667.0
1688,4667.0
1689,4667.0
1690,4667.0
1691,4667.0
1692,4667.0
1693,4667.0
1694,4667.0
1695,4667.0
1696,4667.0
1697,4667.0
1698,4667.0
1699,4667.0
1700,4667.0
1701,4667.0
1702,4667.0
1703,4667.0
1704,4667.0
1705,4667.0
1706,4667.0
1707,4667.0
1708,4667.0
1709,4667.0
1710,4667.0
1711,4667.0
1712,4667.0
1713,4667.0
1714,4667.0
1715,4667.0
1716,4667.0
1717,4667.0
1718,4667.0
1719,4667.0
1720,4667.0
1721,4667.0
1722,4667.0
1723,4667.0
1724,4667.0
1725,4667.0
1726,4667.0
1727,4667.0
1728,4667.0
1729,4667.0
1730,4667.0
1731,4667.0
1732,4667.0
1733,4667.0
1734,4667.0
1735,4667.0
1736,4667.0
1737,4667.0
1738,4667.0
1739,4667.0
1740,4667.0
1741,4667.0
1742,4667.0
1743,4667.0
1744,4667.0
1745,4667.0
1746,4667.0
1747,4667.0
1748,4667.0
1749,4667.0
1750,4667.0
1751,4667.0
1752,4667.0
1753,4667.0
1754,4667.0
1755,4667.0
1756,4667.0
1757,4667.0
1758,4667.0
1759,4667.0
1760,4667.0
1761,4667.0
1762,4667.0
1763,4667.0
1764,4667.0
1765,4667.0
1766,4667.0
1767,4667.0
1768,4667.0
1769,4667.0
1770,4667.0
1771,4667.0
1772,4667.0
1773,4667.0
1774,4667.0
1775,4667.0
1776,4667.0
1777,4667.0
1778,4667.0
1779,4667.0
1780,4667.0
1781,4667.0
1782,4667.0
1783,4667.0
1784,4667.0
1785,4667.0
1786,4667.0
1787,4667.0
1788,4667.0
1789,4667.0
1790,4667.0
1791,4667.0
1792,4667.0
1793,4667.0
1794,4667.0
1795,4667.0
1796,4667.0
1797,4667.0
1798,4667.0
1799,4667.0
1800,4667.0
1801,4667.0
1802,4667.0
1803,4667.0
1804,4667.0
1805,4667.0
1806,4667.0
1807,4667.0
1808,4667.0
1809,4667.0
1810,4667.0
1811,4667.0
1812,4667.0
1813,4667.0
1814,4667.0
1815,4667.0
1816,4667.0
1817,4667.0
1818,4667.0
1819,4667.0
1820,4667.0
1821,4667.0
1822,4667.0
1823,4667.0
1824,4667.0
1825,4667.0
1826,4667.0
1827,4667.0
1828,4667.0
1829,4667.0
1830,4667.0
1831,4667.0
1832,4667.0
1833,4667.0
1834,4667.0
1835,4667.0
1836,4667.0
1837,4667.0
1838,4667.0
1839,4667.0
1840,4667.0
1841,4667.0
1842,4667.0
1843,4667.0
1844,4667.0
1845,4667.0
1846,4667.0
1847,4667.0
1848,4667.0
1849,4667.0
1850,4667.0
1851,4667.0
1852,4667.0
1853,4667.0
1854,4667.0
1855,4667.0
1856,4667.0
1857,4667.0
1858,4667.0
1859,4667.0
1860,4667.0
1861,4667.0
1862,4667.0
1863,4667.0
1864,4667.0
1865,4667.0
1866,4667.0
1867,4667.0
1868,4667.0
1869,4667.0
1870,4667.0
1871,4667.0
1872,4667.0
1873,4667.0
1874,4667.0
1875,4667.0
1876,4667.0
1877,4667.0
1878,4667.0
1879,4667.0
1880,4667.0
1881,4667.0
1882,4667.0
1883,4667.0
1884,4667.0
1885,4667.0
1886,4667.0
1887,4667.0
1888,4667.0
1889,4667.0
1890,4667.0
1891,4667.0
1892,4667.0
1893,4667.0
1894,4667.0
1895,4667.0
1896,4667.0
1897,4667.0
1898,4667.0
1899,4667.0
1900,4667.0
1901,4667.0
1902,4667.0
1903,4667.0
1904,4667.0
1905,4667.0
1906,4667.0
1907,4667.0
1908,4667.0
1909,4667.0
1910,4667.0
1911,4667.0
1912,4667.0
1913,4667.0
1914,4667.0
1915,4667.0
1916,4667.0
1917,4667.0
1918,4667.0
1919,4667.0
1920,4667.0
1921,4667.0
1922,4667.0
1923,4667.0
1924,4667.0
1925,4667.0
1926,4667.0
1927,4667.0
1928,4667.0
1929,4667.0
1930,4667.0
1931,4667.0
1932,4667.0
1933,4667.0
1934,4667.0
1935,4667.0
1936,4667.0
1937,4667.0
1938,4667.0
1939,4667.0
1940,4667.0
1941,4667.0
1942,4667.0
1943,4667.0
1944,4667.0
1945,4667.0
1946,4667.0
1947,4667.0
1948,4667.0
1949,4667.0
1950,4667.0
1951,4667.0
1952,4667.0
1953,4667.0
1954,4667.0
1955,4667.0
1956,4667.0
1957,4667.0
1958,4667.0
1959,4667.0
1960,4667.0
1961,4667.0
1962,4667.0
1963,4667.0
1964,4667.0
1965,4667.0
1966,4667.0
1967,4667.0
1968,4667.0
1969,4667.0
1970,4667.0
1971,4667.0
1972,4667.0
1973,4667.0
1974,4667.0
1975,4667.0
1976,4667.0
1977,4667.0
1978,4667.0
1979,4667.0
1980,4667.0
1981,4667.0
1982,4667.0
1983,4667.0
1984,4667.0
1985,4667.0
1986,4667.0
1987,4667.0
1988,4667.0
1989,4667.0
1990,4667.0
1991,4667.0
1992,4667.0
1993,4667.0
1994,4667.0
1995,4667.0
1996,4667.0
1997,4667.0
1998,4667.0
1999,4667.0
2000,4667.0
2001,4667.0
2002,4667.0
2003,4667.0
2004,4667.0
2005,4667.0
2006,4667.0
2007,4667.0
2008,4667.0
2009,4667.0
2010,4667.0
2011,4667.0
2012,4667.0
2013,4667.0
2014,4667.0
2015,4667.0
2016,4667.0
2017,4667.0
2018,4667.0
2019,4667.0
2020,4667.0
2021,4667.0
2022,4667.0
2023,4667.0
2024,4667.0
2025,4667.0
2026,4667.0
2027,4667.0
2028,4667.0
2029,4667.0
2030,4667.0
2031,4667.0
2032,4667.0
2033,4667.0
2034,4667.0
2035,4667.0
2036,4667.0
2037,4667.0
2038,4667.0
2039,4667.0
2040,4667.0
2041,4667.0
2042,4667.0
2043,4667.0
2044,4667.0
2045,4667.0
2046,4667.0
2047,4667.0
2048,4667.0
2049,4667.0
2050,4667.0
2051,4667.0
2052,4667.0
2053,4667.0
2054,4667.0
2055,4667.0
2056,4667.0
2057,4667.0
2058,4667.0
2059,4667.0
2060,4667.0
2061,4667.0
2062,4667.0
2063,4667.0
2064,4667.0
2065,4667.0
2066,4667.0
2067,4667.0
2068,4667.0
2069,4667.0
2070,4667.0
2071,4667.0
2072,4667.0
2073,4667.0
2074,4667.0
2075,4667.0
2076,4667.0
2077,4667.0
2078,4667.0
2079,4667.0
2080,4667.0
2081,4667.0
2082,4667.0
2083,4667.0
2084,4667.0
2085,4667.0
2086,4667.0
2087,4667.0
2088,4667.0
2089,4667.0
2090,4667.0
2091,4667.0
2092,4667.0
2093,4667.0
2094,4667.0
2095,4667.0
2096,4667.0
2097,4667.0
2098,4667.0
2099,4667.0
2100,4667.0
2101,4667.0
2102,4667.0
2103,4667.0
2104,4667.0
2105,4667.0
2106,4667.0
2107,4667.0
2108,4667.0
2109,4667.0
2110,4667.0
2111,4667.0
2112,4667.0
2113,4667.0
2114,4667.0
2115,4667.0
2116,4667.0
2117,4667.0
2118,4667.0
2119,4667.0
2120,4667.0
2121,4667.0
2122,4667.0
2123,4667.0
2124,4667.0
2125,4667.0
2126,4667.0
2127,4667.0
2128,4667.0
2129,4667.0
2130,4667.0
2131,4667.0
2132,4667.0
2133,4667.0
2134,4667.0
2135,4667.0
2136,4667.0
2137,4667.0
2138,4667.0
2139,4667.0
2140,4667.0
2141,4667.0
2142,4667.0
2143,4667.0
2144,4667.0
2145,4667.0
2146,4667.0
2147,4667.0
2148,4667.0
2149,4667.0
2150,4667.0
2151,4667.0
2152,4667.0
2153,4667.0
2154,4667.0
2155,4667.0
2156,4667.0
2157,4667.0
2158,4667.0
2159,4667.0
2160,4667.0
2161,4667.0
2162,4667.0
2163,4667.0
2164,4667.0
2165,4667.0
2166,4667.0
2167,4667.0
2168,4667.0
2169,4667.0
2170,4667.0
2171,4667.0
2172,4667.0
2173,4667.0
2174,4667.0
2175,4667.0
2176,4667.0
2177,4667.0
2178,4667.0
2179,4667.0
2180,4667.0
2181,4667.0
2182,4667.0
2183,4667.0
2184,4667.0
2185,4667.0
2186,4667.0
2187,4667.0
2188,4667.0
2189,4667.0
2190,4667.0
2191,4667.0
2192,4667.0
2193,4667.0
2194,4667.0
2195,4667.0
2196,4667.0
2197,4667.0
2198,4667.0
2199,4667.0
2200,4667.0
2201,4667.0
2202,4667.0
2203,4667.0
2204,4667.0
2205,4667.0
2206,4667.0
2207,4667.0
2208,4667.0
2209,4667.0
2210,4667.0
2211,4667.0
2212,4667.0
2213,4667.0
2214,4667.0
2215,4667.0
2216,4667.0
2217,4667.0
2218,4667.0
2219,4667.0
2220,4667.0
2221,4667.0
2222,4667.0
2223,4667.0
2224,4667.0
2225,4667.0
2226,4667.0
2227,4667.0
2228,4667.0
2229,4667.0
2230,4667.0
2231,4667.0
2232,4667.0
2233,4667.0
2234,4667.0
2235,4667.0
2236,4667.0
2237,4667.0
2238,4667.0
2239,4667.0
2240,4667.0
2241,4667.0
2242,4667.0
2243,4667.0
2244,4667.0
2245,4667.0
2246,4667.0
2247,4667.0
2248,4667.0
2249,4667.0
2250,4667.0
2251,4667.0
2252,4667.0
2253,4667.0
2254,4667.0
2255,4667.0
2256,4667.0
2257,4667.0
2258,4667.0
2259,4667.0
2260,4667.0
2261,4667.0
2262,4667.0
2263,4667.0
2264,4667.0
2265,4667.0
2266,4667.0
2267,4667.0
2268,4667.0
2269,4667.0
2270,4667.0
2271,4667.0
2272,4667.0
2273,4667.0
2274,4667.0
2275,4667.0
2276,4667.0
2277,4667.0
2278,4667.0
2279,4667.0
2280,4667.0
2281,4667.0
2282,4667.0
2283,4667.0
2284,4667.0
2285,4667.0
2286,4667.0
2287,4667.0
2288,4667.0
2289,4667.0
2290,4667.0
2291,4667.0
2292,4667.0
2293,4667.0
2294,4667.0
2295,4667.0
2296,4667.0
2297,4667.0
2298,4667.0
2299,4667.0
2300,4667.0
2301,4667.0
2302,4667.0
2303,4667.0
2304,4667.0
2305,4667.0
2306,4667.0
2307,4667.0
2308,4667.0
2309,4667.0
2310,4667.0
2311,4667.0
2312,4667.0
2313,4667.0
2314,4667.0
2315,4667.0
2316,4667.0
2317,4667.0
2318,4667.0
2319,4667.0
2320,4667.0
2321,4667.0
2322,4667.0
2323,4667.0
2324,4667.0
2325,4667.0
2326,4667.0
2327,4667.0
2328,4667.0
2329,4667.0
2330,4667.0
2331,4667.0
2332,4667.0
2333,4667.0
2334,4667.0
2335,4667.0
2336,4667.0
2337,4667.0
2338,4667.0
2339,4667.0
2340,4667.0
2341,4667.0
2342,4667.0
2343,4667.0
2344,4667.0
2345,4667.0
2346,4667.0
2347,4667.0
2348,4667.0
2349,4667.0
2350,4667.0
2351,4667.0
2352,4667.0
2353,4667.0
2354,4667.0
2355,4667.0
2356,4667.0
2357,4667.0
2358,4667.0
2359,4667.0
2360,4667.0
2361,4667.0
2362,4667.0
2363,4667.0
2364,4667.0
2365,4667.0
2366,4667.0
2367,4667.0
2368,4667.0
2369,4667.0
2370,4667.0
2371,4667.0
2372,4667.0
2373,4667.0
2374,4667.0
2375,4667.0
2376,4667.0
2377,4667.0
2378,4667.0
2379,4667.0
2380,4667.0
2381,4667.0
2382,4667.0
2383,4667.0
2384,4667.0
2385,4667.0
2386,4667.0
2387,4667.0
2388,4667.0
2389,4667.0
2390,4667.0
2391,4667.0
2392,4667.0
2393,4667.0
2394,4667.0
2395,4667.0
2396,4667.0
2397,4667.0
2398,4667.0
2399,4667.0
2400,4667.0
2401,4667.0
2402,4667.0
2403,4667.0
2404,4667.0
2405,4667.0
2406,4667.0
2407,4667.0
2408,4667.0
2409,4667.0
2410,4667.0
2411,4667.0
2412,4667.0
2413,4667.0
2414,4667.0
2415,4667.0
2416,4667.0
2417,4667.0
2418,4667.0
2419,4667.0
2420,4667.0
2421,4667.0
2422,4667.0
2423,4667.0
2424,4667.0
2425,4667.0
2426,4667.0
2427,4667.0
2428,4667.0
2429,4667.0
2430,4667.0
2431,4667.0
2432,4667.0
2433,4667.0
2434,4667.0
2435,4667.0
2436,4667.0
2437,4667.0
2438,4667.0
2439,4667.0
2440,4667.0
2441,4667.0
2442,4667.0
2443,4667.0
2444,4667.0
2445,4667.0
2446,4667.0
2447,4667.0
2448,4667.0
2449,4667.0
2450,4667.0
2451,4667.0
2452,4667.0
2453,4667.0
2454,4667.0
2455,4667.0
2456,4667.0
2457,4667.0
2458,4667.0
2459,4667.0
2460,4667.0
2461,4667.0
2462,4667.0
2463,4667.0
2464,4667.0
2465,4667.0
2466,4667.0
2467,4667.0
2468,4667.0
2469,4667.0
2470,4667.0
2471,4667.0
2472,4667.0
2473,4667.0
2474,4667.0
2475,4667.0
2476,4667.0
2477,4667.0
2478,4667.0
2479,4667.0
2480,4667.0
2481,4667.0
2482,4667.0
2483,4667.0
2484,4667.0
2485,4667.0
2486,4667.0
2487,4667.0
2488,4667.0
2489,4667.0
2490,4667.0
2491,4667.0
2492,4667.0
2493,4667.0
2494,4667.0
2495,4667.0
2496,4667.0
2497,4667.0
2498,4667.0
2499,4667.0
2500,4667.0
2501,4667.0
2502,4667.0
2503,4667.0
2504,4667.0
2505,4667.0
2506,4667.0
2507,4667.0
2508,4667.0
2509,4667.0
2510,4667.0
2511,4667.0
2512,4667.0
2513,4667.0
2514,4667.0
2515,4667.0
2516,4667.0
2517,4667.0
2518,4667.0
2519,4667.0
2520,4667.0
2521,4667.0
2522,4667.0
2523,4667.0
2524,4667.0
2525,4667.0
2526,4667.0
2527,4667.0
2528,4667.0
2529,4667.0
2530,4667.0
2531,4667.0
2532,4667.0
2533,4667.0
2534,4667.0
2535,4667.0
2536,4667.0
2537,4667.0
2538,4667.0
2539,4667.0
2540,4667.0
2541,4667.0
2542,4667.0
2543,4667.0
2544,4667.0
2545,4667.0
2546,4667.0
2547,4667.0
2548,4667.0
2549,4667.0
2550,4667.0
2551,4667.0
2552,4667.0
2553,4667.0
2554,4667.0
2555,4667.0
2556,4667.0
2557,4667.0
2558,4667.0
2559,4667.0
2560,4667.0
2561,4667.0
2562,4667.0
2563,4667.0
2564,4667.0
2565,4667.0
2566,4667.0
2567,4667.0
2568,4667.0
2569,4667.0
2570,4667.0
2571,4667.0
2572,4667.0
2573,4667.0
2574,4667.0
2575,4667.0
2576,4667.0
2577,4667.0
2578,4667.0
2579,4667.0
2580,4667.0
2581,4667.0
2582,4667.0
2583,4667.0
2584,4667.0
2585,4667.0
2586,4667.0
2587,4667.0
2588,4667.0
2589,4667.0
2590,4667.0
2591,4667.0
2592,4667.0
2593,4667.0
2594,4667.0
2595,4667.0
2596,4667.0
2597,4667.0
2598,4667.0
2599,4667.0
2600,4667.0
2601,4667.0
2602,4667.0
2603,4667.0
2604,4667.0
2605,4667.0
2606,4667.0
2607,4667.0
2608,4667.0
2609,4667.0
2610,4667.0
2611,4667.0
2612,4667.0
2613,4667.0
2614,4667.0
2615,4667.0
2616,4667.0
2617,4667.0
2618,4667.0
2619,4667.0
2620,4667.0
2621,4667.0
2622,4667.0
2623,4667.0
2624,4667.0
2625,4667.0
2626,4667.0
2627,4667.0
2628,4667.0
2629,4667.0
2630,4667.0
2631,4667.0
2632,4667.0
2633,4667.0
2634,4667.0
2635,4667.0
2636,4667.0
2637,4667.0
2638,4667.0
2639,4667.0
2640,4667.0
2641,4667.0
2642,4667.0
2643,4667.0
2644,4667.0
2645,4667.0
2646,4667.0
2647,4667.0
2648,4667.0
2649,4667.0
2650,4667.0
2651,4667.0
2652,4667.0
2653,4667.0
2654,4667.0
2655,4667.0
2656,4667.0
2657,4667.0
2658,4667.0
2659,4667.0
2660,4667.0
2661,4667.0
2662,4667.0
2663,4667.0
2664,4667.0
2665,4667.0
2666,4667.0
2667,4667.0
2668,4667.0
2669,4667.0
2670,4667.0
2671,4667.0
2672,4667.0
2673,4667.0
2674,4667.0
2675,4667.0
2676,4667.0
2677,4667.0
2678,4667.0
2679,4667.0
2680,4667.0
2681,4667.0
2682,4667.0
2683,4667.0
2684,4667.0
2685,4667.0
2686,4667.0
2687,4667.0
2688,4667.0
2689,4667.0
2690,4667.0
2691,4667.0
2692,4667.0
2693,4667.0
2694,4667.0
2695,4667.0
2696,4667.0
2697,4667.0
2698,4667.0
2699,4667.0
2700,4667.0
2701,4667.0
2702,4667.0
2703,4667.0
2704,4667.0
2705,4667.0
2706,4667.0
2707,4667.0
2708,4667.0
2709,4667.0
2710,4667.0
2711,4667.0
2712,4667.0
2713,4667.0
2714,4667.0
2715,4667.0
2716,4667.0
2717,4667.0
2718,4667.0
2719,4667.0
2720,4667.0
2721,4667.0
2722,4667.0
2723,4667.0
2724,4667.0
2725,4667.0
2726,4667.0
2727,4667.0
2728,4667.0
2729,4667.0
2730,4667.0
2731,4667.0
2732,4667.0
2733,4667.0
2734,4667.0
2735,4667.0
2736,4667.0
2737,4667.0
2738,4667.0
2739,4667.0
2740,4667.0
2741,4667.0
2742,4667.0
2743,4667.0
2744,4667.0
2745,4667.0
2746,4667.0
2747,4667.0
2748,4667.0
2749,4667.0
2750,4667.0
2751,4667.0
2752,4667.0
2753,4667.0
2754,4667.0
2755,4667.0
2756,4667.0
2757,4667.0
2758,4667.0
2759,4667.0
2760,4667.0
2761,4667.0
2762,4667.0
2763,4667.0
2764,4667.0
2765,4667.0
2766,4667.0
2767,4667.0
2768,4667.0
2769,4667.0
2770,4667.0
2771,4667.0
2772,4667.0
2773,4667.0
2774,4667.0
2775,4667.0
2776,4667.0
2777,4667.0
2778,4667.0
2779,4667.0
2780,4667.0
2781,4667.0
2782,4667.0
2783,4667.0
2784,4667.0
2785,4667.0
2786,4667.0
2787,4667.0
2788,4667.0
2789,4667.0
2790,4667.0
2791,4667.0
2792,4667.0
2793,4667.0
2794,4667.0
2795,4667.0
2796,4667.0
2797,4667.0
2798,4667.0
2799,4667.0
2800,4667.0
2801,4667.0
2802,4667.0
2803,4667.0
2804,4667.0
2805,4667.0
2806,4667.0
2807,4667.0
2808,4667.0
2809,4667.0
2810,4667.0
2811,4667.0
2812,4667.0
2813,4667.0
2814,4667.0
2815,4667.0
2816,4667.0
2817,4667.0
2818,4667.0
2819,4667.0
2820,4667.0
2821,4667.0
2822,4667.0
2823,4667.0
2824,4667.0
2825,4667.0
2826,4667.0
2827,4667.0
2828,4667.0
2829,4667.0
2830,4667.0
2831,4667.0
2832,4667.0
2833,4667.0
2834,4667.0
2835,4667.0
2836,4667.0
2837,4667.0
2838,4667.0
2839,4667.0
2840,4667.0
2841,4667.0
2842,4667.0
2843,4667.0
2844,4667.0
2845,4667.0
2846,4667.0
2847,4667.0
2848,4667.0
2849,4667.0
2850,4667.0
2851,4667.0
2852,4667.0
2853,4667.0
2854,4667.0
2855,4667.0
2856,4667.0
2857,4667.0
2858,4667.0
2859,4667.0
2860,4667.0
2861,4667.0
2862,4667.0
2863,4667.0
2864,4667.0
2865,4667.0
2866,4667.0
2867,4667.0
2868,4667.0
2869,4667.0
2870,4667.0
2871,4667.0
2872,4667.0
2873,4667.0
2874,4667.0
2875,4667.0
2876,4667.0
2877,4667.0
2878,4667.0
2879,4667.0
2880,4667.0
2881,4667.0
2882,4667.0
2883,4667.0
2884,4667.0
2885,4667.0
2886,4667.0
2887,4667.0
2888,4667.0
2889,4667.0
2890,4667.0
2891,4667.0
2892,4667.0
2893,4667.0
2894,4667.0
2895,4667.0
2896,4667.0
2897,4667.0
2898,4667.0
2899,4667.0
2900,4667.0
2901,4667.0
2902,4667.0
2903,4667.0
2904,4667.0
2905,4667.0
2906,4667.0
2907,4667.0
2908,4667.0
2909,4667.0
2910,4667.0
2911,4667.0
2912,4667.0
2913,4667.0
2914,4667.0
2915,4667.0
2916,4667.0
2917,4667.0
2918,4667.0
2919,4667.0
2920,4667.0
2921,4667.0
2922,4667.0
2923,4667.0
2924,4667.0
2925,4667.0
2926,4667.0
2927,4667.0
2928,4667.0
2929,4667.0
2930,4667.0
2931,4667.0
2932,4667.0
2933,4667.0
2934,4667.0
2935,4667.0
2936,4667.0
2937,4667.0
2938,4667.0
2939,4667.0
2940,4667.0
2941,4667.0
2942,4667.0
2943,4667.0
2944,4667.0
2945,4667.0
2946,4667.0
2947,4667.0
2948,4667.0
2949,4667.0
2950,4667.0
2951,4667.0
2952,4667.0
2953,4667.0
2954,4667.0
2955,4667.0
2956,4667.0
2957,4667.0
2958,4667.0
2959,4667.0
2960,4667.0
2961,4667.0
2962,4667.0
2963,4667.0
2964,4667.0
2965,4667.0
2966,4667.0
2967,4667.0
2968,4667.0
2969,4667.0
2970,4667.0
2971,4667.0
2972,4667.0
2973,4667.0
2974,4667.0
2975,4667.0
2976,4667.0
2977,4667.0
2978,4667.0
2979,4667.0
2980,4667.0
2981,4667.0
2982,4667.0
2983,4667.0
2984,4667.0
2985,4667.0
2986,4667.0
2987,4667.0
2988,4667.0
2989,4667.0
2990,4667.0
2991,4667.0
2992,4667.0
2993,4667.0
2994,4667.0
2995,4667.0
2996,4667.0
2997,4667.0
2998,4667.0
2999,4667.0
3000,4667.0
3001,4667.0
3002,4667.0
3003,4667.0
3004,4667.0
3005,4667.0
3006,4667.0
3007,4667.0
3008,4667.0
3009,4667.0
3010,4667.0
3011,4667.0
3012,4667.0
3013,4667.0
3014,4667.0
3015,4667.0
3016,4667.0
3017,4667.0
3018,4667.0
3019,4667.0
3020,4667.0
3021,4667.0
3022,4667.0
3023,4667.0
3024,4667.0
3025,4667.0
3026,4667.0
3027,4667.0
3028,4667.0
3029,4667.0
3030,4667.0
3031,4667.0
3032,4667.0
3033,4667.0
3034,4667.0
3035,4667.0
3036,4667.0
3037,4667.0
3038,4667.0
3039,4667.0
3040,4667.0
3041,4667.0
3042,4667.0
3043,4667.0
3044,4667.0
3045,4667.0
3046,4667.0
3047,4667.0
3048,4667.0
3049,4667.0
3050,4667.0
3051,4667.0
3052,4667.0
3053,4667.0
3054,4667.0
3055,4667.0
3056,4667.0
3057,4667.0
3058,4667.0
3059,4667.0
3060,4667.0
3061,4667.0
3062,4667.0
3063,4667.0
3064,4667.0
3065,4667.0
3066,4667.0
3067,4667.0
3068,4667.0
3069,4667.0
3070,4667.0
3071,4667.0
3072,4667.0
3073,4667.0
3074,4667.0
3075,4667.0
3076,4667.0
3077,4667.0
3078,4667.0
3079,4667.0
3080,4667.0
3081,4667.0
3082,4667.0
3083,4667.0
3084,4667.0
3085,4667.0
3086,4667.0
3087,4667.0
3088,4667.0
3089,4667.0
3090,4667.0
3091,4667.0
3092,4667.0
3093,4667.0
3094,4667.0
3095,4667.0
3096,4667.0
3097,4667.0
3098,4667.0
3099,4667.0
3100,4667.0
3101,4667.0
3102,4667.0
3103,4667.0
3104,4667.0
3105,4667.0
3106,4667.0
3107,4667.0
3108,4667.0
3109,4667.0
3110,4667.0
3111,4667.0
3112,4667.0
3113,4667.0
3114,4667.0
3115,4667.0
3116,4667.0
3117,4667.0
3118,4667.0
3119,4667.0
3120,4667.0
3121,4667.0
3122,4667.0
3123,4667.0
3124,4667.0
3125,4667.0
3126,4667.0
3127,4667.0
3128,4667.0
3129,4667.0
3130,4667.0
3131,4667.0
3132,4667.0
3133,4667.0
3134,4667.0
3135,4667.0
3136,4667.0
3137,4667.0
3138,4667.0
3139,4667.0
3140,4667.0
3141,4667.0
3142,4667.0
3143,4667.0
3144,4667.0
3145,4667.0
3146,4667.0
3147,4667.0
3148,4667.0
3149,4667.0
3150,4667.0
3151,4667.0
3152,4667.0
3153,4667.0
3154,4667.0
3155,4667.0
3156,4667.0
3157,4667.0
3158,4667.0
3159,4667.0
3160,4667.0
3161,4667.0
3162,4667.0
3163,4667.0
3164,4667.0
3165,4667.0
3166,4667.0
3167,4667.0
3168,4667.0
3169,4667.0
3170,4667.0
3171,4667.0
3172,4667.0
3173,4667.0
3174,4667.0
3175,4667.0
3176,4667.0
3177,4667.0
3178,4667.0
3179,4667.0
3180,4667.0
3181,4667.0
3182,4667.0
3183,4667.0
3184,4667.0
3185,4667.0
3186,4667.0
3187,4667.0
3188,4667.0
3189,4667.0
3190,4667.0
3191,4667.0
3192,4667.0
3193,4667.0
3194,4667.0
3195,4667.0
3196,4667.0
3197,4667.0
3198,4667.0
3199,4667.0
3200,4667.0
3201,4667.0
3202,4667.0
3203,4667.0
3204,4667.0
3205,4667.0
3206,4667.0
3207,4667.0
3208,4667.0
3209,4667.0
3210,4667.0
3211,4667.0
3212,4667.0
3213,4667.0
3214,4667.0
3215,4667.0
3216,4667.0
3217,4667.0
3218,4667.0
3219,4667.0
3220,4667.0
3221,4667.0
3222,4667.0
3223,4667.0
3224,4667.0
3225,4667.0
3226,4667.0
3227,4667.0
3228,4667.0
3229,4667.0
3230,4667.0
3231,4667.0
3232,4667.0
3233,4667.0
3234,4667.0
3235,4667.0
3236,4667.0
3237,4667.0
3238,4667.0
3239,4667.0
3240,4667.0
3241,4667.0
3242,4667.0
3243,4667.0
3244,4667.0
3245,4667.0
3246,4667.0
3247,4667.0
3248,4667.0
3249,4667.0
3250,4667.0
3251,4667.0
3252,4667.0
3253,4667.0
3254,4667.0
3255,4667.0
3256,4667.0
3257,4667.0
3258,4667.0
3259,4667.0
3260,4667.0
3261,4667.0
3262,4667.0
3263,4667.0
3264,4667.0
3265,4667.0
3266,4667.0
3267,4667.0
3268,4667.0
3269,4667.0
3270,4667.0
3271,4667.0
3272,4667.0
3273,4667.0
3274,4667.0
3275,4667.0
3276,4667.0
3277,4667.0
3278,4667.0
3279,4667.0
3280,4667.0
3281,4667.0
3282,4667.0
3283,4667.0
3284,4667.0
3285,4667.0
3286,4667.0
3287,4667.0
3288,4667.0
3289,4667.0
3290,4667.0
3291,4667.0
3292,4667.0
3293,4667.0
3294,4667.0
3295,4667.0
3296,4667.0
3297,4667.0
3298,4667.0
3299,4667.0
3300,4667.0
3301,4667.0
3302,4667.0
3303,4667.0
3304,4667.0
3305,4667.0
3306,4667.0
3307,4667.0
3308,4667.0
3309,4667.0
3310,4667.0
3311,4667.0
3312,4667.0
3313,4667.0
3314,4667.0
3315,4667.0
3316,4667.0
3317,4667.0
3318,4667.0
3319,4667.0
3320,4667.0
3321,4667.0
3322,4667.0
3323,4667.0
3324,4667.0
3325,4667.0
3326,4667.0
3327,4667.0
3328,4667.0
3329,4667.0
3330,4667.0
3331,4667.0
3332,4667.0
3333,4667.0
3334,4667.0
3335,4667.0
3336,4667.0
3337,4667.0
3338,4667.0
3339,4667.0
3340,4667.0
3341,4667.0
3342,4667.0
3343,4667.0
3344,4667.0
3345,4667.0
3346,4667.0
3347,4667.0
3348,4667.0
3349,4667.0
3350,4667.0
3351,4667.0
3352,4667.0
3353,4667.0
3354,4667.0
3355,4667.0
3356,4667.0
3357,4667.0
3358,4667.0
3359,4667.0
3360,4667.0
3361,4667.0
3362,4667.0
3363,4667.0
3364,4667.0
3365,4667.0
3366,4667.0
3367,4667.0
3368,4667.0
3369,4667.0
3370,4667.0
3371,4667.0
3372,4667.0
3373,4667.0
3374,4667.0
3375,4667.0
3376,4667.0
3377,4667.0
3378,4667.0
3379,4667.0
3380,4667.0
3381,4667.0
3382,4667.0
3383,4667.0
3384,4667.0
3385,4667.0
3386,4667.0
3387,4667.0
3388,4667.0
3389,4667.0
3390,4667.0
3391,4667.0
3392,4667.0
3393,4667.0
3394,4667.0
3395,4667.0
3396,4667.0
3397,4667.0
3398,4667.0
3399,4667.0
3400,4667.0
3401,4667.0
3402,4667.0
3403,4667.0
3404,4667.0
3405,4667.0
3406,4667.0
3407,4667.0
3408,4667.0
3409,4667.0
3410,4667.0
3411,4667.0
3412,4667.0
3413,4667.0
3414,4667.0
3415,4667.0
3416,4667.0
3417,4667.0
3418,4667.0
3419,4667.0
3420,4667.0
3421,4667.0
3422,4667.0
3423,4667.0
3424,4667.0
3425,4667.0
3426,4667.0
3427,4667.0
3428,4667.0
3429,4667.0
3430,4667.0
3431,4667.0
3432,4667.0
3433,4667.0
3434,4667.0
3435,4667.0
3436,4667.0
3437,4667.0
3438,4667.0
3439,4667.0
3440,4667.0
3441,4667.0
3442,4667.0
3443,4667.0
3444,4667.0
3445,4667.0
3446,4667.0
3447,4667.0
3448,4667.0
3449,4667.0
3450,4667.0
3451,4667.0
3452,4667.0
3453,4667.0
3454,4667.0
3455,4667.0
3456,4667.0
3457,4667.0
3458,4667.0
3459,4667.0
3460,4667.0
3461,4667.0
3462,4667.0
3463,4667.0
3464,4667.0
3465,4667.0
3466,4667.0
3467,4667.0
3468,4667.0
3469,4667.0
3470,4667.0
3471,4667.0
3472,4667.0
3473,4667.0
3474,4667.0
3475,4667.0
3476,4667.0
3477,4667.0
3478,4667.0
3479,4667.0
3480,4667.0
3481,4667.0
3482,4667.0
3483,4667.0
3484,4667.0
3485,4667.0
3486,4667.0
3487,4667.0
3488,4667.0
3489,4667.0
3490,4667.0
3491,4667.0
3492,4667.0
3493,4667.0
3494,4667.0
3495,4667.0
3496,4667.0
3497,4667.0
3498,4667.0
3499,4667.0
3500,4667.0
3501,4667.0
3502,4667.0
3503,4667.0
3504,4667.0
3505,4667.0
3506,4667.0
3507,4667.0
3508,4667.0
3509,4667.0
3510,4667.0
3511,4667.0
3512,4667.0
3513,4667.0
3514,4667.0
3515,4667.0
3516,4667.0
3517,4667.0
3518,4667.0
3519,4667.0
3520,4667.0
3521,4667.0
3522,4667.0
3523,4667.0
3524,4667.0
3525,4667.0
3526,4667.0
3527,4667.0
3528,4667.0
3529,4667.0
3530,4667.0
3531,4667.0
3532,4667.0
3533,4667.0
3534,4667.0
3535,4667.0
3536,4667.0
3537,4667.0
3538,4667.0
3539,4667.0
3540,4667.0
3541,4667.0
3542,4667.0
3543,4667.0
3544,4667.0
3545,4667.0
3546,4667.0
3547,4667.0
3548,4667.0
3549,4667.0
3550,4667.0
3551,4667.0
3552,4667.0
3553,4667.0
3554,4667.0
3555,4667.0
3556,4667.0
3557,4667.0
3558,4667.0
3559,4667.0
3560,4667.0
3561,4667.0
3562,4667.0
3563,4667.0
3564,4667.0
3565,4667.0
3566,4667.0
3567,4667.0
3568,4667.0
3569,4667.0
3570,4667.0
3571,4667.0
3572,4667.0
3573,4667.0
3574,4667.0
3575,4667.0
3576,4667.0
3577,4667.0
3578,4667.0
3579,4667.0
3580,4667.0
3581,4667.0
3582,4667.0
3583,4667.0
3584,4667.0
3585,4667.0
3586,4667.0
3587,4667.0
3588,4667.0
3589,4667.0
3590,4667.0
3591,4667.0
3592,4667.0
3593,4667.0
3594,4667.0
3595,4667.0
3596,4667.0
3597,4667.0
3598,4667.0
3599,4667.0
3600,4667.0
3601,4667.0
3602,4667.0
3603,4667.0
3604,4667.0
3605,4667.0
3606,4667.0
3607,4667.0
3608,4667.0
3609,4667.0
3610,4667.0
3611,4667.0
3612,4667.0
3613,4667.0
3614,4667.0
3615,4667.0
3616,4667.0
3617,4667.0
3618,4667.0
3619,4667.0
3620,4667.0
3621,4667.0
3622,4667.0
3623,4667.0
3624,4667.0
3625,4667.0
3626,4667.0
3627,4667.0
3628,4667.0
3629,4667.0
3630,4667.0
3631,4667.0
3632,4667.0
3633,4667.0
3634,4667.0
3635,4667.0
3636,4667.0
3637,4667.0
3638,4667.0
3639,4667.0
3640,4667.0
3641,4667.0
3642,4667.0
3643,4667.0
3644,4667.0
3645,4667.0
3646,4667.0
3647,4667.0
3648,4667.0
3649,4667.0
3650,4667.0
3651,4667.0
3652,4667.0
3653,4667.0
3654,4667.0
3655,4667.0
3656,4667.0
3657,4667.0
3658,4667.0
3659,4667.0
3660,4667.0
3661,4667.0
3662,4667.0
3663,4667.0
3664,4667.0
3665,4667.0
3666,4667.0
3667,4667.0
3668,4667.0
3669,4667.0
3670,4667.0
3671,4667.0
3672,4667.0
3673,4667.0
3674,4667.0
3675,4667.0
3676,4667.0
3677,4667.0
3678,4667.0
3679,4667.0
3680,4667.0
3681,4667.0
3682,4667.0
3683,4667.0
3684,4667.0
3685,4667.0
3686,4667.0
3687,4667.0
3688,4667.0
3689,4667.0
3690,4667.0
3691,4667.0
3692,4667.0
3693,4667.0
3694,4667.0
3695,4667.0
3696,4667.0
3697,4667.0
3698,4667.0
3699,4667.0
3700,4667.0
3701,4667.0
3702,4667.0
3703,4667.0
3704,4667.0
3705,4667.0
3706,4667.0
3707,4667.0
3708,4667.0
3709,4667.0
3710,4667.0
3711,4667.0
3712,4667.0
3713,4667.0
3714,4667.0
3715,4667.0
3716,4667.0
3717,4667.0
3718,4667.0
3719,4667.0
3720,4667.0
3721,4667.0
3722,4667.0
3723,4667.0
3724,4667.0
3725,4667.0
3726,4667.0
3727,4667.0
3728,4667.0
3729,4667.0
3730,4667.0
3731,4667.0
3732,4667.0
3733,4667.0
3734,4667.0
3735,4667.0
3736,4667.0
3737,4667.0
3738,4667.0
3739,4667.0
3740,4667.0
3741,4667.0
3742,4667.0
3743,4667.0
3744,4667.0
3745,4667.0
3746,4667.0
3747,4667.0
3748,4667.0
3749,4667.0
3750,4667.0
3751,4667.0
3752,4667.0
3753,4667.0
3754,4667.0
3755,4667.0
3756,4667.0
3757,4667.0
3758,4667.0
3759,4667.0
3760,4667.0
3761,4667.0
3762,4667.0
3763,4667.0
3764,4667.0
3765,4667.0
3766,4667.0
3767,4667.0
3768,4667.0
3769,4667.0
3770,4667.0
3771,4667.0
3772,4667.0
3773,4667.0
3774,4667.0
3775,4667.0
3776,4667.0
3777,4667.0
3778,4667.0
3779,4667.0
3780,4667.0
3781,4667.0
3782,4667.0
3783,4667.0
3784,4667.0
3785,4667.0
3786,4667.0
3787,4667.0
3788,4667.0
3789,4667.0
3790,4667.0
3791,4667.0
3792,4667.0
3793,4667.0
3794,4667.0
3795,4667.0
3796,4667.0
3797,4667.0
3798,4667.0
3799,4667.0
3800,4667.0
3801,4667.0
3802,4667.0
3803,4667.0
3804,4667.0
3805,4667.0
3806,4667.0
3807,4667.0
3808,4667.0
3809,4667.0
3810,4667.0
3811,4667.0
3812,4667.0
3813,4667.0
3814,4667.0
3815,4667.0
3816,4667.0
3817,4667.0
3818,4667.0
3819,4667.0
3820,4667.0
3821,4667.0
3822,4667.0
3823,4667.0
3824,4667.0
3825,4667.0
3826,4667.0
3827,4667.0
3828,4667.0
3829,4667.0
3830,4667.0
3831,4667.0
3832,4667.0
3833,4667.0
3834,4667.0
3835,4667.0
3836,4667.0
3837,4667.0
3838,4667.0
3839,4667.0
3840,4667.0
3841,4667.0
3842,4667.0
3843,4667.0
3844,4667.0
3845,4667.0
3846,4667.0
3847,4667.0
3848,4667.0
3849,4667.0
3850,4667.0
3851,4667.0
3852,4667.0
3853,4667.0
3854,4667.0
3855,4667.0
3856,4667.0
3857,4667.0
3858,4667.0
3859,4667.0
3860,4667.0
3861,4667.0
3862,4667.0
3863,4667.0
3864,4667.0
3865,4667.0
3866,4667.0
3867,4667.0
3868,4667.0
3869,4667.0
3870,4667.0
3871,4667.0
3872,4667.0
3873,4667.0
3874,4667.0
3875,4667.0
3876,4667.0
3877,4667.0
3878,4667.0
3879,4667.0
3880,4667.0
3881,4667.0
3882,4667.0
3883,4667.0
3884,4667.0
3885,4667.0
3886,4667.0
3887,4667.0
3888,4667.0
3889,4667.0
3890,4667.0
3891,4667.0
3892,4667.0
3893,4667.0
3894,4667.0
3895,4667.0
3896,4667.0
3897,4667.0
3898,4667.0
3899,4667.0
3900,4667.0
3901,4667.0
3902,4667.0
3903,4667.0
3904,4667.0
3905,4667.0
3906,4667.0
3907,4667.0
3908,4667.0
3909,4667.0
3910,4667.0
3911,4667.0
3912,4667.0
3913,4667.0
3914,4667.0
3915,4667.0
3916,4667.0
3917,4667.0
3918,4667.0
3919,4667.0
3920,4667.0
3921,4667.0
3922,4667.0
3923,4667.0
3924,4667.0
3925,4667.0
3926,4667.0
3927,4667.0
3928,4667.0
3929,4667.0
3930,4667.0
3931,4667.0
3932,4667.0
3933,4667.0
3934,4667.0
3935,4667.0
3936,4667.0
3937,4667.0
3938,4667.0
3939,4667.0
3940,4667.0
3941,4667.0
3942,4667.0
3943,4667.0
3944,4667.0
3945,4667.0
3946,4667.0
3947,4667.0
3948,4667.0
3949,4667.0
3950,4667.0
3951,4667.0
3952,4667.0
3953,4667.0
3954,4667.0
3955,4667.0
3956,4667.0
3957,4667.0
3958,4667.0
3959,4667.0
3960,4667.0
3961,4667.0
3962,4667.0
3963,4667.0
3964,4667.0
3965,4667.0
3966,4667.0
3967,4667.0
3968,4667.0
3969,4667.0
3970,4667.0
3971,4667.0
3972,4667.0
3973,4667.0
3974,4667.0
3975,4667.0
3976,4667.0
3977,4667.0
3978,4667.0
3979,4667.0
3980,4667.0
3981,4667.0
3982,4667.0
3983,4667.0
3984,4667.0
3985,4667.0
3986,4667.0
3987,4667.0
3988,4667.0
3989,4667.0
3990,4667.0
3991,4667.0
3992,4667.0
3993,4667.0
3994,4667.0
3995,4667.0
3996,4667.0
3997,4667.0
3998,4667.0
3999,4667.0
4000,4667.0
4001,4667.0
4002,4667.0
4003,4667.0
4004,4667.0
4005,4667.0
4006,4667.0
4007,4667.0
4008,4667.0
4009,4667.0
4010,4667.0
4011,4667.0
4012,4667.0
4013,4667.0
4014,4667.0
4015,4667.0
4016,4667.0
4017,4667.0
4018,4667.0
4019,4667.0
4020,4667.0
4021,4667.0
4022,4667.0
4023,4667.0
4024,4667.0
4025,4667.0
4026,4667.0
4027,4667.0
4028,4667.0
4029,4667.0
4030,4667.0
4031,4667.0
4032,4667.0
4033,4667.0
4034,4667.0
4035,4667.0
4036,4667.0
4037,4667.0
4038,4667.0
4039,4667.0
4040,4667.0
4041,4667.0
4042,4667.0
4043,4667.0
4044,4667.0
4045,4667.0
4046,4667.0
4047,4667.0
4048,4667.0
4049,4667.0
4050,4667.0
4051,4667.0
4052,4667.0
4053,4667.0
4054,4667.0
4055,4667.0
4056,4667.0
4057,4667.0
4058,4667.0
4059,4667.0
4060,4667.0
4061,4667.0
4062,4667.0
4063,4667.0
4064,4667.0
4065,4667.0
4066,4667.0
4067,4667.0
4068,4667.0
4069,4667.0
4070,4667.0
4071,4667.0
4072,4667.0
4073,4667.0
4074,4667.0
4075,4667.0
4076,4667.0
4077,4667.0
4078,4667.0
4079,4667.0
4080,4667.0
4081,4667.0
4082,4667.0
4083,4667.0
4084,4667.0
4085,4667.0
4086,4667.0
4087,4667.0
4088,4667.0
4089,4667.0
4090,4667.0
4091,4667.0
4092,4667.0
4093,4667.0
4094,4667.0
4095,4667.0
4096,4667.0
4097,4667.0
4098,4667.0
4099,4667.0
4100,4667.0
4101,4667.0
4102,4667.0
4103,4667.0
4104,4667.0
4105,4667.0
4106,4667.0
4107,4667.0
4108,4667.0
4109,4667.0
4110,4667.0
4111,4667.0
4112,4667.0
4113,4667.0
4114,4667.0
4115,4667.0
4116,4667.0
4117,4667.0
4118,4667.0
4119,4667.0
4120,4667.0
4121,4667.0
4122,4667.0
4123,4667.0
4124,4667.0
4125,4667.0
4126,4667.0
4127,4667.0
4128,4667.0
4129,4667.0
4130,4667.0
4131,4667.0
4132,4667.0
4133,4667.0
4134,4667.0
4135,4667.0
4136,4667.0
4137,4667.0
4138,4667.0
4139,4667.0
4140,4667.0
4141,4667.0
4142,4667.0
4143,4667.0
4144,4667.0
4145,4667.0
4146,4667.0
4147,4667.0
4148,4667.0
4149,4667.0
4150,4667.0
4151,4667.0
4152,4667.0
4153,4667.0
4154,4667.0
4155,4667.0
4156,4667.0
4157,4667.0
4158,4667.0
4159,4667.0
4160,4667.0
4161,4667.0
4162,4667.0
4163,4667.0
4164,4667.0
4165,4667.0
4166,4667.0
4167,4667.0
4168,4667.0
4169,4667.0
4170,4667.0
4171,4667.0
4172,4667.0
4173,4667.0
4174,4667.0
4175,4667.0
4176,4667.0
4177,4667.0
4178,4667.0
4179,4667.0
4180,4667.0
4181,4667.0
4182,4667.0
4183,4667.0
4184,4667.0
4185,4667.0
4186,4667.0
4187,4667.0
4188,4667.0
4189,4667.0
4190,4667.0
4191,4667.0
4192,4667.0
4193,4667.0
4194,4667.0
4195,4667.0
4196,4667.0
4197,4667.0
4198,4667.0
4199,4667.0
4200,4667.0
4201,4667.0
4202,4667.0
4203,4667.0
4204,4667.0
4205,4667.0
4206,4667.0
4207,4667.0
4208,4667.0
4209,4667.0
4210,4667.0
4211,4667.0
4212,4667.0
4213,4667.0
4214,4667.0
4215,4667.0
4216,4667.0
4217,4667.0
4218,4667.0
4219,4667.0
4220,4667.0
4221,4667.0
4222,4667.0
4223,4667.0
4224,4667.0
4225,4667.0
4226,4667.0
4227,4667.0
4228,4667.0
4229,4667.0
4230,4667.0
4231,4667.0
4232,4667.0
4233,4667.0
4234,4667.0
4235,4667.0
4236,4667.0
4237,4667.0
4238,4667.0
4239,4667.0
4240,4667.0
4241,4667.0
4242,4667.0
4243,4667.0
4244,4667.0
4245,4667.0
4246,4667.0
4247,4667.0
4248,4667.0
4249,4667.0
4250,4667.0
4251,4667.0
4252,4667.0
4253,4667.0
4254,4667.0
4255,4667.0
4256,4667.0
4257,4667.0
4258,4667.0
4259,4667.0
4260,4667.0
4261,4667.0
4262,4667.0
4263,4667.0
4264,4667.0
4265,4667.0
4266,4667.0
4267,4667.0
4268,4667.0
4269,4667.0
4270,4667.0
4271,4667.0
4272,4667.0
4273,4667.0
4274,4667.0
4275,4667.0
4276,4667.0
4277,4667.0
4278,4667.0
4279,4667.0
4280,4667.0
4281,4667.0
4282,4667.0
4283,4667.0
4284,4667.0
4285,4667.0
4286,4667.0
4287,4667.0
4288,4667.0
4289,4667.0
4290,4667.0
4291,4667.0
4292,4667.0
4293,4667.0
4294,4667.0
4295,4667.0
4296,4667.0
4297,4667.0
4298,4667.0
4299,4667.0
4300,4667.0
4301,4667.0
4302,4667.0
4303,4667.0
4304,4667.0
4305,4667.0
4306,4667.0
4307,4667.0
4308,4667.0
4309,4667.0
4310,4667.0
4311,4667.0
4312,4667.0
4313,4667.0
4314,4667.0
4315,4667.0
4316,4667.0
4317,4667.0
4318,4667.0
4319,4667.0
4320,4667.0
4321,4667.0
4322,4667.0
4323,4667.0
4324,4667.0
4325,4667.0
4326,4667.0
4327,4667.0
4328,4667.0
4329,4667.0
4330,4667.0
4331,4667.0
4332,4667.0
4333,4667.0
4334,4667.0
4335,4667.0
4336,4667.0
4337,4667.0
4338,4667.0
4339,4667.0
4340,4667.0
4341,4667.0
4342,4667.0
4343,4667.0
4344,4667.0
4345,4667.0
4346,4667.0
4347,4667.0
4348,4667.0
4349,4667.0
4350,4667.0
4351,4667.0
4352,4667.0
4353,4667.0
4354,4667.0
4355,4667.0
4356,4667.0
4357,4667.0
4358,4667.0
4359,4667.0
4360,4667.0
4361,4667.0
4362,4667.0
4363,4667.0
4364,4667.0
4365,4667.0
4366,4667.0
4367,4667.0
4368,4667.0
4369,4667.0
4370,4667.0
4371,4667.0
4372,4667.0
4373,4667.0
4374,4667.0
4375,4667.0
4376,4667.0
4377,4667.0
4378,4667.0
4379,4667.0
4380,4667.0
4381,4667.0
4382,4667.0
4383,4667.0
4384,4667.0
4385,4667.0
4386,4667.0
4387,4667.0
4388,4667.0
4389,4667.0
4390,4667.0
4391,4667.0
4392,4667.0
4393,4667.0
4394,4667.0
4395,4667.0
4396,4667.0
4397,4667.0
4398,4667.0
4399,4667.0
4400,4667.0
4401,4667.0
4402,4667.0
4403,4667.0
4404,4667.0
4405,4667.0
4406,4667.0
4407,4667.0
4408,4667.0
4409,4667.0
4410,4667.0
4411,4667.0
4412,4667.0
4413,4667.0
4414,4667.0
4415,4667.0
4416,4667.0
4417,4667.0
4418,4667.0
4419,4667.0
4420,4667.0
4421,4667.0
4422,4667.0
4423,4667.0
4424,4667.0
4425,4667.0
4426,4667.0
4427,4667.0
4428,4667.0
4429,4667.0
4430,4667.0
4431,4667.0
4432,4667.0
4433,4667.0
4434,4667.0
4435,4667.0
4436,4667.0
4437,4667.0
4438,4667.0
4439,4667.0
4440,4667.0
4441,4667.0
4442,4667.0
4443,4667.0
4444,4667.0
4445,4667.0
4446,4667.0
4447,4667.0
4448,4667.0
4449,4667.0
4450,4667.0
4451,4667.0
4452,4667.0
4453,4667.0
4454,4667.0
4455,4667.0
4456,4667.0
4457,4667.0
4458,4667.0
4459,4667.0
4460,4667.0
4461,4667.0
4462,4667.0
4463,4667.0
4464,4667.0
4465,4667.0
4466,4667.0
4467,4667.0
4468,4667.0
4469,4667.0
4470,4667.0
4471,4667.0
4472,4667.0
4473,4667.0
4474,4667.0
4475,4667.0
4476,4667.0
4477,4667.0
4478,4667.0
4479,4667.0
4480,4667.0
4481,4667.0
4482,4667.0
4483,4667.0
4484,4667.0
4485,4667.0
4486,4667.0
4487,4667.0
4488,4667.0
4489,4667.0
4490,4667.0
4491,4667.0
4492,4667.0
4493,4667.0
4494,4667.0
4495,4667.0
4496,4667.0
4497,4667.0
4498,4667.0
4499,4667.0
4500,4667.0
4501,4667.0
4502,4667.0
4503,4667.0
4504,4667.0
4505,4667.0
4506,4667.0
4507,4667.0
4508,4667.0
4509,4667.0
4510,4667.0
4511,4667.0
4512,4667.0
4513,4667.0
4514,4667.0
4515,4667.0
4516,4667.0
4517,4667.0
4518,4667.0
4519,4667.0
4520,4667.0
4521,4667.0
4522,4667.0
4523,4667.0
4524,4667.0
4525,4667.0
4526,4667.0
4527,4667.0
4528,4667.0
4529,4667.0
4530,4667.0
4531,4667.0
4532,4667.0
4533,4667.0
4534,4667.0
4535,4667.0
4536,4667.0
4537,4667.0
4538,4667.0
4539,4667.0
4540,4667.0
4541,4667.0
4542,4667.0
4543,4667.0
4544,4667.0
4545,4667.0
4546,4667.0
4547,4667.0
4548,4667.0
4549,4667.0
4550,4667.0
4551,4667.0
4552,4667.0
4553,4667.0
4554,4667.0
4555,4667.0
4556,4667.0
4557,4667.0
4558,4667.0
4559,4667.0
4560,4667.0
4561,4667.0
4562,4667.0
4563,4667.0
4564,4667.0
4565,4667.0
4566,4667.0
4567,4667.0
4568,4667.0
4569,4667.0
4570,4667.0
4571,4667.0
4572,4667.0
4573,4667.0
4574,4667.0
4575,4667.0
4576,4667.0
4577,4667.0
4578,4667.0
4579,4667.0
4580,4667.0
4581,4667.0
4582,4667.0
4583,4667.0
4584,4667.0
4585,4667.0
4586,4667.0
4587,4667.0
4588,4667.0
4589,4667.0
4590,4667.0
4591,4667.0
4592,4667.0
4593,4667.0
4594,4667.0
4595,4667.0
4596,4667.0
4597,4667.0
4598,4667.0
4599,4667.0
4600,4667.0
4601,4667.0
4602,4667.0
4603,4667.0
4604,4667.0
4605,4667.0
4606,4667.0
4607,4667.0
4608,4667.0
4609,4667.0
4610,4667.0
4611,4667.0
4612,4667.0
4613,4667.0
4614,4667.0
4615,4667.0
4616,4667.0
4617,4667.0
4618,4667.0
4619,4667.0
4620,4667.0
4621,4667.0
4622,4667.0
4623,4667.0
4624,4667.0
4625,4667.0
4626,4667.0
4627,4667.0
4628,4667.0
4629,4667.0
4630,4667.0
4631,4667.0
4632,4667.0
4633,4667.0
4634,4667.0
4635,4667.0
4636,4667.0
4637,4667.0
4638,4667.0
4639,4667.0
4640,4667.0
4641,4667.0
4642,4667.0
4643,4667.0
4644,4667.0
4645,4667.0
4646,4667.0
4647,4667.0
4648,4667.0
4649,4667.0
4650,4667.0
4651,4667.0
4652,4667.0
4653,4667.0
4654,4667.0
4655,4667.0
4656,4667.0
4657,4667.0
4658,4667.0
4659,4667.0
4660,4667.0
4661,4667.0
4662,4667.0
4663,4667.0
4664,4667.0
4665,4667.0
4666,4667.0
4667,4667.0
4668,4667.0
4669,4667.0
4670,4667.0
4671,4667.0
4672,4667.0
4673,4667.0
4674,4667.0
4675,4667.0
4676,4667.0
4677,4667.0
4678,4667.0
4679,4667.0
4680,4667.0
4681,4667.0
4682,4667.0
4683,4667.0
4684,4667.0
4685,4667.0
4686,4667.0
4687,4667.0
4688,4667.0
4689,4667.0
4690,4667.0
4691,4667.0
4692,4667.0
4693,4667.0
4694,4667.0
4695,4667.0
4696,4667.0
4697,4667.0
4698,4667.0
4699,4667.0
4700,4667.0
4701,4667.0
4702,4667.0
4703,4667.0
4704,4667.0
4705,4667.0
4706,4667.0
4707,4667.0
4708,4667.0
4709,4667.0
4710,4667.0
4711,4667.0
4712,4667.0
4713,4667.0
4714,4667.0
4715,4667.0
4716,4667.0
4717,4667.0
4718,4667.0
4719,4667.0
4720,4667.0
4721,4667.0
4722,4667.0
4723,4667.0
4724,4667.0
4725,4667.0
4726,4667.0
4727,4667.0
4728,4667.0
4729,4667.0
4730,4667.0
4731,4667.0
4732,4667.0
4733,4667.0
4734,4667.0
4735,4667.0
4736,4667.0
4737,4667.0
4738,4667.0
4739,4667.0
4740,4667.0
4741,4667.0
4742,4667.0
4743,4667.0
4744,4667.0
4745,4667.0
4746,4667.0
4747,4667.0
4748,4667.0
4749,4667.0
4750,4667.0
4751,4667.0
4752,4667.0
4753,4667.0
4754,4667.0
4755,4667.0
4756,4667.0
4757,4667.0
4758,4667.0
4759,4667.0
4760,4667.0
4761,4667.0
4762,4667.0
4763,4667.0
4764,4667.0
4765,4667.0
4766,4667.0
4767,4667.0
4768,4667.0
4769,4667.0
4770,4667.0
4771,4667.0
4772,4667.0
4773,4667.0
4774,4667.0
4775,4667.0
4776,4667.0
4777,4667.0
4778,4667.0
4779,4667.0
4780,4667.0
4781,4667.0
4782,4667.0
4783,4667.0
4784,4667.0
4785,4667.0
4786,4667.0
4787,4667.0
4788,4667.0
4789,4667.0
4790,4667.0
4791,4667.0
4792,4667.0
4793,4667.0
4794,4667.0
4795,4667.0
4796,4667.0
4797,4667.0
4798,4667.0
4799,4667.0
4800,4667.0
4801,4667.0
4802,4667.0
4803,4667.0
4804,4667.0
4805,4667.0
4806,4667.0
4807,4667.0
4808,4667.0
4809,4667.0
4810,4667.0
4811,4667.0
4812,4667.0
4813,4667.0
4814,4667.0
4815,4667.0
4816,4667.0
4817,4667.0
4818,4667.0
4819,4667.0
4820,4667.0
4821,4667.0
4822,4667.0
4823,4667.0
4824,4667.0
4825,4667.0
4826,4667.0
4827,4667.0
4828,4667.0
4829,4667.0
4830,4667.0
4831,4667.0
4832,4667.0
4833,4667.0
4834,4667.0
4835,4667.0
4836,4667.0
4837,4667.0
4838,4667.0
4839,4667.0
4840,4667.0
4841,4667.0
4842,4667.0
4843,4667.0
4844,4667.0
4845,4667.0
4846,4667.0
4847,4667.0
4848,4667.0
4849,4667.0
4850,4667.0
4851,4667.0
4852,4667.0
4853,4667.0
4854,4667.0
4855,4667.0
4856,4667.0
4857,4667.0
4858,4667.0
4859,4667.0
4860,4667.0
4861,4667.0
4862,4667.0
4863,4667.0
4864,4667.0
4865,4667.0
4866,4667.0
4867,4667.0
4868,4667.0
4869,4667.0
4870,4667.0
4871,4667.0
4872,4667.0
4873,4667.0
4874,4667.0
4875,4667.0
4876,4667.0
4877,4667.0
4878,4667.0
4879,4667.0
4880,4667.0
4881,4667.0
4882,4667.0
4883,4667.0
4884,4667.0
4885,4667.0
4886,4667.0
4887,4667.0
4888,4667.0
4889,4667.0
4890,4667.0
4891,4667.0
4892,4667.0
4893,4667.0
4894,4667.0
4895,4667.0
4896,4667.0
4897,4667.0
4898,4667.0
4899,4667.0
4900,4667.0
4901,4667.0
4902,4667.0
4903,4667.0
4904,4667.0
4905,4667.0
4906,4667.0
4907,4667.0
4908,4667.0
4909,4667.0
4910,4667.0
4911,4667.0
4912,4667.0
4913,4667.0
4914,4667.0
4915,4667.0
4916,4667.0
4917,4667.0
4918,4667.0
4919,4667.0
4920,4667.0
4921,4667.0
4922,4667.0
4923,4667.0
4924,4667.0
4925,4667.0
4926,4667.0
4927,4667.0
4928,4667.0
4929,4667.0
4930,4667.0
4931,4667.0
4932,4667.0
4933,4667.0
4934,4667.0
4935,4667.0
4936,4667.0
4937,4667.0
4938,4667.0
4939,4667.0
4940,4667.0
4941,4667.0
4942,4667.0
4943,4667.0
4944,4667.0
4945,4667.0
4946,4667.0
4947,4667.0
4948,4667.0
4949,4667.0
4950,4667.0
4951,4667.0
4952,4667.0
4953,4667.0
4954,4667.0
4955,4667.0
4956,4667.0
4957,4667.0
4958,4667.0
4959,4667.0
4960,4667.0
4961,4667.0
4962,4667.0
4963,4667.0
4964,4667.0
4965,4667.0
4966,4667.0
4967,4667.0
4968,4667.0
4969,4667.0
4970,4667.0
4971,4667.0
4972,4667.0
4973,4667.0
4974,4667.0
4975,4667.0
4976,4667.0
4977,4667.0
4978,4667.0
4979,4667.0
4980,4667.0
4981,4667.0
4982,4667.0
4983,4667.0
4984,4667.0
4985,4667.0
4986,4667.0
4987,4667.0
4988,4667.0
4989,4667.0
4990,4667.0
4991,4667.0
4992,4667.0
4993,4667.0
4994,4667.0
4995,4667.0
4996,4667.0
4997,4667.0
4998,4667.0
4999,4667.0
5000,4667.0
5001,4667.0
5002,4667.0
5003,4667.0
5004,4667.0
5005,4667.0
5006,4667.0
5007,4667.0
5008,4667.0
5009,4667.0
5010,4667.0
5011,4667.0
5012,4667.0
5013,4667.0
5014,4667.0
5015,4667.0
5016,4667.0
5017,4667.0
5018,4667.0
5019,4667.0
5020,4667.0
5021,4667.0
5022,4667.0
5023,4667.0
5024,4667.0
5025,4667.0
5026,4667.0
5027,4667.0
5028,4667.0
5029,4667.0
5030,4667.0
5031,4667.0
5032,4667.0
5033,4667.0
5034,4667.0
5035,4667.0
5036,4667.0
5037,4667.0
5038,4667.0
5039,4667.0
5040,4667.0
5041,4667.0
5042,4667.0
5043,4667.0
5044,4667.0
5045,4667.0
5046,4667.0
5047,4667.0
5048,4667.0
5049,4667.0
5050,4667.0
5051,4667.0
5052,4667.0
5053,4667.0
5054,4667.0
5055,4667.0
5056,4667.0
5057,4667.0
5058,4667.0
5059,4667.0
5060,4667.0
5061,4667.0
5062,4667.0
5063,4667.0
5064,4667.0
5065,4667.0
5066,4667.0
5067,4667.0
5068,4667.0
5069,4667.0
5070,4667.0
5071,4667.0
5072,4667.0
5073,4667.0
5074,4667.0
5075,4667.0
5076,4667.0
5077,4667.0
5078,4667.0
5079,4667.0
5080,4667.0
5081,4667.0
5082,4667.0
5083,4667.0
5084,4667.0
5085,4667.0
5086,4667.0
5087,4667.0
5088,4667.0
5089,4667.0
5090,4667.0
5091,4667.0
5092,4667.0
5093,4667.0
5094,4667.0
5095,4667.0
5096,4667.0
5097,4667.0
5098,4667.0
5099,4667.0
5100,4667.0
5101,4667.0
5102,4667.0
5103,4667.0
5104,4667.0
5105,4667.0
5106,4667.0
5107,4667.0
5108,4667.0
5109,4667.0
5110,4667.0
5111,4667.0
5112,4667.0
5113,4667.0
5114,4667.0
5115,4667.0
5116,4667.0
5117,4667.0
5118,4667.0
5119,4667.0
5120,4667.0
5121,4667.0
5122,4667.0
5123,4667.0
5124,4667.0
5125,4667.0
5126,4667.0
5127,4667.0
5128,4667.0
5129,4667.0
5130,4667.0
5131,4667.0
5132,4667.0
5133,4667.0
5134,4667.0
5135,4667.0
5136,4667.0
5137,4667.0
5138,4667.0
5139,4667.0
5140,4667.0
5141,4667.0
5142,4667.0
5143,4667.0
5144,4667.0
5145,4667.0
5146,4667.0
5147,4667.0
5148,4667.0
5149,4667.0
5150,4667.0
5151,4667.0
5152,4667.0
5153,4667.0
5154,4667.0
5155,4667.0
5156,4667.0
5157,4667.0
5158,4667.0
5159,4667.0
5160,4667.0
5161,4667.0
5162,4667.0
5163,4667.0
5164,4667.0
5165,4667.0
5166,4667.0
5167,4667.0
5168,4667.0
5169,4667.0
5170,4667.0
5171,4667.0
5172,4667.0
5173,4667.0
5174,4667.0
5175,4667.0
5176,4667.0
5177,4667.0
5178,4667.0
5179,4667.0
5180,4667.0
5181,4667.0
5182,4667.0
5183,4667.0
5184,4667.0
5185,4667.0
5186,4667.0
5187,4667.0
5188,4667.0
5189,4667.0
5190,4667.0
5191,4667.0
5192,4667.0
5193,4667.0
5194,4667.0
5195,4667.0
5196,4667.0
5197,4667.0
5198,4667.0
5199,4667.0
5200,4667.0
5201,4667.0
5202,4667.0
5203,4667.0
5204,4667.0
5205,4667.0
5206,4667.0
5207,4667.0
5208,4667.0
5209,4667.0
5210,4667.0
5211,4667.0
5212,4667.0
5213,4667.0
5214,4667.0
5215,4667.0
5216,4667.0
5217,4667.0
5218,4667.0
5219,4667.0
5220,4667.0
5221,4667.0
5222,4667.0
5223,4667.0
5224,4667.0
5225,4667.0
5226,4667.0
5227,4667.0
5228,4667.0
5229,4667.0
5230,4667.0
5231,4667.0
5232,4667.0
5233,4667.0
5234,4667.0
5235,4667.0
5236,4667.0
5237,4667.0
5238,4667.0
5239,4667.0
5240,4667.0
5241,4667.0
5242,4667.0
5243,4667.0
5244,4667.0
5245,4667.0
5246,4667.0
5247,4667.0
5248,4667.0
5249,4667.0
5250,4667.0
5251,4667.0
5252,4667.0
5253,4667.0
5254,4667.0
5255,4667.0
5256,4667.0
5257,4667.0
5258,4667.0
5259,4667.0
5260,4667.0
5261,4667.0
5262,4667.0
5263,4667.0
5264,4667.0
5265,4667.0
5266,4667.0
5267,4667.0
5268,4667.0
5269,4667.0
5270,4667.0
5271,4667.0
5272,4667.0
5273,4667.0
5274,4667.0
5275,4667.0
5276,4667.0
5277,4667.0
5278,4667.0
5279,4667.0
5280,4667.0
5281,4667.0
5282,4667.0
5283,4667.0
5284,4667.0
5285,4667.0
5286,4667.0
5287,4667.0
5288,4667.0
5289,4667.0
5290,4667.0
5291,4667.0
5292,4667.0
5293,4667.0
5294,4667.0
5295,4667.0
5296,4667.0
5297,4667.0
5298,4667.0
5299,4667.0
5300,4667.0
5301,4667.0
5302,4667.0
5303,4667.0
5304,4667.0
5305,4667.0
5306,4667.0
5307,4667.0
5308,4667.0
5309,4667.0
5310,4667.0
5311,4667.0
5312,4667.0
5313,4667.0
5314,4667.0
5315,4667.0
5316,4667.0
5317,4667.0
5318,4667.0
5319,4667.0
5320,4667.0
5321,4667.0
5322,4667.0
5323,4667.0
5324,4667.0
5325,4667.0
5326,4667.0
5327,4667.0
5328,4667.0
5329,4667.0
5330,4667.0
5331,4667.0
5332,4667.0
5333,4667.0
5334,4667.0
5335,4667.0
5336,4667.0
5337,4667.0
5338,4667.0
5339,4667.0
5340,4667.0
5341,4667.0
5342,4667.0
5343,4667.0
5344,4667.0
5345,4667.0
5346,4667.0
5347,4667.0
5348,4667.0
5349,4667.0
5350,4667.0
5351,4667.0
5352,4667.0
5353,4667.0
5354,4667.0
5355,4667.0
5356,4667.0
5357,4667.0
5358,4667.0
5359,4667.0
5360,4667.0
5361,4667.0
5362,4667.0
5363,4667.0
5364,4667.0
5365,4667.0
5366,4667.0
5367,4667.0
5368,4667.0
5369,4667.0
5370,4667.0
5371,4667.0
5372,4667.0
5373,4667.0
5374,4667.0
5375,4667.0
5376,4667.0
5377,4667.0
5378,4667.0
5379,4667.0
5380,4667.0
5381,4667.0
5382,4667.0
5383,4667.0
5384,4667.0
5385,4667.0
5386,4667.0
5387,4667.0
5388,4667.0
5389,4667.0
5390,4667.0
5391,4667.0
5392,4667.0
5393,4667.0
5394,4667.0
5395,4667.0
5396,4667.0
5397,4667.0
5398,4667.0
5399,4667.0
5400,4667.0
5401,4667.0
5402,4667.0
5403,4667.0
5404,4667.0
5405,4667.0
5406,4667.0
5407,4667.0
5408,4667.0
5409,4667.0
5410,4667.0
5411,4667.0
5412,4667.0
5413,4667.0
5414,4667.0
5415,4667.0
5416,4667.0
5417,4667.0
5418,4667.0
5419,4667.0
5420,4667.0
5421,4667.0
5422,4667.0
5423,4667.0
5424,4667.0
5425,4667.0
5426,4667.0
5427,4667.0
5428,4667.0
5429,4667.0
5430,4667.0
5431,4667.0
5432,4667.0
5433,4667.0
5434,4667.0
5435,4667.0
5436,4667.0
5437,4667.0
5438,4667.0
5439,4667.0
5440,4667.0
5441,4667.0
5442,4667.0
5443,4667.0
5444,4667.0
5445,4667.0
5446,4667.0
5447,4667.0
5448,4667.0
5449,4667.0
5450,4667.0
5451,4667.0
5452,4667.0
5453,4667.0
5454,4667.0
5455,4667.0
5456,4667.0
5457,4667.0
5458,4667.0
5459,4667.0
5460,4667.0
5461,4667.0
5462,4667.0
5463,4667.0
5464,4667.0
5465,4667.0
5466,4667.0
5467,4667.0
5468,4667.0
5469,4667.0
5470,4667.0
5471,4667.0
5472,4667.0
5473,4667.0
5474,4667.0
5475,4667.0
5476,4667.0
5477,4667.0
5478,4667.0
5479,4667.0
5480,4667.0
5481,4667.0
5482,4667.0
5483,4667.0
5484,4667.0
5485,4667.0
5486,4667.0
5487,4667.0
5488,4667.0
5489,4667.0
5490,4667.0
5491,4667.0
5492,4667.0
5493,4667.0
5494,4667.0
5495,4667.0
5496,4667.0
5497,4667.0
5498,4667.0
5499,4667.0
5500,4667.0
5501,4667.0
5502,4667.0
5503,4667.0
5504,4667.0
5505,4667.0
5506,4667.0
5507,4667.0
5508,4667.0
5509,4667.0
5510,4667.0
5511,4667.0
5512,4667.0
5513,4667.0
5514,4667.0
5515,4667.0
5516,4667.0
5517,4667.0
5518,4667.0
5519,4667.0
5520,4667.0
5521,4667.0
5522,4667.0
5523,4667.0
5524,4667.0
5525,4667.0
5526,4667.0
5527,4667.0
5528,4667.0
5529,4667.0
5530,4667.0
5531,4667.0
5532,4667.0
5533,4667.0
5534,4667.0
5535,4667.0
5536,4667.0
5537,4667.0
5538,4667.0
5539,4667.0
5540,4667.0
5541,4667.0
5542,4667.0
5543,4667.0
5544,4667.0
5545,4667.0
5546,4667.0
5547,4667.0
5548,4667.0
5549,4667.0
5550,4667.0
5551,4667.0
5552,4667.0
5553,4667.0
5554,4667.0
5555,4667.0
5556,4667.0
5557,4667.0
5558,4667.0
5559,4667.0
5560,4667.0
5561,4667.0
5562,4667.0
5563,4667.0
5564,4667.0
5565,4667.0
5566,4667.0
5567,4667.0
5568,4667.0
5569,4667.0
5570,4667.0
5571,4667.0
5572,4667.0
5573,4667.0
5574,4667.0
5575,4667.0
5576,4667.0
5577,4667.0
5578,4667.0
5579,4667.0
5580,4667.0
5581,4667.0
5582,4667.0
5583,4667.0
5584,4667.0
5585,4667.0
5586,4667.0
5587,4667.0
5588,4667.0
5589,4667.0
5590,4667.0
5591,4667.0
5592,4667.0
5593,4667.0
5594,4667.0
5595,4667.0
5596,4667.0
5597,4667.0
5598,4667.0
5599,4667.0
5600,4667.0
5601,4667.0
5602,4667.0
5603,4667.0
5604,4667.0
5605,4667.0
5606,4667.0
5607,4667.0
5608,4667.0
5609,4667.0
5610,4667.0
5611,4667.0
5612,4667.0
5613,4667.0
5614,4667.0
5615,4667.0
5616,4667.0
5617,4667.0
5618,4667.0
5619,4667.0
5620,4667.0
5621,4667.0
5622,4667.0
5623,4667.0
5624,4667.0
5625,4667.0
5626,4667.0
5627,4667.0
5628,4667.0
5629,4667.0
5630,4667.0
5631,4667.0
5632,4667.0
5633,4667.0
5634,4667.0
5635,4667.0
5636,4667.0
5637,4667.0
5638,4667.0
5639,4667.0
5640,4667.0
5641,4667.0
5642,4667.0
5643,4667.0
5644,4667.0
5645,4667.0
5646,4667.0
5647,4667.0
5648,4667.0
5649,4667.0
5650,4667.0
5651,4667.0
5652,4667.0
5653,4667.0
5654,4667.0
5655,4667.0
5656,4667.0
5657,4667.0
5658,4667.0
5659,4667.0
5660,4667.0
5661,4667.0
5662,4667.0
5663,4667.0
5664,4667.0
5665,4667.0
5666,4667.0
5667,4667.0
5668,4667.0
5669,4667.0
5670,4667.0
5671,4667.0
5672,4667.0
5673,4667.0
5674,4667.0
5675,4667.0
5676,4667.0
5677,4667.0
5678,4667.0
5679,4667.0
5680,4667.0
5681,4667.0
5682,4667.0
5683,4667.0
5684,4667.0
5685,4667.0
5686,4667.0
5687,4667.0
5688,4667.0
5689,4667.0
5690,4667.0
5691,4667.0
5692,4667.0
5693,4667.0
5694,4667.0
5695,4667.0
5696,4667.0
5697,4667.0
5698,4667.0
5699,4667.0
5700,4667.0
5701,4667.0
5702,4667.0
5703,4667.0
5704,4667.0
5705,4667.0
5706,4667.0
5707,4667.0
5708,4667.0
5709,4667.0
5710,4667.0
5711,4667.0
5712,4667.0
5713,4667.0
5714,4667.0
5715,4667.0
5716,4667.0
5717,4667.0
5718,4667.0
5719,4667.0
5720,4667.0
5721,4667.0
5722,4667.0
5723,4667.0
5724,4667.0
5725,4667.0
5726,4667.0
5727,4667.0
5728,4667.0
5729,4667.0
5730,4667.0
5731,4667.0
5732,4667.0
5733,4667.0
5734,4667.0
5735,4667.0
5736,4667.0
5737,4667.0
5738,4667.0
5739,4667.0
5740,4667.0
5741,4667.0
5742,4667.0
5743,4667.0
5744,4667.0
5745,4667.0
5746,4667.0
5747,4667.0
5748,4667.0
5749,4667.0
5750,4667.0
5751,4667.0
5752,4667.0
5753,4667.0
5754,4667.0
5755,4667.0
5756,4667.0
5757,4667.0
5758,4667.0
5759,4667.0
5760,4667.0
5761,4667.0
5762,4667.0
5763,4667.0
5764,4667.0
5765,4667.0
5766,4667.0
5767,4667.0
5768,4667.0
5769,4667.0
5770,4667.0
5771,4667.0
5772,4667.0
5773,4667.0
5774,4667.0
5775,4667.0
5776,4667.0
5777,4667.0
5778,4667.0
5779,4667.0
5780,4667.0
5781,4667.0
5782,4667.0
5783,4667.0
5784,4667.0
5785,4667.0
5786,4667.0
5787,4667.0
5788,4667.0
5789,4667.0
5790,4667.0
5791,4667.0
5792,4667.0
5793,4667.0
5794,4667.0
5795,4667.0
5796,4667.0
5797,4667.0
5798,4667.0
5799,4667.0
5800,4667.0
5801,4667.0
5802,4667.0
5803,4667.0
5804,4667.0
5805,4667.0
5806,4667.0
5807,4667.0
5808,4667.0
5809,4667.0
5810,4667.0
5811,4667.0
5812,4667.0
5813,4667.0
5814,4667.0
5815,4667.0
5816,4667.0
5817,4667.0
5818,4667.0
5819,4667.0
5820,4667.0
5821,4667.0
5822,4667.0
5823,4667.0
5824,4667.0
5825,4667.0
5826,4667.0
5827,4667.0
5828,4667.0
5829,4667.0
5830,4667.0
5831,4667.0
5832,4667.0
5833,4667.0
5834,4667.0
5835,4667.0
5836,4667.0
5837,4667.0
5838,4667.0
5839,4667.0
5840,4667.0
5841,4667.0
5842,4667.0
5843,4667.0
5844,4667.0
5845,4667.0
5846,4667.0
5847,4667.0
5848,4667.0
5849,4667.0
5850,4667.0
5851,4667.0
5852,4667.0
5853,4667.0
5854,4667.0
5855,4667.0
5856,4667.0
5857,4667.0
5858,4667.0
5859,4667.0
5860,4667.0
5861,4667.0
5862,4667.0
5863,4667.0
5864,4667.0
5865,4667.0
5866,4667.0
5867,4667.0
5868,4667.0
5869,4667.0
5870,4667.0
5871,4667.0
5872,4667.0
5873,4667.0
5874,4667.0
5875,4667.0
5876,4667.0
5877,4667.0
5878,4667.0
5879,4667.0
5880,4667.0
5881,4667.0
5882,4667.0
5883,4667.0
5884,4667.0
5885,4667.0
5886,4667.0
5887,4667.0
5888,4667.0
5889,4667.0
5890,4667.0
5891,4667.0
5892,4667.0
5893,4667.0
5894,4667.0
5895,4667.0
5896,4667.0
5897,4667.0
5898,4667.0
5899,4667.0
5900,4667.0
5901,4667.0
5902,4667.0
5903,4667.0
5904,4667.0
5905,4667.0
5906,4667.0
5907,4667.0
5908,4667.0
5909,4667.0
5910,4667.0
5911,4667.0
5912,4667.0
5913,4667.0
5914,4667.0
5915,4667.0
5916,4667.0
5917,4667.0
5918,4667.0
5919,4667.0
5920,4667.0
5921,4667.0
5922,4667.0
5923,4667.0
5924,4667.0
5925,4667.0
5926,4667.0
5927,4667.0
5928,4667.0
5929,4667.0
5930,4667.0
5931,4667.0
5932,4667.0
5933,4667.0
5934,4667.0
5935,4667.0
5936,4667.0
5937,4667.0
5938,4667.0
5939,4667.0
5940,4667.0
5941,4667.0
5942,4667.0
5943,4667.0
5944,4667.0
5945,4667.0
5946,4667.0
5947,4667.0
5948,4667.0
5949,4667.0
5950,4667.0
5951,4667.0
5952,4667.0
5953,4667.0
5954,4667.0
5955,4667.0
5956,4667.0
5957,4667.0
5958,4667.0
5959,4667.0
5960,4667.0
5961,4667.0
5962,4667.0
5963,4667.0
5964,4667.0
5965,4667.0
5966,4667.0
5967,4667.0
5968,4667.0
5969,4667.0
5970,4667.0
5971,4667.0
5972,4667.0
5973,4667.0
5974,4667.0
5975,4667.0
5976,4667.0
5977,4667.0
5978,4667.0
5979,4667.0
5980,4667.0
5981,4667.0
5982,4667.0
5983,4667.0
5984,4667.0
5985,4667.0
5986,4667.0
5987,4667.0
5988,4667.0
5989,4667.0
5990,4667.0
5991,4667.0
5992,4667.0
5993,4667.0
5994,4667.0
5995,4667.0
5996,4667.0
5997,4667.0
5998,4667.0
5999,4667.0
6000,4667.0
6001,4667.0
6002,4667.0
6003,4667.0
6004,4667.0
6005,4667.0
6006,4667.0
6007,4667.0
6008,4667.0
6009,4667.0
6010,4667.0
6011,4667.0
6012,4667.0
6013,4667.0
6014,4667.0
6015,4667.0
6016,4667.0
6017,4667.0
6018,4667.0
6019,4667.0
6020,4667.0
6021,4667.0
6022,4667.0
6023,4667.0
6024,4667.0
6025,4667.0
6026,4667.0
6027,4667.0
6028,4667.0
6029,4667.0
6030,4667.0
6031,4667.0
6032,4667.0
6033,4667.0
6034,4667.0
6035,4667.0
6036,4667.0
6037,4667.0
6038,4667.0
6039,4667.0
6040,4667.0
6041,4667.0
6042,4667.0
6043,4667.0
6044,4667.0
6045,4667.0
6046,4667.0
6047,4667.0
6048,4667.0
6049,4667.0
6050,4667.0
6051,4667.0
6052,4667.0
6053,4667.0
6054,4667.0
6055,4667.0
6056,4667.0
6057,4667.0
6058,4667.0
6059,4667.0
6060,4667.0
6061,4667.0
6062,4667.0
6063,4667.0
6064,4667.0
6065,4667.0
6066,4667.0
6067,4667.0
6068,4667.0
6069,4667.0
6070,4667.0
6071,4667.0
6072,4667.0
6073,4667.0
6074,4667.0
6075,4667.0
6076,4667.0
6077,4667.0
6078,4667.0
6079,4667.0
6080,4667.0
6081,4667.0
6082,4667.0
6083,4667.0
6084,4667.0
6085,4667.0
6086,4667.0
6087,4667.0
6088,4667.0
6089,4667.0
6090,4667.0
6091,4667.0
6092,4667.0
6093,4667.0
6094,4667.0
6095,4667.0
6096,4667.0
6097,4667.0
6098,4667.0
6099,4667.0
6100,4667.0
6101,4667.0
6102,4667.0
6103,4667.0
6104,4667.0
6105,4667.0
6106,4667.0
6107,4667.0
6108,4667.0
6109,4667.0
6110,4667.0
6111,4667.0
6112,4667.0
6113,4667.0
6114,4667.0
6115,4667.0
6116,4667.0
6117,4667.0
6118,4667.0
6119,4667.0
6120,4667.0
6121,4667.0
6122,4667.0
6123,4667.0
6124,4667.0
6125,4667.0
6126,4667.0
6127,4667.0
6128,4667.0
6129,4667.0
6130,4667.0
6131,4667.0
6132,4667.0
6133,4667.0
6134,4667.0
6135,4667.0
6136,4667.0
6137,4667.0
6138,4667.0
6139,4667.0
6140,4667.0
6141,4667.0
6142,4667.0
6143,4667.0
6144,4667.0
6145,4667.0
6146,4667.0
6147,4667.0
6148,4667.0
6149,4667.0
6150,4667.0
6151,4667.0
6152,4667.0
6153,4667.0
6154,4667.0
6155,4667.0
6156,4667.0
6157,4667.0
6158,4667.0
6159,4667.0
6160,4667.0
6161,4667.0
6162,4667.0
6163,4667.0
6164,4667.0
6165,4667.0
6166,4667.0
6167,4667.0
6168,4667.0
6169,4667.0
6170,4667.0
6171,4667.0
6172,4667.0
6173,4667.0
6174,4667.0
6175,4667.0
6176,4667.0
6177,4667.0
6178,4667.0
6179,4667.0
6180,4667.0
6181,4667.0
6182,4667.0
6183,4667.0
6184,4667.0
6185,4667.0
6186,4667.0
6187,4667.0
6188,4667.0
6189,4667.0
6190,4667.0
6191,4667.0
6192,4667.0
6193,4667.0
6194,4667.0
6195,4667.0
6196,4667.0
6197,4667.0
6198,4667.0
6199,4667.0
6200,4667.0
6201,4667.0
6202,4667.0
6203,4667.0
6204,4667.0
6205,4667.0
6206,4667.0
6207,4667.0
6208,4667.0
6209,4667.0
6210,4667.0
6211,4667.0
6212,4667.0
6213,4667.0
6214,4667.0
6215,4667.0
6216,4667.0
6217,4667.0
6218,4667.0
6219,4667.0
6220,4667.0
6221,4667.0
6222,4667.0
6223,4667.0
6224,4667.0
6225,4667.0
6226,4667.0
6227,4667.0
6228,4667.0
6229,4667.0
6230,4667.0
6231,4667.0
6232,4667.0
6233,4667.0
6234,4667.0
6235,4667.0
6236,4667.0
6237,4667.0
6238,4667.0
6239,4667.0
6240,4667.0
6241,4667.0
6242,4667.0
6243,4667.0
6244,4667.0
6245,4667.0
6246,4667.0
6247,4667.0
6248,4667.0
6249,4667.0
6250,4667.0
6251,4667.0
6252,4667.0
6253,4667.0
6254,4667.0
6255,4667.0
6256,4667.0
6257,4667.0
6258,4667.0
6259,4667.0
6260,4667.0
6261,4667.0
6262,4667.0
6263,4667.0
6264,4667.0
6265,4667.0
6266,4667.0
6267,4667.0
6268,4667.0
6269,4667.0
6270,4667.0
6271,4667.0
6272,4667.0
6273,4667.0
6274,4667.0
6275,4667.0
6276,4667.0
6277,4667.0
6278,4667.0
6279,4667.0
6280,4667.0
6281,4667.0
6282,4667.0
6283,4667.0
6284,4667.0
6285,4667.0
6286,4667.0
6287,4667.0
6288,4667.0
6289,4667.0
6290,4667.0
6291,4667.0
6292,4667.0
6293,4667.0
6294,4667.0
6295,4667.0
6296,4667.0
6297,4667.0
6298,4667.0
6299,4667.0
6300,4667.0
6301,4667.0
6302,4667.0
6303,4667.0
6304,4667.0
6305,4667.0
6306,4667.0
6307,4667.0
6308,4667.0
6309,4667.0
6310,4667.0
6311,4667.0
6312,4667.0
6313,4667.0
6314,4667.0
6315,4667.0
6316,4667.0
6317,4667.0
6318,4667.0
6319,4667.0
6320,4667.0
6321,4667.0
6322,4667.0
6323,4667.0
6324,4667.0
6325,4667.0
6326,4667.0
6327,4667.0
6328,4667.0
6329,4667.0
6330,4667.0
6331,4667.0
6332,4667.0
6333,4667.0
6334,4667.0
6335,4667.0
6336,4667.0
6337,4667.0
6338,4667.0
6339,4667.0
6340,4667.0
6341,4667.0
6342,4667.0
6343,4667.0
6344,4667.0
6345,4667.0
6346,4667.0
6347,4667.0
6348,4667.0
6349,4667.0
6350,4667.0
6351,4667.0
6352,4667.0
6353,4667.0
6354,4667.0
6355,4667.0
6356,4667.0
6357,4667.0
6358,4667.0
6359,4667.0
6360,4667.0
6361,4667.0
6362,4667.0
6363,4667.0
6364,4667.0
6365,4667.0
6366,4667.0
6367,4667.0
6368,4667.0
6369,4667.0
6370,4667.0
6371,4667.0
6372,4667.0
6373,4667.0
6374,4667.0
6375,4667.0
6376,4667.0
6377,4667.0
6378,4667.0
6379,4667.0
6380,4667.0
6381,4667.0
6382,4667.0
6383,4667.0
6384,4667.0
6385,4667.0
6386,4667.0
6387,4667.0
6388,4667.0
6389,4667.0
6390,4667.0
6391,4667.0
6392,4667.0
6393,4667.0
6394,4667.0
6395,4667.0
6396,4667.0
6397,4667.0
6398,4667.0
6399,4667.0
6400,4667.0
6401,4667.0
6402,4667.0
6403,4667.0
6404,4667.0
6405,4667.0
6406,4667.0
6407,4667.0
6408,4667.0
6409,4667.0
6410,4667.0
6411,4667.0
6412,4667.0
6413,4667.0
6414,4667.0
6415,4667.0
6416,4667.0
6417,4667.0
6418,4667.0
6419,4667.0
6420,4667.0
6421,4667.0
6422,4667.0
6423,4667.0
6424,4667.0
6425,4667.0
6426,4667.0
6427,4667.0
6428,4667.0
6429,4667.0
6430,4667.0
6431,4667.0
6432,4667.0
6433,4667.0
6434,4667.0
6435,4667.0
6436,4667.0
6437,4667.0
6438,4667.0
6439,4667.0
6440,4667.0
6441,4667.0
6442,4667.0
6443,4667.0
6444,4667.0
6445,4667.0
6446,4667.0
6447,4667.0
6448,4667.0
6449,4667.0
6450,4667.0
6451,4667.0
6452,4667.0
6453,4667.0
6454,4667.0
6455,4667.0
6456,4667.0
6457,4667.0
6458,4667.0
6459,4667.0
6460,4667.0
6461,4667.0
6462,4667.0
6463,4667.0
6464,4667.0
6465,4667.0
6466,4667.0
6467,4667.0
6468,4667.0
6469,4667.0
6470,4667.0
6471,4667.0
6472,4667.0
6473,4667.0
6474,4667.0
6475,4667.0
6476,4667.0
6477,4667.0
6478,4667.0
6479,4667.0
6480,4667.0
6481,4667.0
6482,4667.0
6483,4667.0
6484,4667.0
6485,4667.0
6486,4667.0
6487,4667.0
6488,4667.0
6489,4667.0
6490,4667.0
6491,4667.0
6492,4667.0
6493,4667.0
6494,4667.0
6495,4667.0
6496,4667.0
6497,4667.0
6498,4667.0
6499,4667.0
6500,4667.0
6501,4667.0
6502,4667.0
6503,4667.0
6504,4667.0
6505,4667.0
6506,4667.0
6507,4667.0
6508,4667.0
6509,4667.0
6510,4667.0
6511,4667.0
6512,4667.0
6513,4667.0
6514,4667.0
6515,4667.0
6516,4667.0
6517,4667.0
6518,4667.0
6519,4667.0
6520,4667.0
6521,4667.0
6522,4667.0
6523,4667.0
6524,4667.0
6525,4667.0
6526,4667.0
6527,4667.0
6528,4667.0
6529,4667.0
6530,4667.0
6531,4667.0
6532,4667.0
6533,4667.0
6534,4667.0
6535,4667.0
6536,4667.0
6537,4667.0
6538,4667.0
6539,4667.0
6540,4667.0
6541,4667.0
6542,4667.0
6543,4667.0
6544,4667.0
6545,4667.0
6546,4667.0
6547,4667.0
6548,4667.0
6549,4667.0
6550,4667.0
6551,4667.0
6552,4667.0
6553,4667.0
6554,4667.0
6555,4667.0
6556,4667.0
6557,4667.0
6558,4667.0
6559,4667.0
6560,4667.0
6561,4667.0
6562,4667.0
6563,4667.0
6564,4667.0
6565,4667.0
6566,4667.0
6567,4667.0
6568,4667.0
6569,4667.0
6570,4667.0
6571,4667.0
6572,4667.0
6573,4667.0
6574,4667.0
6575,4667.0
6576,4667.0
6577,4667.0
6578,4667.0
6579,4667.0
6580,4667.0
6581,4667.0
6582,4667.0
6583,4667.0
6584,4667.0
6585,4667.0
6586,4667.0
6587,4667.0
6588,4667.0
6589,4667.0
6590,4667.0
6591,4667.0
6592,4667.0
6593,4667.0
6594,4667.0
6595,4667.0
6596,4667.0
6597,4667.0
6598,4667.0
6599,4667.0
6600,4667.0
6601,4667.0
6602,4667.0
6603,4667.0
6604,4667.0
6605,4667.0
6606,4667.0
6607,4667.0
6608,4667.0
6609,4667.0
6610,4667.0
6611,4667.0
6612,4667.0
6613,4667.0
6614,4667.0
6615,4667.0
6616,4667.0
6617,4667.0
6618,4667.0
6619,4667.0
6620,4667.0
6621,4667.0
6622,4667.0
6623,4667.0
6624,4667.0
6625,4667.0
6626,4667.0
6627,4667.0
6628,4667.0
6629,4667.0
6630,4667.0
6631,4667.0
6632,4667.0
6633,4667.0
6634,4667.0
6635,4667.0
6636,4667.0
6637,4667.0
6638,4667.0
6639,4667.0
6640,4667.0
6641,4667.0
6642,4667.0
6643,4667.0
6644,4667.0
6645,4667.0
6646,4667.0
6647,4667.0
6648,4667.0
6649,4667.0
6650,4667.0
6651,4667.0
6652,4667.0
6653,4667.0
6654,4667.0
6655,4667.0
6656,4667.0
6657,4667.0
6658,4667.0
6659,4667.0
6660,4667.0
6661,4667.0
6662,4667.0
6663,4667.0
6664,4667.0
6665,4667.0
6666,4667.0
6667,4667.0
6668,4667.0
6669,4667.0
6670,4667.0
6671,4667.0
6672,4667.0
6673,4667.0
6674,4667.0
6675,4667.0
6676,4667.0
6677,4667.0
6678,4667.0
6679,4667.0
6680,4667.0
6681,4667.0
6682,4667.0
6683,4667.0
6684,4667.0
6685,4667.0
6686,4667.0
6687,4667.0
6688,4667.0
6689,4667.0
6690,4667.0
6691,4667.0
6692,4667.0
6693,4667.0
6694,4667.0
6695,4667.0
6696,4667.0
6697,4667.0
6698,4667.0
6699,4667.0
6700,4667.0
6701,4667.0
6702,4667.0
6703,4667.0
6704,4667.0
6705,4667.0
6706,4667.0
6707,4667.0
6708,4667.0
6709,4667.0
6710,4667.0
6711,4667.0
6712,4667.0
6713,4667.0
6714,4667.0
6715,4667.0
6716,4667.0
6717,4667.0
6718,4667.0
6719,4667.0
6720,4667.0
6721,4667.0
6722,4667.0
6723,4667.0
6724,4667.0
6725,4667.0
6726,4667.0
6727,4667.0
6728,4667.0
6729,4667.0
6730,4667.0
6731,4667.0
6732,4667.0
6733,4667.0
6734,4667.0
6735,4667.0
6736,4667.0
6737,4667.0
6738,4667.0
6739,4667.0
6740,4667.0
6741,4667.0
6742,4667.0
6743,4667.0
6744,4667.0
6745,4667.0
6746,4667.0
6747,4667.0
6748,4667.0
6749,4667.0
6750,4667.0
6751,4667.0
6752,4667.0
6753,4667.0
6754,4667.0
6755,4667.0
6756,4667.0
6757,4667.0
6758,4667.0
6759,4667.0
6760,4667.0
6761,4667.0
6762,4667.0
6763,4667.0
6764,4667.0
6765,4667.0
6766,4667.0
6767,4667.0
6768,4667.0
6769,4667.0
6770,4667.0
6771,4667.0
6772,4667.0
6773,4667.0
6774,4667.0
6775,4667.0
6776,4667.0
6777,4667.0
6778,4667.0
6779,4667.0
6780,4667.0
6781,4667.0
6782,4667.0
6783,4667.0
6784,4667.0
6785,4667.0
6786,4667.0
6787,4667.0
6788,4667.0
6789,4667.0
6790,4667.0
6791,4667.0
6792,4667.0
6793,4667.0
6794,4667.0
6795,4667.0
6796,4667.0
6797,4667.0
6798,4667.0
6799,4667.0
6800,4667.0
6801,4667.0
6802,4667.0
6803,4667.0
6804,4667.0
6805,4667.0
6806,4667.0
6807,4667.0
6808,4667.0
6809,4667.0
6810,4667.0
6811,4667.0
6812,4667.0
6813,4667.0
6814,4667.0
6815,4667.0
6816,4667.0
6817,4667.0
6818,4667.0
6819,4667.0
6820,4667.0
6821,4667.0
6822,4667.0
6823,4667.0
6824,4667.0
6825,4667.0
6826,4667.0
6827,4667.0
6828,4667.0
6829,4667.0
6830,4667.0
6831,4667.0
6832,4667.0
6833,4667.0
6834,4667.0
6835,4667.0
6836,4667.0
6837,4667.0
6838,4667.0
6839,4667.0
6840,4667.0
6841,4667.0
6842,4667.0
6843,4667.0
6844,4667.0
6845,4667.0
6846,4667.0
6847,4667.0
6848,4667.0
6849,4667.0
6850,4667.0
6851,4667.0
6852,4667.0
6853,4667.0
6854,4667.0
6855,4667.0
6856,4667.0
6857,4667.0
6858,4667.0
6859,4667.0
6860,4667.0
6861,4667.0
6862,4667.0
6863,4667.0
6864,4667.0
6865,4667.0
6866,4667.0
6867,4667.0
6868,4667.0
6869,4667.0
6870,4667.0
6871,4667.0
6872,4667.0
6873,4667.0
6874,4667.0
6875,4667.0
6876,4667.0
6877,4667.0
6878,4667.0
6879,4667.0
6880,4667.0
6881,4667.0
6882,4667.0
6883,4667.0
6884,4667.0
6885,4667.0
6886,4667.0
6887,4667.0
6888,4667.0
6889,4667.0
6890,4667.0
6891,4667.0
6892,4667.0
6893,4667.0
6894,4667.0
6895,4667.0
6896,4667.0
6897,4667.0
6898,4667.0
6899,4667.0
6900,4667.0
6901,4667.0
6902,4667.0
6903,4667.0
6904,4667.0
6905,4667.0
6906,4667.0
6907,4667.0
6908,4667.0
6909,4667.0
6910,4667.0
6911,4667.0
6912,4667.0
6913,4667.0
6914,4667.0
6915,4667.0
6916,4667.0
6917,4667.0
6918,4667.0
6919,4667.0
6920,4667.0
6921,4667.0
6922,4667.0
6923,4667.0
6924,4667.0
6925,4667.0
6926,4667.0
6927,4667.0
6928,4667.0
6929,4667.0
6930,4667.0
6931,4667.0
6932,4667.0
6933,4667.0
6934,4667.0
6935,4667.0
6936,4667.0
6937,4667.0
6938,4667.0
6939,4667.0
6940,4667.0
6941,4667.0
6942,4667.0
6943,4667.0
6944,4667.0
6945,4667.0
6946,4667.0
6947,4667.0
6948,4667.0
6949,4667.0
6950,4667.0
6951,4667.0
6952,4667.0
6953,4667.0
6954,4667.0
6955,4667.0
6956,4667.0
6957,4667.0
6958,4667.0
6959,4667.0
6960,4667.0
6961,4667.0
6962,4667.0
6963,4667.0
6964,4667.0
6965,4667.0
6966,4667.0
6967,4667.0
6968,4667.0
6969,4667.0
6970,4667.0
6971,4667.0
6972,4667.0
6973,4667.0
6974,4667.0
6975,4667.0
6976,4667.0
6977,4667.0
6978,4667.0
6979,4667.0
6980,4667.0
6981,4667.0
6982,4667.0
6983,4667.0
6984,4667.0
6985,4667.0
6986,4667.0
6987,4667.0
6988,4667.0
6989,4667.0
6990,4667.0
6991,4667.0
6992,4667.0
6993,4667.0
6994,4667.0
6995,4667.0
6996,4667.0
6997,4667.0
6998,4667.0
6999,4667.0
7000,4667.0
7001,4667.0
7002,4667.0
7003,4667.0
7004,4667.0
7005,4667.0
7006,4667.0
7007,4667.0
7008,4667.0
7009,4667.0
7010,4667.0
7011,4667.0
7012,4667.0
7013,4667.0
7014,4667.0
7015,4667.0
7016,4667.0
7017,4667.0
7018,4667.0
7019,4667.0
7020,4667.0
7021,4667.0
7022,4667.0
7023,4667.0
7024,4667.0
7025,4667.0
7026,4667.0
7027,4667.0
7028,4667.0
7029,4667.0
7030,4667.0
7031,4667.0
7032,4667.0
7033,4667.0
7034,4667.0
7035,4667.0
7036,4667.0
7037,4667.0
7038,4667.0
7039,4667.0
7040,4667.0
7041,4667.0
7042,4667.0
7043,4667.0
7044,4667.0
7045,4667.0
7046,4667.0
7047,4667.0
7048,4667.0
7049,4667.0
7050,4667.0
7051,4667.0
7052,4667.0
7053,4667.0
7054,4667.0
7055,4667.0
7056,4667.0
7057,4667.0
7058,4667.0
7059,4667.0
7060,4667.0
7061,4667.0
7062,4667.0
7063,4667.0
7064,4667.0
7065,4667.0
7066,4667.0
7067,4667.0
7068,4667.0
7069,4667.0
7070,4667.0
7071,4667.0
7072,4667.0
7073,4667.0
7074,4667.0
7075,4667.0
7076,4667.0
7077,4667.0
7078,4667.0
7079,4667.0
7080,4667.0
7081,4667.0
7082,4667.0
7083,4667.0
7084,4667.0
7085,4667.0
7086,4667.0
7087,4667.0
7088,4667.0
7089,4667.0
7090,4667.0
7091,4667.0
7092,4667.0
7093,4667.0
7094,4667.0
7095,4667.0
7096,4667.0
7097,4667.0
7098,4667.0
7099,4667.0
7100,4667.0
7101,4667.0
7102,4667.0
7103,4667.0
7104,4667.0
7105,4667.0
7106,4667.0
7107,4667.0
7108,4667.0
7109,4667.0
7110,4667.0
7111,4667.0
7112,4667.0
7113,4667.0
7114,4667.0
7115,4667.0
7116,4667.0
7117,4667.0
7118,4667.0
7119,4667.0
7120,4667.0
7121,4667.0
7122,4667.0
7123,4667.0
7124,4667.0
7125,4667.0
7126,4667.0
7127,4667.0
7128,4667.0
7129,4667.0
7130,4667.0
7131,4667.0
7132,4667.0
7133,4667.0
7134,4667.0
7135,4667.0
7136,4667.0
7137,4667.0
7138,4667.0
7139,4667.0
7140,4667.0
7141,4667.0
7142,4667.0
7143,4667.0
7144,4667.0
7145,4667.0
7146,4667.0
7147,4667.0
7148,4667.0
7149,4667.0
7150,4667.0
7151,4667.0
7152,4667.0
7153,4667.0
7154,4667.0
7155,4667.0
7156,4667.0
7157,4667.0
7158,4667.0
7159,4667.0
7160,4667.0
7161,4667.0
7162,4667.0
7163,4667.0
7164,4667.0
7165,4667.0
7166,4667.0
7167,4667.0
7168,4667.0
7169,4667.0
7170,4667.0
7171,4667.0
7172,4667.0
7173,4667.0
7174,4667.0
7175,4667.0
7176,4667.0
7177,4667.0
7178,4667.0
7179,4667.0
7180,4667.0
7181,4667.0
7182,4667.0
7183,4667.0
7184,4667.0
7185,4667.0
7186,4667.0
7187,4667.0
7188,4667.0
7189,4667.0
7190,4667.0
7191,4667.0
7192,4667.0
7193,4667.0
7194,4667.0
7195,4667.0
7196,4667.0
7197,4667.0
7198,4667.0
7199,4667.0
7200,4667.0
7201,4667.0
7202,4667.0
7203,4667.0
7204,4667.0
7205,4667.0
7206,4667.0
7207,4667.0
7208,4667.0
7209,4667.0
7210,4667.0
7211,4667.0
7212,4667.0
7213,4667.0
7214,4667.0
7215,4667.0
7216,4667.0
7217,4667.0
7218,4667.0
7219,4667.0
7220,4667.0
7221,4667.0
7222,4667.0
7223,4667.0
7224,4667.0
7225,4667.0
7226,4667.0
7227,4667.0
7228,4667.0
7229,4667.0
7230,4667.0
7231,4667.0
7232,4667.0
7233,4667.0
7234,4667.0
7235,4667.0
7236,4667.0
7237,4667.0
7238,4667.0
7239,4667.0
7240,4667.0
7241,4667.0
7242,4667.0
7243,4667.0
7244,4667.0
7245,4667.0
7246,4667.0
7247,4667.0
7248,4667.0
7249,4667.0
7250,4667.0
7251,4667.0
7252,4667.0
7253,4667.0
7254,4667.0
7255,4667.0
7256,4667.0
7257,4667.0
7258,4667.0
7259,4667.0
7260,4667.0
7261,4667.0
7262,4667.0
7263,4667.0
7264,4667.0
7265,4667.0
7266,4667.0
7267,4667.0
7268,4667.0
7269,4667.0
7270,4667.0
7271,4667.0
7272,4667.0
7273,4667.0
7274,4667.0
7275,4667.0
7276,4667.0
7277,4667.0
7278,4667.0
7279,4667.0
7280,4667.0
7281,4667.0
7282,4667.0
7283,4667.0
7284,4667.0
7285,4667.0
7286,4667.0
7287,4667.0
7288,4667.0
7289,4667.0
7290,4667.0
7291,4667.0
7292,4667.0
7293,4667.0
7294,4667.0
7295,4667.0
7296,4667.0
7297,4667.0
7298,4667.0
7299,4667.0
7300,4667.0
7301,4667.0
7302,4667.0
7303,4667.0
7304,4667.0
7305,4667.0
7306,4667.0
7307,4667.0
7308,4667.0
7309,4667.0
7310,4667.0
7311,4667.0
7312,4667.0
7313,4667.0
7314,4667.0
7315,4667.0
7316,4667.0
7317,4667.0
7318,4667.0
7319,4667.0
7320,4667.0
7321,4667.0
7322,4667.0
7323,4667.0
7324,4667.0
7325,4667.0
7326,4667.0
7327,4667.0
7328,4667.0
7329,4667.0
7330,4667.0
7331,4667.0
7332,4667.0
7333,4667.0
7334,4667.0
7335,4667.0
7336,4667.0
7337,4667.0
7338,4667.0
7339,4667.0
7340,4667.0
7341,4667.0
7342,4667.0
7343,4667.0
7344,4667.0
7345,4667.0
7346,4667.0
7347,4667.0
7348,4667.0
7349,4667.0
7350,4667.0
7351,4667.0
7352,4667.0
7353,4667.0
7354,4667.0
7355,4667.0
7356,4667.0
7357,4667.0
7358,4667.0
7359,4667.0
7360,4667.0
7361,4667.0
7362,4667.0
7363,4667.0
7364,4667.0
7365,4667.0
7366,4667.0
7367,4667.0
7368,4667.0
7369,4667.0
7370,4667.0
7371,4667.0
7372,4667.0
7373,4667.0
7374,4667.0
7375,4667.0
7376,4667.0
7377,4667.0
7378,4667.0
7379,4667.0
7380,4667.0
7381,4667.0
7382,4667.0
7383,4667.0
7384,4667.0
7385,4667.0
7386,4667.0
7387,4667.0
7388,4667.0
7389,4667.0
7390,4667.0
7391,4667.0
7392,4667.0
7393,4667.0
7394,4667.0
7395,4667.0
7396,4667.0
7397,4667.0
7398,4667.0
7399,4667.0
7400,4667.0
7401,4667.0
7402,4667.0
7403,4667.0
7404,4667.0
7405,4667.0
7406,4667.0
7407,4667.0
7408,4667.0
7409,4667.0
7410,4667.0
7411,4667.0
7412,4667.0
7413,4667.0
7414,4667.0
7415,4667.0
7416,4667.0
7417,4667.0
7418,4667.0
7419,4667.0
7420,4667.0
7421,4667.0
7422,4667.0
7423,4667.0
7424,4667.0
7425,4667.0
7426,4667.0
7427,4667.0
7428,4667.0
7429,4667.0
7430,4667.0
7431,4667.0
7432,4667.0
7433,4667.0
7434,4667.0
7435,4667.0
7436,4667.0
7437,4667.0
7438,4667.0
7439,4667.0
7440,4667.0
7441,4667.0
7442,4667.0
7443,4667.0
7444,4667.0
7445,4667.0
7446,4667.0
7447,4667.0
7448,4667.0
7449,4667.0
7450,4667.0
7451,4667.0
7452,4667.0
7453,4667.0
7454,4667.0
7455,4667.0
7456,4667.0
7457,4667.0
7458,4667.0
7459,4667.0
7460,4667.0
7461,4667.0
7462,4667.0
7463,4667.0
7464,4667.0
7465,4667.0
7466,4667.0
7467,4667.0
7468,4667.0
7469,4667.0
7470,4667.0
7471,4667.0
7472,4667.0
7473,4667.0
7474,4667.0
7475,4667.0
7476,4667.0
7477,4667.0
7478,4667.0
7479,4667.0
7480,4667.0
7481,4667.0
7482,4667.0
7483,4667.0
7484,4667.0
7485,4667.0
7486,4667.0
7487,4667.0
7488,4667.0
7489,4667.0
7490,4667.0
7491,4667.0
7492,4667.0
7493,4667.0
7494,4667.0
7495,4667.0
7496,4667.0
7497,4667.0
7498,4667.0
7499,4667.0
7500,4667.0
7501,4667.0
7502,4667.0
7503,4667.0
7504,4667.0
7505,4667.0
7506,4667.0
7507,4667.0
7508,4667.0
7509,4667.0
7510,4667.0
7511,4667.0
7512,4667.0
7513,4667.0
7514,4667.0
7515,4667.0
7516,4667.0
7517,4667.0
7518,4667.0
7519,4667.0
7520,4667.0
7521,4667.0
7522,4667.0
7523,4667.0
7524,4667.0
7525,4667.0
7526,4667.0
7527,4667.0
7528,4667.0
7529,4667.0
7530,4667.0
7531,4667.0
7532,4667.0
7533,4667.0
7534,4667.0
7535,4667.0
7536,4667.0
7537,4667.0
7538,4667.0
7539,4667.0
7540,4667.0
7541,4667.0
7542,4667.0
7543,4667.0
7544,4667.0
7545,4667.0
7546,4667.0
7547,4667.0
7548,4667.0
7549,4667.0
7550,4667.0
7551,4667.0
7552,4667.0
7553,4667.0
7554,4667.0
7555,4667.0
7556,4667.0
7557,4667.0
7558,4667.0
7559,4667.0
7560,4667.0
7561,4667.0
7562,4667.0
7563,4667.0
7564,4667.0
7565,4667.0
7566,4667.0
7567,4667.0
7568,4667.0
7569,4667.0
7570,4667.0
7571,4667.0
7572,4667.0
7573,4667.0
7574,4667.0
7575,4667.0
7576,4667.0
7577,4667.0
7578,4667.0
7579,4667.0
7580,4667.0
7581,4667.0
7582,4667.0
7583,4667.0
7584,4667.0
7585,4667.0
7586,4667.0
7587,4667.0
7588,4667.0
7589,4667.0
7590,4667.0
7591,4667.0
7592,4667.0
7593,4667.0
7594,4667.0
7595,4667.0
7596,4667.0
7597,4667.0
7598,4667.0
7599,4667.0
7600,4667.0
7601,4667.0
7602,4667.0
7603,4667.0
7604,4667.0
7605,4667.0
7606,4667.0
7607,4667.0
7608,4667.0
7609,4667.0
7610,4667.0
7611,4667.0
7612,4667.0
7613,4667.0
7614,4667.0
7615,4667.0
7616,4667.0
7617,4667.0
7618,4667.0
7619,4667.0
7620,4667.0
7621,4667.0
7622,4667.0
7623,4667.0
7624,4667.0
7625,4667.0
7626,4667.0
7627,4667.0
7628,4667.0
7629,4667.0
7630,4667.0
7631,4667.0
7632,4667.0
7633,4667.0
7634,4667.0
7635,4667.0
7636,4667.0
7637,4667.0
7638,4667.0
7639,4667.0
7640,4667.0
7641,4667.0
7642,4667.0
7643,4667.0
7644,4667.0
7645,4667.0
7646,4667.0
7647,4667.0
7648,4667.0
7649,4667.0
7650,4667.0
7651,4667.0
7652,4667.0
7653,4667.0
7654,4667.0
7655,4667.0
7656,4667.0
7657,4667.0
7658,4667.0
7659,4667.0
7660,4667.0
7661,4667.0
7662,4667.0
7663,4667.0
7664,4667.0
7665,4667.0
7666,4667.0
7667,4667.0
7668,4667.0
7669,4667.0
7670,4667.0
7671,4667.0
7672,4667.0
7673,4667.0
7674,4667.0
7675,4667.0
7676,4667.0
7677,4667.0
7678,4667.0
7679,4667.0
7680,4667.0
7681,4667.0
7682,4667.0
7683,4667.0
7684,4667.0
7685,4667.0
7686,4667.0
7687,4667.0
7688,4667.0
7689,4667.0
7690,4667.0
7691,4667.0
7692,4667.0
7693,4667.0
7694,4667.0
7695,4667.0
7696,4667.0
7697,4667.0
7698,4667.0
7699,4667.0
7700,4667.0
7701,4667.0
7702,4667.0
7703,4667.0
7704,4667.0
7705,4667.0
7706,4667.0
7707,4667.0
7708,4667.0
7709,4667.0
7710,4667.0
7711,4667.0
7712,4667.0
7713,4667.0
7714,4667.0
7715,4667.0
7716,4667.0
7717,4667.0
7718,4667.0
7719,4667.0
7720,4667.0
7721,4667.0
7722,4667.0
7723,4667.0
7724,4667.0
7725,4667.0
7726,4667.0
7727,4667.0
7728,4667.0
7729,4667.0
7730,4667.0
7731,4667.0
7732,4667.0
7733,4667.0
7734,4667.0
7735,4667.0
7736,4667.0
7737,4667.0
7738,4667.0
7739,4667.0
7740,4667.0
7741,4667.0
7742,4667.0
7743,4667.0
7744,4667.0
7745,4667.0
7746,4667.0
7747,4667.0
7748,4667.0
7749,4667.0
7750,4667.0
7751,4667.0
7752,4667.0
7753,4667.0
7754,4667.0
7755,4667.0
7756,4667.0
7757,4667.0
7758,4667.0
7759,4667.0
7760,4667.0
7761,4667.0
7762,4667.0
7763,4667.0
7764,4667.0
7765,4667.0
7766,4667.0
7767,4667.0
7768,4667.0
7769,4667.0
7770,4667.0
7771,4667.0
7772,4667.0
7773,4667.0
7774,4667.0
7775,4667.0
7776,4667.0
7777,4667.0
7778,4667.0
7779,4667.0
7780,4667.0
7781,4667.0
7782,4667.0
7783,4667.0
7784,4667.0
7785,4667.0
7786,4667.0
7787,4667.0
7788,4667.0
7789,4667.0
7790,4667.0
7791,4667.0
7792,4667.0
7793,4667.0
7794,4667.0
7795,4667.0
7796,4667.0
7797,4667.0
7798,4667.0
7799,4667.0
7800,4667.0
7801,4667.0
7802,4667.0
7803,4667.0
7804,4667.0
7805,4667.0
7806,4667.0
7807,4667.0
7808,4667.0
7809,4667.0
7810,4667.0
7811,4667.0
7812,4667.0
7813,4667.0
7814,4667.0
7815,4667.0
7816,4667.0
7817,4667.0
7818,4667.0
7819,4667.0
7820,4667.0
7821,4667.0
7822,4667.0
7823,4667.0
7824,4667.0
7825,4667.0
7826,4667.0
7827,4667.0
7828,4667.0
7829,4667.0
7830,4667.0
7831,4667.0
7832,4667.0
7833,4667.0
7834,4667.0
7835,4667.0
7836,4667.0
7837,4667.0
7838,4667.0
7839,4667.0
7840,4667.0
7841,4667.0
7842,4667.0
7843,4667.0
7844,4667.0
7845,4667.0
7846,4667.0
7847,4667.0
7848,4667.0
7849,4667.0
7850,4667.0
7851,4667.0
7852,4667.0
7853,4667.0
7854,4667.0
7855,4667.0
7856,4667.0
7857,4667.0
7858,4667.0
7859,4667.0
7860,4667.0
7861,4667.0
7862,4667.0
7863,4667.0
7864,4667.0
7865,4667.0
7866,4667.0
7867,4667.0
7868,4667.0
7869,4667.0
7870,4667.0
7871,4667.0
7872,4667.0
7873,4667.0
7874,4667.0
7875,4667.0
7876,4667.0
7877,4667.0
7878,4667.0
7879,4667.0
7880,4667.0
7881,4667.0
7882,4667.0
7883,4667.0
7884,4667.0
7885,4667.0
7886,4667.0
7887,4667.0
7888,4667.0
7889,4667.0
7890,4667.0
7891,4667.0
7892,4667.0
7893,4667.0
7894,4667.0
7895,4667.0
7896,4667.0
7897,4667.0
7898,4667.0
7899,4667.0
7900,4667.0
7901,4667.0
7902,4667.0
7903,4667.0
7904,4667.0
7905,4667.0
7906,4667.0
7907,4667.0
7908,4667.0
7909,4667.0
7910,4667.0
7911,4667.0
7912,4667.0
7913,4667.0
7914,4667.0
7915,4667.0
7916,4667.0
7917,4667.0
7918,4667.0
7919,4667.0
7920,4667.0
7921,4667.0
7922,4667.0
7923,4667.0
7924,4667.0
7925,4667.0
7926,4667.0
7927,4667.0
7928,4667.0
7929,4667.0
7930,4667.0
7931,4667.0
7932,4667.0
7933,4667.0
7934,4667.0
7935,4667.0
7936,4667.0
7937,4667.0
7938,4667.0
7939,4667.0
7940,4667.0
7941,4667.0
7942,4667.0
7943,4667.0
7944,4667.0
7945,4667.0
7946,4667.0
7947,4667.0
7948,4667.0
7949,4667.0
7950,4667.0
7951,4667.0
7952,4667.0
7953,4667.0
7954,4667.0
7955,4667.0
7956,4667.0
7957,4667.0
7958,4667.0
7959,4667.0
7960,4667.0
7961,4667.0
7962,4667.0
7963,4667.0
7964,4667.0
7965,4667.0
7966,4667.0
7967,4667.0
7968,4667.0
7969,4667.0
7970,4667.0
7971,4667.0
7972,4667.0
7973,4667.0
7974,4667.0
7975,4667.0
7976,4667.0
7977,4667.0
7978,4667.0
7979,4667.0
7980,4667.0
7981,4667.0
7982,4667.0
7983,4667.0
7984,4667.0
7985,4667.0
7986,4667.0
7987,4667.0
7988,4667.0
7989,4667.0
7990,4667.0
7991,4667.0
7992,4667.0
7993,4667.0
7994,4667.0
7995,4667.0
7996,4667.0
7997,4667.0
7998,4667.0
7999,4667.0
8000,4667.0
8001,4667.0
8002,4667.0
8003,4667.0
8004,4667.0
8005,4667.0
8006,4667.0
8007,4667.0
8008,4667.0
8009,4667.0
8010,4667.0
8011,4667.0
8012,4667.0
8013,4667.0
8014,4667.0
8015,4667.0
8016,4667.0
8017,4667.0
8018,4667.0
8019,4667.0
8020,4667.0
8021,4667.0
8022,4667.0
8023,4667.0
8024,4667.0
8025,4667.0
8026,4667.0
8027,4667.0
8028,4667.0
8029,4667.0
8030,4667.0
8031,4667.0
8032,4667.0
8033,4667.0
8034,4667.0
8035,4667.0
8036,4667.0
8037,4667.0
8038,4667.0
8039,4667.0
8040,4667.0
8041,4667.0
8042,4667.0
8043,4667.0
8044,4667.0
8045,4667.0
8046,4667.0
8047,4667.0
8048,4667.0
8049,4667.0
8050,4667.0
8051,4667.0
8052,4667.0
8053,4667.0
8054,4667.0
8055,4667.0
8056,4667.0
8057,4667.0
8058,4667.0
8059,4667.0
8060,4667.0
8061,4667.0
8062,4667.0
8063,4667.0
8064,4667.0
8065,4667.0
8066,4667.0
8067,4667.0
8068,4667.0
8069,4667.0
8070,4667.0
8071,4667.0
8072,4667.0
8073,4667.0
8074,4667.0
8075,4667.0
8076,4667.0
8077,4667.0
8078,4667.0
8079,4667.0
8080,4667.0
8081,4667.0
8082,4667.0
8083,4667.0
8084,4667.0
8085,4667.0
8086,4667.0
8087,4667.0
8088,4667.0
8089,4667.0
8090,4667.0
8091,4667.0
8092,4667.0
8093,4667.0
8094,4667.0
8095,4667.0
8096,4667.0
8097,4667.0
8098,4667.0
8099,4667.0
8100,4667.0
8101,4667.0
8102,4667.0
8103,4667.0
8104,4667.0
8105,4667.0
8106,4667.0
8107,4667.0
8108,4667.0
8109,4667.0
8110,4667.0
8111,4667.0
8112,4667.0
8113,4667.0
8114,4667.0
8115,4667.0
8116,4667.0
8117,4667.0
8118,4667.0
8119,4667.0
8120,4667.0
8121,4667.0
8122,4667.0
8123,4667.0
8124,4667.0
8125,4667.0
8126,4667.0
8127,4667.0
8128,4667.0
8129,4667.0
8130,4667.0
8131,4667.0
8132,4667.0
8133,4667.0
8134,4667.0
8135,4667.0
8136,4667.0
