,IN
2012-01-01,73663890193771.56
2012-01-02,73616948832143.4
2012-01-03,73615927963627.73
2012-01-04,73579193173958.25
2012-01-05,73537021100390.56
2012-01-06,73478732605995.5
2012-01-07,73424916204231.12
2012-01-08,73363980452959.95
2012-01-09,73276370234033.78
2012-01-10,73212045247419.03
2012-01-11,73164968506964.48
2012-01-12,73162201628764.7
2012-01-13,73208182134826.81
2012-01-14,73294966752497.33
2012-01-15,73418359463570.64
2012-01-16,73579573702204.28
2012-01-17,73693565367726.3
2012-01-18,73769340543893.1
2012-01-19,73819137440632.7
2012-01-20,73852763006339.05
2012-01-21,73878751363443.62
2012-01-22,73873247753515.31
2012-01-23,73830517629220.69
2012-01-24,73745302990112.06
2012-01-25,73603508392676.58
2012-01-26,73466529121409.53
2012-01-27,73345472955973.64
2012-01-28,73237941726742.47
2012-01-29,73173187082675.11
2012-01-30,73134090366000.3
2012-01-31,73112116213289.55
2012-02-01,73137175746074.77
2012-02-02,73182865319277.77
2012-02-03,73233039804476.27
2012-02-04,73291779245167.89
2012-02-05,73337281961698.1
2012-02-06,73349859890400.56
2012-02-07,73346053342189.39
2012-02-08,73362590522826.55
2012-02-09,73402494965989.53
2012-02-10,73448492305676.05
2012-02-11,73476190912951.97
2012-02-12,73467615526061.53
2012-02-13,73429547570557.34
2012-02-14,73343785540002.7
2012-02-15,73275269299015.1
2012-02-16,73216647315301.56
2012-02-17,73205402544228.47
2012-02-18,73164632877291.2
2012-02-19,73174344552746.72
2012-02-20,73177086376631.05
2012-02-21,73230596411389.08
2012-02-22,73272768990188.22
2012-02-23,73289842262875.67
2012-02-24,73309013476688.75
2012-02-25,73336040611942.03
2012-02-26,73360971689757.25
2012-02-27,73381602237263.16
2012-02-28,73421024932778.81
2012-02-29,73477834414097.92
2012-03-01,73544432870642.42
2012-03-02,73542435602108.92
2012-03-03,73563501647539.69
2012-03-04,73558351783852.94
2012-03-05,73512129920187.17
2012-03-06,73463647476640.72
2012-03-07,73412685109264.28
2012-03-08,73390526037518.95
2012-03-09,73384749263223.22
2012-03-10,73431357187882.42
2012-03-11,73444965660562.0
2012-03-12,73415681325766.23
2012-03-13,73392235596172.28
2012-03-14,73340620563436.95
2012-03-15,73271577267742.55
2012-03-16,73175381511924.62
2012-03-17,73061896279511.42
2012-03-18,72927546964737.05
2012-03-19,72759690464008.05
2012-03-20,72566325258358.78
2012-03-21,72396569273751.58
2012-03-22,72258334917937.84
2012-03-23,72171651951801.61
2012-03-24,72084358960057.75
2012-03-25,71989963054938.31
2012-03-26,71891092642508.9
2012-03-27,71826873488201.75
2012-03-28,71784368718046.75
2012-03-29,71737875346144.55
2012-03-30,71701409739388.7
2012-03-31,71649032256723.36
2012-04-01,71607157062714.17
2012-04-02,71440009499195.22
2012-04-03,71337015471089.73
2012-04-04,71248049807736.31
2012-04-05,71072337423357.06
2012-04-06,70877834692936.81
2012-04-07,70657532051533.3
2012-04-08,70391486474249.8
2012-04-09,70189175200661.3
2012-04-10,70052588329239.34
2012-04-11,69990230401475.945
2012-04-12,69971920272324.22
2012-04-13,69821560201051.76
2012-04-14,69626427025140.36
2012-04-15,69404609414473.914
2012-04-16,69195745092328.92
2012-04-17,69068668012224.21
2012-04-18,69023953210087.4
2012-04-19,68937258395411.0
2012-04-20,68931291477288.91
2012-04-21,68820414183279.836
2012-04-22,68758103184133.73
2012-04-23,68651137912407.375
2012-04-24,68563428689334.766
2012-04-25,68543188709419.695
2012-04-26,68595318262544.71
2012-04-27,68582847295541.555
2012-04-28,68557382276619.38
2012-04-29,68582984320180.195
2012-04-30,68583180944355.24
2012-05-01,68600168980553.38
2012-05-02,68577342165895.266
2012-05-03,68505829987632.484
2012-05-04,68447107657582.38
2012-05-05,68370298561155.13
2012-05-06,68277793261117.53
2012-05-07,68197205202036.07
2012-05-08,68142921538320.34
2012-05-09,68100670175857.336
2012-05-10,68019295745985.65
2012-05-11,67906760045353.55
2012-05-12,67786411641701.43
2012-05-13,67661760383170.66
2012-05-14,67559012318594.31
2012-05-15,67453073199956.8
2012-05-16,67339397051572.5
2012-05-17,67204732929243.56
2012-05-18,67057904200152.53
2012-05-19,66935010807468.836
2012-05-20,66831654697538.63
2012-05-21,67014425736565.83
2012-05-22,67226244786758.26
2012-05-23,67371861947072.66
2012-05-24,67481080072071.625
2012-05-25,67513048797174.56
2012-05-26,67492038775735.71
2012-05-27,67450086914918.31
2012-05-28,67401560261503.09
2012-05-29,67382857604158.28
2012-05-30,67387122730888.44
2012-05-31,67535460843165.29
2012-06-01,67687968752040.44
2012-06-02,67835121738527.195
2012-06-03,67891500924766.375
2012-06-04,67961499741770.53
2012-06-05,68067910982670.55
2012-06-06,68183041147145.78
2012-06-07,68283114412001.1
2012-06-08,68406933662811.484
2012-06-09,68459256345197.945
2012-06-10,68457167306675.31
2012-06-11,68450550080757.55
2012-06-12,68407347683390.31
2012-06-13,68447439117042.94
2012-06-14,68391419289603.81
2012-06-15,68335735839109.79
2012-06-16,68272216689147.07
2012-06-17,68360115424080.72
2012-06-18,68392929113143.58
2012-06-19,68400028645779.45
2012-06-20,68380823009823.07
2012-06-21,68363816938188.32
2012-06-22,68387236464367.125
2012-06-23,68470489299446.44
2012-06-24,68535196548439.48
2012-06-25,68552442849080.01
2012-06-26,68557092009241.89
2012-06-27,68571614023187.55
2012-06-28,68548846263243.09
2012-06-29,68613710444555.05
2012-06-30,68683377460364.06
2012-07-01,68764676168983.516
2012-07-02,68798082988898.66
2012-07-03,68895932662094.94
2012-07-04,68952237902161.73
2012-07-05,68951245970820.305
2012-07-06,68930511324639.98
2012-07-07,68892905652794.15
2012-07-08,68836539206486.336
2012-07-09,68766640480624.0
2012-07-10,68722052866281.805
2012-07-11,68648920334798.2
2012-07-12,68577715745837.74
2012-07-13,68501385294999.266
2012-07-14,68451826700727.03
2012-07-15,68432194253876.78
2012-07-16,68452288712760.695
2012-07-17,68463164130680.84
2012-07-18,68489064435881.18
2012-07-19,68509366236642.14
2012-07-20,68536047520931.7
2012-07-21,68608985154865.77
2012-07-22,68664215917885.75
2012-07-23,68754532373576.69
2012-07-24,68811340709204.24
2012-07-25,68833589186806.21
2012-07-26,68851741892720.5
2012-07-27,68873264151639.3
2012-07-28,68904979730903.51
2012-07-29,68924636637663.28
2012-07-30,68940815203323.19
2012-07-31,68957628645249.16
2012-08-01,68974389107073.445
2012-08-02,69008909746301.91
2012-08-03,69038574024028.984
2012-08-04,69062237321874.5
2012-08-05,69092153627005.5
2012-08-06,69139637778153.42
2012-08-07,69218090712480.93
2012-08-08,69279967907638.484
2012-08-09,69340232745123.75
2012-08-10,69389277216898.72
2012-08-11,69433033191800.99
2012-08-12,69476634092083.086
2012-08-13,69515072773758.016
2012-08-14,69561261758494.83
2012-08-15,69616521884908.14
2012-08-16,69686031912634.13
2012-08-17,69790388684100.81
2012-08-18,69898712896335.92
2012-08-19,70027588862579.266
2012-08-20,70111419803822.04
2012-08-21,70182546469856.45
2012-08-22,70238425639957.41
2012-08-23,70281159408397.945
2012-08-24,70313430916295.87
2012-08-25,70342688151659.45
2012-08-26,70387941109147.89
2012-08-27,70451167458197.83
2012-08-28,70504169773373.73
2012-08-29,70539850074902.06
2012-08-30,70565237747566.22
2012-08-31,70572050437805.75
2012-09-01,70570484076530.17
2012-09-02,70574471953161.66
2012-09-03,70588145051246.28
2012-09-04,70607582705468.44
2012-09-05,70635162257837.44
2012-09-06,70672677098653.95
2012-09-07,70709212793979.88
2012-09-08,70752196227694.27
2012-09-09,70798868314164.75
2012-09-10,70883094358433.45
2012-09-11,70934611833027.45
2012-09-12,70970849712608.34
2012-09-13,71024788950985.89
2012-09-14,71100081066215.38
2012-09-15,71154384427073.02
2012-09-16,71175845577667.89
2012-09-17,71198137508026.06
2012-09-18,71220163800340.97
2012-09-19,71232559233080.47
2012-09-20,71232349659393.44
2012-09-21,71217215417619.31
2012-09-22,71190840588413.94
2012-09-23,71165440280944.28
2012-09-24,71132735942921.31
2012-09-25,71116864634796.61
2012-09-26,71105098740357.55
2012-09-27,71118850416266.31
2012-09-28,71141635088258.47
2012-09-29,71195005391864.88
2012-09-30,71224482097245.72
2012-10-01,71258272086048.31
2012-10-02,71317997864188.67
2012-10-03,71367279036904.03
2012-10-04,71436430478215.8
2012-10-05,71511364251995.14
2012-10-06,71576094367678.03
2012-10-07,71629708468775.56
2012-10-08,71659279862493.03
2012-10-09,71660791519399.73
2012-10-10,71637992532510.19
2012-10-11,71609046212461.98
2012-10-12,71633758803962.95
2012-10-13,71712236702054.28
2012-10-14,71774331490912.02
2012-10-15,71836957466370.61
2012-10-16,71889277750780.52
2012-10-17,71881082607664.08
2012-10-18,71873593251407.36
2012-10-19,71893813303969.33
2012-10-20,71899526427821.39
2012-10-21,71921323145434.67
2012-10-22,71957782590757.84
2012-10-23,72018082813130.44
2012-10-24,72084663917446.27
2012-10-25,72166464362809.3
2012-10-26,72217749731824.16
2012-10-27,72285046279302.16
2012-10-28,72353720460009.8
2012-10-29,72415513619296.23
2012-10-30,72474506330700.94
2012-10-31,72515040857386.11
2012-11-01,72564570705516.98
2012-11-02,72618775039719.6
2012-11-03,72658710724645.84
2012-11-04,72701889171214.84
2012-11-05,72733620922043.97
2012-11-06,72737528532360.52
2012-11-07,72761883451223.66
2012-11-08,72815659259260.0
2012-11-09,72891059308601.28
2012-11-10,73000264837933.58
2012-11-11,73129936339402.98
2012-11-12,73224017490855.66
2012-11-13,73291494650965.6
2012-11-14,73370025162061.02
2012-11-15,73441421111622.48
2012-11-16,73492846181338.42
2012-11-17,73520151044883.42
2012-11-18,73550806094637.86
2012-11-19,73566718335982.11
2012-11-20,73572293061282.95
2012-11-21,73579631180389.47
2012-11-22,73598773893057.08
2012-11-23,73570244596391.38
2012-11-24,73530372720143.83
2012-11-25,73456352339388.53
2012-11-26,73335300465997.05
2012-11-27,73239354099303.28
2012-11-28,73200371731292.58
2012-11-29,73191628799383.7
2012-11-30,73197525176513.73
2012-12-01,73224282907574.73
2012-12-02,73221182917629.69
2012-12-03,73193410605735.67
2012-12-04,73106502887585.72
2012-12-05,73015704265782.3
2012-12-06,72929312574156.69
2012-12-07,72860801939923.81
2012-12-08,72818737681037.08
2012-12-09,72753790260278.34
2012-12-10,72705818588104.52
2012-12-11,72659722767688.33
2012-12-12,72646232959812.19
2012-12-13,72689201008875.52
2012-12-14,72718581929199.03
2012-12-15,72759570048365.16
2012-12-16,72799509369661.38
2012-12-17,72834617928256.92
2012-12-18,72899731788874.45
2012-12-19,72927460642655.05
2012-12-20,72939360246381.75
2012-12-21,72986942124156.77
2012-12-22,73018916650983.27
2012-12-23,73036862610851.95
2012-12-24,73050490353088.23
2012-12-25,73037187743181.23
2012-12-26,73009572617226.6
2012-12-27,73009580810738.81
2012-12-28,72985068063144.48
2012-12-29,72971241416597.38
2012-12-30,72972587948090.39
2012-12-31,72960075008013.28
2013-01-01,72692849908502.45
2013-01-02,72589521363935.02
2013-01-03,72515380402854.08
2013-01-04,72419149891421.28
2013-01-05,72292419764525.16
2013-01-06,72193417120327.84
2013-01-07,72096643312172.77
2013-01-08,72075723093202.52
2013-01-09,72010054349202.64
2013-01-10,72035831749223.64
2013-01-11,72165035662361.11
2013-01-12,72355267350835.95
2013-01-13,72507907377032.22
2013-01-14,72581148731857.55
2013-01-15,72665502842853.36
2013-01-16,72758833705403.95
2013-01-17,72820258008531.98
2013-01-18,72848537821702.25
2013-01-19,72849496443585.8
2013-01-20,72827969925436.5
2013-01-21,72789379051601.58
2013-01-22,72734738443423.94
2013-01-23,72671000947928.92
2013-01-24,72630377612980.17
2013-01-25,72553967204567.45
2013-01-26,72465548090178.28
2013-01-27,72454047833067.75
2013-01-28,72516400481428.0
2013-01-29,72616432679801.1
2013-01-30,72773986847636.69
2013-01-31,72885768259846.33
2013-02-01,72942558985855.86
2013-02-02,72967391634903.98
2013-02-03,72950552768770.9
2013-02-04,72926365782067.11
2013-02-05,72829151958088.6
2013-02-06,72705659126078.75
2013-02-07,72530433707981.12
2013-02-08,72369252971039.12
2013-02-09,72319948666304.75
2013-02-10,72377606902101.12
2013-02-11,72442156624960.78
2013-02-12,72515116580745.86
2013-02-13,72616943086922.06
2013-02-14,72700326615566.23
2013-02-15,72740053486628.22
2013-02-16,72756950315650.69
2013-02-17,72819339510449.0
2013-02-18,72863234695419.34
2013-02-19,72905077383290.75
2013-02-20,72895343797723.94
2013-02-21,72893720213284.97
2013-02-22,72874233476808.06
2013-02-23,72851835597196.14
2013-02-24,72823970781639.84
2013-02-25,72782603451454.64
2013-02-26,72751598780905.73
2013-02-27,72709118450341.58
2013-02-28,72654241293226.89
2013-03-01,72576932984898.17
2013-03-02,72456543184485.75
2013-03-03,72411099395835.77
2013-03-04,72417914933505.42
2013-03-05,72416122722156.67
2013-03-06,72468827284928.62
2013-03-07,72471092296134.83
2013-03-08,72442068146063.02
2013-03-09,72398347638896.64
2013-03-10,72355532112688.66
2013-03-11,72319936054642.88
2013-03-12,72270868338450.11
2013-03-13,72197721253619.22
2013-03-14,72108210416497.92
2013-03-15,72013972917497.36
2013-03-16,71948970842001.53
2013-03-17,71981832008752.89
2013-03-18,72019016979237.5
2013-03-19,72000758138889.34
2013-03-20,71918071946256.64
2013-03-21,71796879420103.86
2013-03-22,71689642595330.7
2013-03-23,71625590598429.8
2013-03-24,71580139493579.27
2013-03-25,71529125526383.44
2013-03-26,71385650550678.83
2013-03-27,71207135758791.3
2013-03-28,70987096432221.98
2013-03-29,70700527146740.7
2013-03-30,70377133746270.17
2013-03-31,70037548079633.3
2013-04-01,69717141985819.52
2013-04-02,69405897900300.02
2013-04-03,69189822891519.11
2013-04-04,68965472712360.484
2013-04-05,68897238816291.36
2013-04-06,68711405688655.25
2013-04-07,68576950451709.34
2013-04-08,68572659002879.87
2013-04-09,68562563940984.664
2013-04-10,68640579297745.555
2013-04-11,68724456150223.43
2013-04-12,68780928779721.414
2013-04-13,68923825667570.31
2013-04-14,69055633466254.56
2013-04-15,69127834329821.195
2013-04-16,69146082705412.3
2013-04-17,69080854220982.39
2013-04-18,69079809472459.71
2013-04-19,69145651220204.33
2013-04-20,69176428238577.22
2013-04-21,69097599701821.375
2013-04-22,68968924186536.016
2013-04-23,68832095039423.734
2013-04-24,68705237228423.01
2013-04-25,68555090309105.85
2013-04-26,68399368429345.62
2013-04-27,68346288537816.984
2013-04-28,68330940513854.734
2013-04-29,68320890242821.16
2013-04-30,68228926748344.68
2013-05-01,68091461993740.54
2013-05-02,67964858401632.76
2013-05-03,67884912999072.14
2013-05-04,67749725735402.51
2013-05-05,67638070378512.625
2013-05-06,67538907883957.695
2013-05-07,67425366444516.52
2013-05-08,67265273653856.34
2013-05-09,67086524322316.5
2013-05-10,66916192219690.27
2013-05-11,66809450736999.94
2013-05-12,66857040951251.06
2013-05-13,66825117352963.66
2013-05-14,66778696089887.39
2013-05-15,66695868363231.29
2013-05-16,66738472643890.85
2013-05-17,66741901837300.98
2013-05-18,66825267350330.66
2013-05-19,66910947290292.08
2013-05-20,66949778635462.09
2013-05-21,67054039597431.98
2013-05-22,67213390801457.05
2013-05-23,67327501069476.41
2013-05-24,67382448492463.28
2013-05-25,67359832983529.56
2013-05-26,67333241867978.31
2013-05-27,67298542451171.44
2013-05-28,67304226380219.45
2013-05-29,67300252532239.41
2013-05-30,67353855226423.74
2013-05-31,67425364706562.02
2013-06-01,67468821994845.016
2013-06-02,67509768529127.836
2013-06-03,67490933931916.734
2013-06-04,67438196690482.11
2013-06-05,67387475482642.92
2013-06-06,67304208721166.67
2013-06-07,67222244583802.42
2013-06-08,67144667417629.38
2013-06-09,67023629391396.086
2013-06-10,66890601910010.8
2013-06-11,66765490114178.49
2013-06-12,66737739974221.5
2013-06-13,66763552616735.33
2013-06-14,66725845574601.67
2013-06-15,66672595344739.586
2013-06-16,66605204139673.195
2013-06-17,66529387283662.5
2013-06-18,66442321715677.92
2013-06-19,66339399195522.25
2013-06-20,66302330876062.09
2013-06-21,66372099230018.016
2013-06-22,66369477477086.6
2013-06-23,66378450941661.02
2013-06-24,66460058932298.91
2013-06-25,66513347063579.95
2013-06-26,66518541789239.55
2013-06-27,66480396442512.71
2013-06-28,66494294923584.86
2013-06-29,66538453239073.94
2013-06-30,66598101840950.18
2013-07-01,66654385126520.37
2013-07-02,66719807116200.59
2013-07-03,66767775450615.984
2013-07-04,66806935404650.58
2013-07-05,66834502792321.695
2013-07-06,66818361755977.0
2013-07-07,66773842910555.8
2013-07-08,66707630176183.21
2013-07-09,66623279449505.67
2013-07-10,66541836522335.09
2013-07-11,66451894927272.71
2013-07-12,66361926349994.21
2013-07-13,66287835430565.414
2013-07-14,66248162613242.39
2013-07-15,66235369297484.71
2013-07-16,66227156569916.88
2013-07-17,66286029950994.6
2013-07-18,66355266643558.88
2013-07-19,66376570402654.11
2013-07-20,66409471040155.64
2013-07-21,66456542817880.89
2013-07-22,66514001564212.016
2013-07-23,66564058222116.3
2013-07-24,66615856945476.914
2013-07-25,66662607043090.266
2013-07-26,66701147657358.14
2013-07-27,66731909234176.19
2013-07-28,66772768799212.37
2013-07-29,66795939474292.555
2013-07-30,66814784142804.0
2013-07-31,66829610506007.164
2013-08-01,66897160026622.56
2013-08-02,66971923804031.68
2013-08-03,67056635036212.625
2013-08-04,67120326681809.28
2013-08-05,67181387134576.0
2013-08-06,67244275676733.7
2013-08-07,67303691410464.234
2013-08-08,67366429087834.555
2013-08-09,67442443386884.06
2013-08-10,67526211546517.73
2013-08-11,67645464989345.76
2013-08-12,67778007206264.664
2013-08-13,67866928039919.8
2013-08-14,67956800703748.18
2013-08-15,68096574836196.99
2013-08-16,68217086126382.35
2013-08-17,68329337431319.484
2013-08-18,68411772604294.414
2013-08-19,68488818083232.16
2013-08-20,68551592997147.19
2013-08-21,68630342672304.77
2013-08-22,68735541902292.26
2013-08-23,68847516048027.59
2013-08-24,68939802077762.15
2013-08-25,68974508298688.61
2013-08-26,68978293973837.96
2013-08-27,68992362951864.01
2013-08-28,68998537994872.37
2013-08-29,68995773328888.95
2013-08-30,69020542421591.1
2013-08-31,68996641809867.54
2013-09-01,68978731712359.2
2013-09-02,68982914826740.88
2013-09-03,68993627829857.484
2013-09-04,69039006541396.45
2013-09-05,69109790641657.08
2013-09-06,69218760033387.23
2013-09-07,69302200857194.45
2013-09-08,69386790032610.945
2013-09-09,69479476374439.766
2013-09-10,69577063848934.914
2013-09-11,69676385017682.0
2013-09-12,69766626367184.39
2013-09-13,69809621807944.28
2013-09-14,69796483516967.555
2013-09-15,69786895226089.84
2013-09-16,69811902322001.91
2013-09-17,69849856450217.34
2013-09-18,69872792559300.67
2013-09-19,69900784331910.4
2013-09-20,69935286965940.89
2013-09-21,69969530494556.836
2013-09-22,69925096414674.42
2013-09-23,69869899241689.195
2013-09-24,69769820198599.49
2013-09-25,69707800161645.95
2013-09-26,69729227850006.9
2013-09-27,69808982223892.63
2013-09-28,69936590634213.766
2013-09-29,69910292734772.77
2013-09-30,69668516297632.98
2013-10-01,69398024370163.61
2013-10-02,69293472400712.55
2013-10-03,69394046001922.95
2013-10-04,69550174006611.016
2013-10-05,69753219355617.09
2013-10-06,69949160126700.88
2013-10-07,70013100702396.0
2013-10-08,70108774415746.07
2013-10-09,70245341303348.305
2013-10-10,70425390936906.97
2013-10-11,70609333373169.52
2013-10-12,70801439393464.1
2013-10-13,70941751590057.3
2013-10-14,71049278763243.73
2013-10-15,71148274735747.84
2013-10-16,71249910258166.33
2013-10-17,71330372385888.28
2013-10-18,71398424497668.94
2013-10-19,71462147502382.06
2013-10-20,71515460051182.53
2013-10-21,71564407759094.61
2013-10-22,71603149125794.53
2013-10-23,71636518601155.77
2013-10-24,71664579040916.83
2013-10-25,71684721972181.12
2013-10-26,71717719913888.47
2013-10-27,71762855926907.47
2013-10-28,71820779243682.1
2013-10-29,71896832594044.2
2013-10-30,71986953215509.98
2013-10-31,72099364390344.33
2013-11-01,72193176263737.6
2013-11-02,72275910047761.98
2013-11-03,72355433350485.94
2013-11-04,72429074789337.94
2013-11-05,72559610892758.84
2013-11-06,72658640367432.9
2013-11-07,72695699286318.0
2013-11-08,72704342998040.39
2013-11-09,72709784798307.5
2013-11-10,72750567959641.22
2013-11-11,72799731392614.38
2013-11-12,72812710055097.02
2013-11-13,72784591996595.83
2013-11-14,72751046721128.9
2013-11-15,72772642150947.97
2013-11-16,72917601713323.58
2013-11-17,73083563836132.97
2013-11-18,73230223301286.27
2013-11-19,73339434165437.5
2013-11-20,73379918460772.1
2013-11-21,73408314278648.75
2013-11-22,73467713857684.34
2013-11-23,73537212707708.75
2013-11-24,73581766100538.67
2013-11-25,73604784099766.52
2013-11-26,73596948815609.4
2013-11-27,73545608791554.16
2013-11-28,73503895225615.62
2013-11-29,73485363756268.1
2013-11-30,73471841552293.97
2013-12-01,73444412605374.9
2013-12-02,73428904439635.61
2013-12-03,73483730062080.62
2013-12-04,73604475866918.9
2013-12-05,73700581099776.42
2013-12-06,73764147269235.86
2013-12-07,73827936410439.61
2013-12-08,73906697340878.47
2013-12-09,73983361099939.06
2013-12-10,74032398661483.03
2013-12-11,74069319767630.0
2013-12-12,74081634324981.5
2013-12-13,74053556943220.42
2013-12-14,73971869402241.58
2013-12-15,73861360090615.34
2013-12-16,73796106596116.48
2013-12-17,73770163183764.67
2013-12-18,73812603249888.98
2013-12-19,73891740350525.89
2013-12-20,73965607356883.34
2013-12-21,74056205326810.9
2013-12-22,74162367042247.97
2013-12-23,74292830109010.98
2013-12-24,74394323653510.14
2013-12-25,74450512870993.55
2013-12-26,74478948626529.23
2013-12-27,74529081463960.16
2013-12-28,74592249218185.95
2013-12-29,74635671289118.77
2013-12-30,74687320308573.05
2013-12-31,74741911401050.4
2014-01-01,74763820310928.48
2014-01-02,74751802653998.12
2014-01-03,74726452096853.02
2014-01-04,74731825293309.2
2014-01-05,74776987307097.69
2014-01-06,74838209300966.75
2014-01-07,74867482191263.3
2014-01-08,74807974592546.95
2014-01-09,74694725732989.81
2014-01-10,74590893256404.88
2014-01-11,74411832600309.02
2014-01-12,74184686944942.05
2014-01-13,74043987607266.62
2014-01-14,73995811796702.72
2014-01-15,73998249755664.4
2014-01-16,74041807045274.45
2014-01-17,74092292470372.19
2014-01-18,74162877138921.19
2014-01-19,74222367653016.42
2014-01-20,74254996653773.08
2014-01-21,74280704143446.7
2014-01-22,74300832178602.22
2014-01-23,74307003655921.84
2014-01-24,74323432327084.44
2014-01-25,74342880663603.27
2014-01-26,74347916202343.81
2014-01-27,74314755523324.34
2014-01-28,74279379228882.94
2014-01-29,74210549650059.97
2014-01-30,74162482237656.75
2014-01-31,74149623089687.02
2014-02-01,74133346947469.16
2014-02-02,74136154881106.92
2014-02-03,74156690181752.9
2014-02-04,74180709659664.4
2014-02-05,74223718007623.81
2014-02-06,74227234975303.92
2014-02-07,74196442095259.5
2014-02-08,74177590394595.84
2014-02-09,74133780928277.66
2014-02-10,74056196819880.02
2014-02-11,73942574384081.36
2014-02-12,73698608796301.67
2014-02-13,73357488946016.5
2014-02-14,73032560367082.19
2014-02-15,72826547625139.5
2014-02-16,72624160909299.75
2014-02-17,72350374379305.06
2014-02-18,72036560222581.86
2014-02-19,71828625214273.2
2014-02-20,71754777651755.42
2014-02-21,71773154135629.48
2014-02-22,71829571531422.08
2014-02-23,71951391016247.66
2014-02-24,72131468685286.88
2014-02-25,72295080884593.78
2014-02-26,72368315908656.78
2014-02-27,72424190285217.08
2014-02-28,72486496245967.23
2014-03-01,72510752638421.62
2014-03-02,72519981473668.44
2014-03-03,72520549809979.36
2014-03-04,72478674623090.53
2014-03-05,72395550216972.0
2014-03-06,72212299404575.22
2014-03-07,72024220201463.4
2014-03-08,71817167677428.6
2014-03-09,71673517226409.83
2014-03-10,71518758633055.12
2014-03-11,71420060594713.67
2014-03-12,71327380373267.9
2014-03-13,71238856613030.62
2014-03-14,71140900230980.23
2014-03-15,71037568295542.28
2014-03-16,70968997677137.11
2014-03-17,70947985956203.3
2014-03-18,70883437556093.1
2014-03-19,70900840956792.66
2014-03-20,70905343339865.4
2014-03-21,70858925870346.23
2014-03-22,70749607249384.64
2014-03-23,70737892504128.5
2014-03-24,70622623753076.98
2014-03-25,70459664456887.19
2014-03-26,70343009946348.12
2014-03-27,70103134071626.65
2014-03-28,69858758531837.86
2014-03-29,69654335518981.49
2014-03-30,69437914246701.44
2014-03-31,69261129438695.4
2014-04-01,69096486384196.53
2014-04-02,68929981931267.16
2014-04-03,68766586303132.68
2014-04-04,68709878926911.68
2014-04-05,68585797004051.36
2014-04-06,68629473213717.555
2014-04-07,68613603552985.33
2014-04-08,68533646209398.09
2014-04-09,68514005779441.51
2014-04-10,68439515664100.49
2014-04-11,68407750839206.375
2014-04-12,68365683670923.77
2014-04-13,68286592483194.92
2014-04-14,68208727434683.67
2014-04-15,68150766438291.66
2014-04-16,68141942468920.586
2014-04-17,68209809842665.3
2014-04-18,68262616274330.45
2014-04-19,68235177006190.336
2014-04-20,68290194650674.555
2014-04-21,68311542369047.95
2014-04-22,68328363058923.375
2014-04-23,68288198666404.7
2014-04-24,68200292766487.12
2014-04-25,68045997875720.6
2014-04-26,67814758377475.42
2014-04-27,67600507908645.78
2014-04-28,67400930772235.5
2014-04-29,67218874581608.125
2014-04-30,67151442692276.61
2014-05-01,67097553770817.42
2014-05-02,67069967206743.68
2014-05-03,67033052061614.734
2014-05-04,67002640888293.65
2014-05-05,66904919701574.45
2014-05-06,66725285823313.914
2014-05-07,66635445924686.85
2014-05-08,66596132661539.18
2014-05-09,66705762351518.95
2014-05-10,66685117618663.69
2014-05-11,66645076527191.516
2014-05-12,66595204303492.01
2014-05-13,66654817123189.25
2014-05-14,66668218207384.266
2014-05-15,66682799378785.664
2014-05-16,66716753808652.25
2014-05-17,66645355194378.5
2014-05-18,66566871069438.125
2014-05-19,66493097656186.44
2014-05-20,66437425846953.58
2014-05-21,66405343987183.51
2014-05-22,66450349242185.54
2014-05-23,66527841158522.82
2014-05-24,66597399327513.11
2014-05-25,66645238935544.78
2014-05-26,66762126713296.055
2014-05-27,66771717676546.766
2014-05-28,66741498531750.14
2014-05-29,66770380993026.42
2014-05-30,66824967439753.82
2014-05-31,66831420586311.52
2014-06-01,66820800644305.91
2014-06-02,66796153621039.7
2014-06-03,66747478229905.836
2014-06-04,66671289182370.74
2014-06-05,66590433944794.445
2014-06-06,66489138867586.07
2014-06-07,66407709762376.17
2014-06-08,66331523542958.9
2014-06-09,66281271619060.09
2014-06-10,66202359344386.34
2014-06-11,66151824660253.47
2014-06-12,66201426694519.16
2014-06-13,66235043645995.66
2014-06-14,66239078607880.24
2014-06-15,66286383704462.17
2014-06-16,66317461823648.2
2014-06-17,66326498636223.586
2014-06-18,66332793717293.516
2014-06-19,66375972816916.43
2014-06-20,66483994152930.87
2014-06-21,66511030143541.85
2014-06-22,66508672775846.195
2014-06-23,66519517190762.86
2014-06-24,66582784930175.37
2014-06-25,66618827062507.61
2014-06-26,66623653467468.96
2014-06-27,66620618069249.695
2014-06-28,66650906250467.57
2014-06-29,66595921436459.42
2014-06-30,66509898019724.49
2014-07-01,66435585126930.32
2014-07-02,66426136460294.56
2014-07-03,66420373443401.44
2014-07-04,66421200290067.96
2014-07-05,66512648791286.664
2014-07-06,66655908353773.52
2014-07-07,66739546149615.125
2014-07-08,66791006428604.15
2014-07-09,66847742563617.516
2014-07-10,66924096666774.625
2014-07-11,67006284662642.63
2014-07-12,67066609565106.55
2014-07-13,67107586240983.59
2014-07-14,67132438837861.18
2014-07-15,67128464027017.95
2014-07-16,67108870554501.445
2014-07-17,67093555623478.484
2014-07-18,67083768529993.41
2014-07-19,67113428639861.9
2014-07-20,67183273888346.836
2014-07-21,67198900197770.74
2014-07-22,67183301429038.16
2014-07-23,67179407345497.79
2014-07-24,67281146891996.914
2014-07-25,67313594118933.16
2014-07-26,67341209145826.93
2014-07-27,67376486936157.0
2014-07-28,67430245280206.66
2014-07-29,67497109117802.83
2014-07-30,67558032188753.05
2014-07-31,67602200040608.25
2014-08-01,67640517231586.66
2014-08-02,67695445541967.234
2014-08-03,67744166679571.06
2014-08-04,67786209104323.25
2014-08-05,67831546709341.05
2014-08-06,67872386809853.63
2014-08-07,67883642787885.914
2014-08-08,67886959766736.695
2014-08-09,67890444845394.43
2014-08-10,67908183891687.31
2014-08-11,67947539911976.45
2014-08-12,68015992857485.29
2014-08-13,68093276801830.08
2014-08-14,68139941443834.84
2014-08-15,68191485982565.984
2014-08-16,68208849694843.92
2014-08-17,68210152184455.24
2014-08-18,68217727262724.6
2014-08-19,68262109458380.25
2014-08-20,68296412786300.28
2014-08-21,68313012079677.69
2014-08-22,68331380963187.58
2014-08-23,68353365598865.93
2014-08-24,68400378264145.84
2014-08-25,68443344889264.055
2014-08-26,68493190574255.42
2014-08-27,68555238592275.125
2014-08-28,68624478801902.17
2014-08-29,68708573183555.54
2014-08-30,68813188930197.52
2014-08-31,68900317958362.83
2014-09-01,68947187453268.58
2014-09-02,68979609965406.35
2014-09-03,69047274008696.96
2014-09-04,69102615049921.04
2014-09-05,69198771752575.53
2014-09-06,69319595549596.17
2014-09-07,69448694593754.61
2014-09-08,69563589158982.6
2014-09-09,69643554624935.055
2014-09-10,69698845992410.28
2014-09-11,69750261201384.266
2014-09-12,69812947421856.54
2014-09-13,69867966865535.734
2014-09-14,69903777378625.6
2014-09-15,69900611501419.1
2014-09-16,69857381293807.77
2014-09-17,69801887841635.62
2014-09-18,69800155697897.47
2014-09-19,69835307838330.05
2014-09-20,69888844096395.07
2014-09-21,69954695283133.305
2014-09-22,69999787995252.58
2014-09-23,70015184534940.97
2014-09-24,70004260747093.016
2014-09-25,69866577851000.21
2014-09-26,69624294507786.516
2014-09-27,69433116849315.414
2014-09-28,69394554470872.01
2014-09-29,69559174705101.61
2014-09-30,69811972469881.06
2014-10-01,70031463957457.83
2014-10-02,70219095815235.12
2014-10-03,70400375603792.88
2014-10-04,70548002895499.03
2014-10-05,70696791247637.02
2014-10-06,70789756595303.0
2014-10-07,70876018820264.78
2014-10-08,70964243847885.0
2014-10-09,71048240105588.05
2014-10-10,71105485159097.14
2014-10-11,71152583095003.9
2014-10-12,71175174125377.1
2014-10-13,71184377948181.03
2014-10-14,71152014606848.86
2014-10-15,71111277083679.72
2014-10-16,71072474798530.4
2014-10-17,70859743917037.39
2014-10-18,70503746089520.77
2014-10-19,70059920572864.266
2014-10-20,69674052697943.05
2014-10-21,69441626105467.53
2014-10-22,69231000955292.91
2014-10-23,69019016592171.52
2014-10-24,68918896657388.86
2014-10-25,68936136717777.24
2014-10-26,69075028154029.81
2014-10-27,69217829022317.79
2014-10-28,69206198627425.65
2014-10-29,69059373677558.08
2014-10-30,68957824484070.445
2014-10-31,69032496995492.305
2014-11-01,69200536964686.805
2014-11-02,69399478006879.92
2014-11-03,69595959804052.22
2014-11-04,69689470400458.65
2014-11-05,69728522904504.29
2014-11-06,69709515290426.34
2014-11-07,69680152006589.484
2014-11-08,69765278965532.67
2014-11-09,69948185347019.61
2014-11-10,70243139967006.305
2014-11-11,70585744117531.34
2014-11-12,70882184871003.6
2014-11-13,71063393020185.89
2014-11-14,71171885974961.2
2014-11-15,71258970613094.69
2014-11-16,71363439909175.19
2014-11-17,71496994623043.02
2014-11-18,71636653787305.45
2014-11-19,71744664441413.06
2014-11-20,71770543054452.7
2014-11-21,71707972172870.03
2014-11-22,71551427868589.5
2014-11-23,71369253182266.77
2014-11-24,71233304224777.67
2014-11-25,71154303787589.25
2014-11-26,71083108721216.5
2014-11-27,70929578187872.05
2014-11-28,70713937909179.98
2014-11-29,70638552624758.95
2014-11-30,70845548550623.81
2014-12-01,71125145191514.86
2014-12-02,71415991889216.23
2014-12-03,71592126476330.12
2014-12-04,71697155793088.36
2014-12-05,71736070137179.34
2014-12-06,71646255290404.53
2014-12-07,71484599130815.6
2014-12-08,71235116060730.58
2014-12-09,70836004176700.94
2014-12-10,70406816880898.83
2014-12-11,70109869063003.3
2014-12-12,70011853139645.12
2014-12-13,70062246177579.375
2014-12-14,70154326676923.17
2014-12-15,70237914263854.555
2014-12-16,70296070080440.13
2014-12-17,70328563029181.086
2014-12-18,70365748298145.54
2014-12-19,70344520946139.16
2014-12-20,70308492127139.86
2014-12-21,70273394716271.87
2014-12-22,70292882986584.44
2014-12-23,70287587118610.11
2014-12-24,70262072521089.75
2014-12-25,70279777476243.4
2014-12-26,70323570965133.47
2014-12-27,70376525631894.66
2014-12-28,70442776014322.1
2014-12-29,70565277361637.88
2014-12-30,70715618961742.94
2014-12-31,70819546617958.88
2015-01-01,70892823379392.75
2015-01-02,70958971276224.36
2015-01-03,71038134619206.58
2015-01-04,71094252649934.5
2015-01-05,71096588537535.55
2015-01-06,71042863121961.33
2015-01-07,70973025251679.42
2015-01-08,70949170395269.97
2015-01-09,70966215920398.38
2015-01-10,70964990931960.66
2015-01-11,70973665842515.38
2015-01-12,71004489267061.78
2015-01-13,71064054734960.98
2015-01-14,71120110790886.78
2015-01-15,71142121710069.56
2015-01-16,71086301623860.75
2015-01-17,70949833230248.31
2015-01-18,70787628677596.55
2015-01-19,70647666143196.11
2015-01-20,70550289829808.61
2015-01-21,70496731983709.19
2015-01-22,70469176472237.62
2015-01-23,70462056893352.86
2015-01-24,70439425881929.5
2015-01-25,70422100468194.69
2015-01-26,70421383454714.88
2015-01-27,70439405927749.88
2015-01-28,70474858817573.08
2015-01-29,70496128444649.02
2015-01-30,70501069358452.66
2015-01-31,70500768462849.98
2015-02-01,70499054209463.9
2015-02-02,70506855897420.97
2015-02-03,70525311364914.7
2015-02-04,70547576306506.7
2015-02-05,70526856964430.86
2015-02-06,70401404753921.86
2015-02-07,70218333745453.03
2015-02-08,70074700237720.68
2015-02-09,69989925496572.375
2015-02-10,69995743917927.18
2015-02-11,70015466371416.414
2015-02-12,70057324735061.68
2015-02-13,70078795034976.12
2015-02-14,70075581328204.16
2015-02-15,70051874703676.58
2015-02-16,70025771597378.44
2015-02-17,69982632203075.4
2015-02-18,69924348423265.75
2015-02-19,69870567853006.805
2015-02-20,69859547600071.0
2015-02-21,69826555184740.75
2015-02-22,69796112690519.56
2015-02-23,69757576463080.2
2015-02-24,69715779075707.58
2015-02-25,69672929925278.49
2015-02-26,69674922379463.9
2015-02-27,69666305502536.336
2015-02-28,69655823745785.7
2015-03-01,69579732844312.18
2015-03-02,69521864017737.516
2015-03-03,69418096434995.28
2015-03-04,69299066275581.35
2015-03-05,69151542300804.96
2015-03-06,69019918623326.78
2015-03-07,68876499770731.8
2015-03-08,68735747992356.2
2015-03-09,68611478277483.73
2015-03-10,68519640523487.36
2015-03-11,68451545867729.97
2015-03-12,68419285106725.375
2015-03-13,68261281379562.32
2015-03-14,68116830072202.62
2015-03-15,68029089415203.05
2015-03-16,68039154112022.44
2015-03-17,68021223632407.28
2015-03-18,68023312592874.836
2015-03-19,68007337450340.695
2015-03-20,68013747242335.016
2015-03-21,68008430809938.664
2015-03-22,67971890742182.67
2015-03-23,67970333410814.734
2015-03-24,67974726694097.36
2015-03-25,67937725948875.86
2015-03-26,67942447158097.266
2015-03-27,67916347873501.67
2015-03-28,67903085844093.51
2015-03-29,67858170870859.66
2015-03-30,67834870347724.16
2015-03-31,67773562711747.375
2015-04-01,67703277471054.76
2015-04-02,67651207623139.914
2015-04-03,67547176858838.8
2015-04-04,67501353182704.21
2015-04-05,67343872088760.53
2015-04-06,67149296826509.46
2015-04-07,66981582575904.4
2015-04-08,66808784558540.266
2015-04-09,66620976920908.29
2015-04-10,66440776010663.945
2015-04-11,66396130710043.48
2015-04-12,66272110221759.98
2015-04-13,66197427420310.58
2015-04-14,66290761787825.43
2015-04-15,66284160169135.06
2015-04-16,66266027453578.11
2015-04-17,66247056933058.73
2015-04-18,66232594837860.13
2015-04-19,66217873183541.945
2015-04-20,66195624907778.41
2015-04-21,66166677842351.7
2015-04-22,66209744596414.0
2015-04-23,66182516640044.2
2015-04-24,66248938484057.61
2015-04-25,66270493446307.2
2015-04-26,66234869984328.91
2015-04-27,66295965303099.89
2015-04-28,66332705179055.96
2015-04-29,66334449469103.27
2015-04-30,66302958359473.266
2015-05-01,66327696713614.17
2015-05-02,66312622067218.53
2015-05-03,66281611494445.195
2015-05-04,66263041213372.25
2015-05-05,66259791035125.9
2015-05-06,66242524142936.016
2015-05-07,66174724456617.34
2015-05-08,66103602044027.516
2015-05-09,66038775481992.26
2015-05-10,65975423655949.33
2015-05-11,65960068571620.414
2015-05-12,65934115479096.79
2015-05-13,65922719838312.62
2015-05-14,65986037855998.75
2015-05-15,65978356246120.04
2015-05-16,65959558992960.016
2015-05-17,65947380104370.79
2015-05-18,65920596748683.64
2015-05-19,65893893421618.6
2015-05-20,65864630665732.54
2015-05-21,65816697798605.87
2015-05-22,65775608824209.125
2015-05-23,65731471021500.05
2015-05-24,65675850055790.53
2015-05-25,65609740677779.28
2015-05-26,65546857278960.48
2015-05-27,65496518144057.79
2015-05-28,65430835496960.82
2015-05-29,65339513835000.0
2015-05-30,65238101326469.52
2015-05-31,65124222383387.69
2015-06-01,65058716053691.67
2015-06-02,65079057797236.43
2015-06-03,65147249069713.305
2015-06-04,65142730072998.07
2015-06-05,65092996848188.01
2015-06-06,65063834693354.97
2015-06-07,65056562125769.09
2015-06-08,65062661487989.766
2015-06-09,65073842882751.805
2015-06-10,65077463721610.94
2015-06-11,65075759600045.055
2015-06-12,65060824694468.41
2015-06-13,65021571380184.03
2015-06-14,64970312801510.96
2015-06-15,64904201933484.445
2015-06-16,64815176499551.45
2015-06-17,64720335594137.08
2015-06-18,64632233454335.44
2015-06-19,64610435988764.39
2015-06-20,64569934882422.44
2015-06-21,64524529117222.29
2015-06-22,64491822558426.67
2015-06-23,64473916605686.4
2015-06-24,64462563998098.94
2015-06-25,64525292680703.984
2015-06-26,64577197399110.37
2015-06-27,64642400990541.8
2015-06-28,64737803057416.336
2015-06-29,64933493645398.68
2015-06-30,65033925143423.07
2015-07-01,65068904879282.125
2015-07-02,65104084408626.445
2015-07-03,65156273062520.61
2015-07-04,65216894482114.875
2015-07-05,65263215596262.95
2015-07-06,65287388220550.99
2015-07-07,65280133004991.87
2015-07-08,65232580069029.09
2015-07-09,65182406148453.05
2015-07-10,65139160528615.234
2015-07-11,65112761447490.53
2015-07-12,65155680332332.88
2015-07-13,65182893108340.01
2015-07-14,65189494181747.68
2015-07-15,65216181025557.9
2015-07-16,65277085519677.266
2015-07-17,65336881411779.4
2015-07-18,65400830595682.01
2015-07-19,65452296337078.51
2015-07-20,65502890004730.3
2015-07-21,65555735574452.08
2015-07-22,65573251532587.11
2015-07-23,65602424619973.26
2015-07-24,65617923460742.25
2015-07-25,65685949457658.055
2015-07-26,65744133015136.33
2015-07-27,65811965253900.266
2015-07-28,65874003666933.445
2015-07-29,65945694736539.24
2015-07-30,66037652801741.914
2015-07-31,66146718700198.65
2015-08-01,66257650845038.17
2015-08-02,66350567678860.95
2015-08-03,66421512622560.4
2015-08-04,66469951412389.46
2015-08-05,66505521423649.24
2015-08-06,66561698281246.12
2015-08-07,66579978990472.14
2015-08-08,66611217033919.445
2015-08-09,66678453197468.22
2015-08-10,66708921411807.59
2015-08-11,66722178329235.84
2015-08-12,66726685220582.9
2015-08-13,66742351438971.74
2015-08-14,66761839144988.59
2015-08-15,66814310057172.64
2015-08-16,66849320630577.33
2015-08-17,66882323789363.016
2015-08-18,66935131969627.49
2015-08-19,67009315852927.21
2015-08-20,67092128380471.234
2015-08-21,67186237292033.49
2015-08-22,67271135761935.02
2015-08-23,67341721837537.836
2015-08-24,67404286593827.33
2015-08-25,67449257357898.76
2015-08-26,67466599570642.28
2015-08-27,67484146078955.7
2015-08-28,67485766231555.87
2015-08-29,67510625626730.09
2015-08-30,67541156089643.01
2015-08-31,67482180863575.21
2015-09-01,67476334530821.8
2015-09-02,67458134708177.33
2015-09-03,67464074912312.14
2015-09-04,67495090151643.36
2015-09-05,67553288645755.79
2015-09-06,67631819537914.61
2015-09-07,67714601638205.12
2015-09-08,67777080116563.875
2015-09-09,67855596599454.72
2015-09-10,67931432864320.734
2015-09-11,68012251800549.34
2015-09-12,68112118987369.945
2015-09-13,68214027432016.11
2015-09-14,68328257990582.9
2015-09-15,68450597564493.266
2015-09-16,68559410661408.1
2015-09-17,68637519461829.3
2015-09-18,68653487660296.43
2015-09-19,68659313554610.92
2015-09-20,68645864735121.33
2015-09-21,68625781298183.15
2015-09-22,68608846878857.86
2015-09-23,68621673458451.45
2015-09-24,68674138617582.59
2015-09-25,68733629924625.414
2015-09-26,68740905553660.914
2015-09-27,68779388192268.875
2015-09-28,68858191970997.734
2015-09-29,68984398342982.484
2015-09-30,69096915490161.91
2015-10-01,69177803807869.71
2015-10-02,69216181232222.08
2015-10-03,69260547934860.96
2015-10-04,69294524942509.414
2015-10-05,69333241908441.28
2015-10-06,69367109213666.016
2015-10-07,69419349803869.56
2015-10-08,69490662214402.37
2015-10-09,69473762635015.28
2015-10-10,69369322346037.63
2015-10-11,69227752592918.016
2015-10-12,69118437981345.73
2015-10-13,69097984520024.945
2015-10-14,69135511792192.82
2015-10-15,69218022715217.17
2015-10-16,69336698551104.38
2015-10-17,69439740352484.4
2015-10-18,69501166333561.51
2015-10-19,69544337533280.05
2015-10-20,69599781448556.305
2015-10-21,69640175807146.44
2015-10-22,69710214242608.66
2015-10-23,69790533924921.53
2015-10-24,69888149168170.36
2015-10-25,70009921642905.32
2015-10-26,70046506083991.17
2015-10-27,69980994545489.11
2015-10-28,69879735974104.38
2015-10-29,69798691627831.22
2015-10-30,69717542410157.875
2015-10-31,69608842943471.27
2015-11-01,69442897785843.34
2015-11-02,69294386894140.11
2015-11-03,69247757144712.02
2015-11-04,69345702036477.39
2015-11-05,69536775116348.77
2015-11-06,69737706694012.55
2015-11-07,69888100475013.25
2015-11-08,69946119173483.28
2015-11-09,69967344733316.625
2015-11-10,70025784534563.36
2015-11-11,70094082737293.25
2015-11-12,70145685462570.45
2015-11-13,70051683682972.03
2015-11-14,69921286349675.74
2015-11-15,69935262099894.07
2015-11-16,70092222898406.96
2015-11-17,70214741115834.33
2015-11-18,70269985970762.86
2015-11-19,70348211675631.7
2015-11-20,70543861640437.12
2015-11-21,70764756543302.42
2015-11-22,70949408130658.75
2015-11-23,71101609864842.34
2015-11-24,71228151972061.8
2015-11-25,71346573960744.42
2015-11-26,71472910478997.72
2015-11-27,71565538444283.77
2015-11-28,71627297021551.25
2015-11-29,71681340746144.17
2015-11-30,71705774047071.34
2015-12-01,71653401674508.62
2015-12-02,71463640025074.44
2015-12-03,71113900580726.94
2015-12-04,70741057505029.0
2015-12-05,70427616117599.75
2015-12-06,70014077627384.31
2015-12-07,69592775376880.39
2015-12-08,69321199214073.91
2015-12-09,69190853291394.72
2015-12-10,69149704327808.836
2015-12-11,69125859726626.945
2015-12-12,69139452005888.516
2015-12-13,69103624535954.92
2015-12-14,69240528511003.28
2015-12-15,69424467463978.77
2015-12-16,69618456104911.91
2015-12-17,69815009934495.195
2015-12-18,69966025778294.086
2015-12-19,70042160783241.336
2015-12-20,69992082274693.81
2015-12-21,69907386995645.76
2015-12-22,69851388971681.21
2015-12-23,69904017246205.695
2015-12-24,70038089372109.14
2015-12-25,70254864130298.99
2015-12-26,70478158244865.66
2015-12-27,70578426766922.58
2015-12-28,70618117905653.81
2015-12-29,70654449204108.8
2015-12-30,70727670818077.1
2015-12-31,70806505183843.88
2016-01-01,70880753908266.06
2016-01-02,70932520339771.03
2016-01-03,70956547968920.66
2016-01-04,70970407711734.2
2016-01-05,70996067128915.22
2016-01-06,70971578728951.02
2016-01-07,70874490831966.58
2016-01-08,70778240791127.1
2016-01-09,70717384244076.67
2016-01-10,70690669638448.05
2016-01-11,70670979580366.06
2016-01-12,70623536871175.84
2016-01-13,70503458070414.6
2016-01-14,70405414576296.47
2016-01-15,70332117501332.336
2016-01-16,70260894222336.5
2016-01-17,70169499464377.96
2016-01-18,70092725921749.83
2016-01-19,70032578134271.586
2016-01-20,70000454025616.96
2016-01-21,69959321047822.19
2016-01-22,69893754066473.58
2016-01-23,69866225925421.266
2016-01-24,69858714011949.984
2016-01-25,69843156500370.67
2016-01-26,69817640089092.91
2016-01-27,69790462319371.95
2016-01-28,69682489613353.55
2016-01-29,69605232841090.92
2016-01-30,69559790630580.77
2016-01-31,69530679277359.66
2016-02-01,69510807028496.67
2016-02-02,69471138799409.31
2016-02-03,69410212223943.74
2016-02-04,69355625373571.18
2016-02-05,69333744988746.805
2016-02-06,69304073822650.555
2016-02-07,69311406978046.07
2016-02-08,69336626304062.24
2016-02-09,69347080175246.94
2016-02-10,69339707593677.336
2016-02-11,69331142157596.695
2016-02-12,69286378818454.82
2016-02-13,69240599413421.42
2016-02-14,69220162918159.53
2016-02-15,69216896153192.37
2016-02-16,69198775172818.375
2016-02-17,69169759246155.62
2016-02-18,69150595738221.22
2016-02-19,69120960858456.484
2016-02-20,69081789012758.73
2016-02-21,69016758665633.81
2016-02-22,68990062479276.37
2016-02-23,68954827532887.36
2016-02-24,68894044635860.48
2016-02-25,68839706777141.03
2016-02-26,68775905097112.984
2016-02-27,68757400548054.625
2016-02-28,68687673400528.72
2016-02-29,68633719043372.266
2016-03-01,68512427103290.85
2016-03-02,68391282376914.125
2016-03-03,68242889964966.74
2016-03-04,68067819722176.0
2016-03-05,67909548559911.805
2016-03-06,67743869323408.41
2016-03-07,67626034266408.984
2016-03-08,67529321172572.016
2016-03-09,67444546870598.17
2016-03-10,67330424648170.35
2016-03-11,67241284176926.84
2016-03-12,67149553393329.375
2016-03-13,67064265397998.91
2016-03-14,66996411788625.86
2016-03-15,67004692563168.0
2016-03-16,66986747765075.77
2016-03-17,66920490191173.555
2016-03-18,66827342107335.74
2016-03-19,66710156577141.16
2016-03-20,66582169909839.336
2016-03-21,66515291940885.59
2016-03-22,66428968893899.51
2016-03-23,66299186745037.47
2016-03-24,66227311331630.73
2016-03-25,66160127677992.71
2016-03-26,66004880960707.9
2016-03-27,65831493569100.05
2016-03-28,65702856280710.73
2016-03-29,65517823634904.2
2016-03-30,65287781360288.38
2016-03-31,65028327208181.97
2016-04-01,64809530548539.55
2016-04-02,64621309023284.88
2016-04-03,64451513527081.96
2016-04-04,64329456043332.45
2016-04-05,64221748088072.65
2016-04-06,64212387647792.484
2016-04-07,64212402530483.11
2016-04-08,64210497840407.57
2016-04-09,64218557018205.39
2016-04-10,64225377614773.7
2016-04-11,64237390713986.6
2016-04-12,64260856974982.664
2016-04-13,64272670446411.19
2016-04-14,64244603716731.44
2016-04-15,64161301498748.67
2016-04-16,64108411239413.484
2016-04-17,64099059779044.836
2016-04-18,64127923478617.09
2016-04-19,64141552122891.1
2016-04-20,64144078970726.24
2016-04-21,64138433949283.375
2016-04-22,64121886672724.46
2016-04-23,64148016926387.09
2016-04-24,64153553508727.37
2016-04-25,64164823785862.89
2016-04-26,64148480257498.266
2016-04-27,64204207403965.445
2016-04-28,64198655484081.4
2016-04-29,64179143907294.51
2016-04-30,64138193825291.766
2016-05-01,64088510377205.59
2016-05-02,64095168252852.11
2016-05-03,64120944440155.0
2016-05-04,64177069689852.55
2016-05-05,64164196400699.76
2016-05-06,64132020105833.625
2016-05-07,64104078781838.02
2016-05-08,64062599859123.83
2016-05-09,64011507355608.45
2016-05-10,63945780413312.44
2016-05-11,63862418178365.625
2016-05-12,63773634738800.88
2016-05-13,63682556797744.43
2016-05-14,63631482097029.12
2016-05-15,63682220119913.66
2016-05-16,63715401051011.266
2016-05-17,63759614166117.39
2016-05-18,63839388961746.15
2016-05-19,64020263694084.734
2016-05-20,64149579507665.016
2016-05-21,64268188963797.914
2016-05-22,64406071791098.58
2016-05-23,64487283424954.74
2016-05-24,64547185998123.016
2016-05-25,64581867886613.14
2016-05-26,64610251416714.22
2016-05-27,64674449512217.984
2016-05-28,64757971986487.0
2016-05-29,64906512315583.555
2016-05-30,64962562800915.31
2016-05-31,64994562056109.71
2016-06-01,65056551283376.94
2016-06-02,65157922113268.86
2016-06-03,65234150053096.46
2016-06-04,65261621069011.555
2016-06-05,65261621894334.0
2016-06-06,65253605911317.75
2016-06-07,65221899542907.3
2016-06-08,65187300476415.12
2016-06-09,65189202705229.12
2016-06-10,65159484154385.86
2016-06-11,65115704983138.39
2016-06-12,65058657516794.5
2016-06-13,65021755820420.234
2016-06-14,65051085513217.5
2016-06-15,65097773409837.805
2016-06-16,65104649300265.586
2016-06-17,65068449725329.9
2016-06-18,65044174730833.08
2016-06-19,65121522236818.49
2016-06-20,65160563676193.5
2016-06-21,65219449706742.3
2016-06-22,65294850933627.7
2016-06-23,65396394215403.71
2016-06-24,65495056847634.63
2016-06-25,65551318011284.984
2016-06-26,65592003208382.15
2016-06-27,65613182408368.72
2016-06-28,65632416351785.87
2016-06-29,65635159576061.98
2016-06-30,65630422312511.7
2016-07-01,65635851253839.29
2016-07-02,65677988939630.63
2016-07-03,65694501579399.95
2016-07-04,65688758841224.03
2016-07-05,65710761975947.24
2016-07-06,65758530570407.664
2016-07-07,65779444264264.21
2016-07-08,65900179990351.32
2016-07-09,65956640712917.63
2016-07-10,65966868232384.984
2016-07-11,65929292911747.5
2016-07-12,65907365743802.49
2016-07-13,65884356153210.91
2016-07-14,65861095180089.31
2016-07-15,65867002679931.84
2016-07-16,65916214495765.66
2016-07-17,65989409268754.6
2016-07-18,66061315646857.13
2016-07-19,66129548497894.04
2016-07-20,66178856160481.63
2016-07-21,66209070842321.64
2016-07-22,66241263301813.375
2016-07-23,66304212785045.914
2016-07-24,66364947359935.195
2016-07-25,66415341404284.88
2016-07-26,66469665525200.11
2016-07-27,66511401208395.36
2016-07-28,66537678773299.3
2016-07-29,66572054849284.625
2016-07-30,66610197933031.89
2016-07-31,66648402171161.54
2016-08-01,66690512205071.516
2016-08-02,66738588823837.3
2016-08-03,66817463793744.58
2016-08-04,66861833414032.195
2016-08-05,66891791964226.31
2016-08-06,66915921763420.29
2016-08-07,66946273706025.414
2016-08-08,66972967557864.78
2016-08-09,66988075658694.64
2016-08-10,67011621179561.63
2016-08-11,67017320315151.89
2016-08-12,67026423660534.22
2016-08-13,67059844232920.11
2016-08-14,67104060664329.89
2016-08-15,67142141552964.836
2016-08-16,67170508065556.38
2016-08-17,67209853623394.3
2016-08-18,67264400375216.03
2016-08-19,67325986100603.01
2016-08-20,67390178020414.84
2016-08-21,67437570434808.414
2016-08-22,67467417947241.25
2016-08-23,67453082428323.05
2016-08-24,67429776337685.75
2016-08-25,67407085545069.68
2016-08-26,67380055011997.24
2016-08-27,67345954189494.14
2016-08-28,67301572025060.26
2016-08-29,67344072556907.54
2016-08-30,67364922454160.76
2016-08-31,67362893974432.445
2016-09-01,67355793283934.69
2016-09-02,67411377838391.39
2016-09-03,67475528953648.05
2016-09-04,67553882246969.27
2016-09-05,67644460460003.39
2016-09-06,67774651641760.125
2016-09-07,67874716213179.79
2016-09-08,68000596055934.28
2016-09-09,68099496143683.51
2016-09-10,68218009528477.414
2016-09-11,68346068007011.58
2016-09-12,68468777592330.234
2016-09-13,68600634792884.734
2016-09-14,68739210235799.51
2016-09-15,68872077827487.484
2016-09-16,68996548473778.35
2016-09-17,69135301088316.94
2016-09-18,69271729393356.8
2016-09-19,69349602473863.836
2016-09-20,69406288862985.75
2016-09-21,69467290455377.1
2016-09-22,69543150782689.23
2016-09-23,69621057071353.0
2016-09-24,69717302742934.45
2016-09-25,69762346649609.414
2016-09-26,69820373378554.89
2016-09-27,69887601309620.35
2016-09-28,69956513378110.19
2016-09-29,70043506014868.77
2016-09-30,70130694734727.15
2016-10-01,70208294997555.18
2016-10-02,70298327334522.516
2016-10-03,70320209957581.87
2016-10-04,70333180664020.016
2016-10-05,70331866171805.03
2016-10-06,70312316164356.734
2016-10-07,70312198018013.234
2016-10-08,70269492897714.63
2016-10-09,70225540715601.39
2016-10-10,70216139986492.91
2016-10-11,70310288771081.375
2016-10-12,70417526013717.75
2016-10-13,70458381156231.38
2016-10-14,70355613172726.99
2016-10-15,70083454442611.06
2016-10-16,69771497884362.28
2016-10-17,69534918927845.92
2016-10-18,69367851629763.445
2016-10-19,69332412212304.83
2016-10-20,69358167695151.07
2016-10-21,69391613675615.74
2016-10-22,69500653705250.234
2016-10-23,69653873966393.23
2016-10-24,69764559929909.88
2016-10-25,69794379194268.1
2016-10-26,69650652169818.54
2016-10-27,69384648760692.14
2016-10-28,69202297849512.83
2016-10-29,69204704415285.78
2016-10-30,69349639602975.09
2016-10-31,69541421820609.164
2016-11-01,69739098077462.07
2016-11-02,69795622661523.516
2016-11-03,69709152006637.7
2016-11-04,69571532659108.195
2016-11-05,69497010548259.6
2016-11-06,69535381391101.336
2016-11-07,69627425670626.6
2016-11-08,69674442524883.086
2016-11-09,69617940379433.58
2016-11-10,69641985627597.125
2016-11-11,69750797408362.57
2016-11-12,69867875053655.984
2016-11-13,69942742236955.25
2016-11-14,69980672959158.5
2016-11-15,70034346577457.51
2016-11-16,70149788382507.93
2016-11-17,70309232495927.76
2016-11-18,70474580378805.14
2016-11-19,70580492178104.98
2016-11-20,70566633574094.66
2016-11-21,70445651577602.25
2016-11-22,70348567098998.98
2016-11-23,70303983860907.56
2016-11-24,70257536823342.945
2016-11-25,70205579580872.53
2016-11-26,70188084208860.4
2016-11-27,70236372602127.76
2016-11-28,70324873900062.35
2016-11-29,70474708070689.58
2016-11-30,70611870722142.23
2016-12-01,70759492378658.94
2016-12-02,70873815729354.36
2016-12-03,70967846866145.92
2016-12-04,71054723784706.88
2016-12-05,71163891637064.78
2016-12-06,71318505804012.08
2016-12-07,71491850804002.02
2016-12-08,71635871238188.94
2016-12-09,71729342782933.12
2016-12-10,71749124245025.0
2016-12-11,71709262695397.75
2016-12-12,71699902587861.81
2016-12-13,71735396639265.53
2016-12-14,71780073925366.42
2016-12-15,71819109443792.95
2016-12-16,71859756525478.92
2016-12-17,71887418293088.28
2016-12-18,71890359626381.66
2016-12-19,71824659417036.12
2016-12-20,71735324636679.83
2016-12-21,71680762919227.44
2016-12-22,71680892326464.73
2016-12-23,71762622671158.92
2016-12-24,71904959438987.34
2016-12-25,72098791471760.81
2016-12-26,72207497981842.94
2016-12-27,72216265774513.81
2016-12-28,72189132085966.88
2016-12-29,72153653203812.14
2016-12-30,72166689411370.3
2016-12-31,72229149434266.86
2017-01-01,72345070904528.28
2017-01-02,72510784854985.62
2017-01-03,72659132897866.28
2017-01-04,72738440883117.97
2017-01-05,72795985170709.19
2017-01-06,72821627852527.39
2017-01-07,72820693845712.17
2017-01-08,72771609146222.03
2017-01-09,72679049154641.34
2017-01-10,72547698919063.2
2017-01-11,72420111095910.28
2017-01-12,72341190617141.94
2017-01-13,72291563580384.12
2017-01-14,72261983697010.06
2017-01-15,72242522069272.69
2017-01-16,72229007129692.61
2017-01-17,72157960386596.58
2017-01-18,71920852043755.8
2017-01-19,71611587586629.1
2017-01-20,71427269587195.14
2017-01-21,71350630007256.25
2017-01-22,71362630175582.53
2017-01-23,71358090426232.38
2017-01-24,71335339753434.45
2017-01-25,71318420331281.19
2017-01-26,71303977623339.47
2017-01-27,71290249601277.88
2017-01-28,71231365830426.67
2017-01-29,71161947876450.4
2017-01-30,71136941850313.31
2017-01-31,71117909126864.44
2017-02-01,71085379714666.67
2017-02-02,71055248495608.44
2017-02-03,70999829978688.97
2017-02-04,70951378673206.73
2017-02-05,70873937538188.12
2017-02-06,70801035944013.78
2017-02-07,70749130150589.38
2017-02-08,70662717997533.38
2017-02-09,70552072564257.3
2017-02-10,70428412016755.81
2017-02-11,70329384417216.4
2017-02-12,70264200849043.945
2017-02-13,70214959278689.67
2017-02-14,70163485190420.97
2017-02-15,70098333192777.336
2017-02-16,70004474266885.836
2017-02-17,69934961708848.55
2017-02-18,69888006647643.8
2017-02-19,69876354002725.62
2017-02-20,69858626755293.43
2017-02-21,69827781787329.52
2017-02-22,69790725801082.29
2017-02-23,69719095640191.93
2017-02-24,69620712473394.375
2017-02-25,69532097311652.66
2017-02-26,69428400592814.61
2017-02-27,69347137543085.57
2017-02-28,69302014499841.34
2017-03-01,69254369665675.88
2017-03-02,69221064943538.12
2017-03-03,69176239523946.984
2017-03-04,69120208991713.59
2017-03-05,69030273598062.016
2017-03-06,68973985037074.875
2017-03-07,68922120188237.93
2017-03-08,68917347514569.484
2017-03-09,68879525599958.555
2017-03-10,68825739046362.17
2017-03-11,68747578527979.48
2017-03-12,68677242701200.67
2017-03-13,68617632532421.35
2017-03-14,68573408459096.95
2017-03-15,68546017772508.8
2017-03-16,68549536630089.2
2017-03-17,68545392227619.53
2017-03-18,68569196819247.695
2017-03-19,68571209992018.92
2017-03-20,68544939427850.13
2017-03-21,68559237157641.87
2017-03-22,68522331667742.82
2017-03-23,68407702167593.45
2017-03-24,68253275891370.38
2017-03-25,68051102618468.86
2017-03-26,67895550029104.29
2017-03-27,67860448651597.766
2017-03-28,67782895118007.41
2017-03-29,67706761828392.016
2017-03-30,67614569983330.24
2017-03-31,67519765101160.5
2017-04-01,67440547040962.484
2017-04-02,67378691777181.125
2017-04-03,67293773153888.05
2017-04-04,67137664371622.71
2017-04-05,67049368621745.81
2017-04-06,66899810164233.12
2017-04-07,66708684487060.06
2017-04-08,66481647936589.445
2017-04-09,66239085536455.3
2017-04-10,65968877265285.45
2017-04-11,65798752262163.17
2017-04-12,65627386074427.42
2017-04-13,65583133591172.086
2017-04-14,65451018188495.31
2017-04-15,65272186770412.2
2017-04-16,65102873256448.95
2017-04-17,65015376729949.05
2017-04-18,64991159145831.31
2017-04-19,64833612505906.33
2017-04-20,64678429828272.164
2017-04-21,64512389642968.94
2017-04-22,64392345285264.75
2017-04-23,64451644463472.15
2017-04-24,64467302525190.32
2017-04-25,64399090772906.23
2017-04-26,64386921130290.8
2017-04-27,64346125879292.266
2017-04-28,64323957689892.5
2017-04-29,64315465152582.266
2017-04-30,64414276294952.84
2017-05-01,64437487708708.01
2017-05-02,64508550319831.69
2017-05-03,64547975863370.2
2017-05-04,64609312931054.32
2017-05-05,64629723397905.97
2017-05-06,64690804020241.28
2017-05-07,64714874547582.02
2017-05-08,64754154098460.36
2017-05-09,64822643404707.445
2017-05-10,64861599448780.44
2017-05-11,64915514057126.16
2017-05-12,65001742088644.14
2017-05-13,64979617904235.3
2017-05-14,64874816181884.69
2017-05-15,64778384572620.35
2017-05-16,64819922828602.16
2017-05-17,64814512557888.516
2017-05-18,64839951616276.97
2017-05-19,64890370518512.91
2017-05-20,64916057495800.77
2017-05-21,64913797267225.8
2017-05-22,64925717238704.88
2017-05-23,64935882779399.98
2017-05-24,64960994869118.02
2017-05-25,64937387193728.85
2017-05-26,64896095907357.21
2017-05-27,64812502765801.04
2017-05-28,64699535227040.52
2017-05-29,64585771640360.13
2017-05-30,64490807243838.3
2017-05-31,64494462864501.08
2017-06-01,64489644530267.516
2017-06-02,64476530099787.83
2017-06-03,64420975990841.97
2017-06-04,64377064274614.336
2017-06-05,64331307891813.61
2017-06-06,64313925141452.65
2017-06-07,64318901974341.32
2017-06-08,64349391167965.95
2017-06-09,64433340871352.62
2017-06-10,64408409588491.96
2017-06-11,64334158258593.5
2017-06-12,64259346407663.05
2017-06-13,64250396264087.76
2017-06-14,64294465176016.98
2017-06-15,64360336285569.766
2017-06-16,64502666259364.62
2017-06-17,64474244159894.234
2017-06-18,64490611586718.59
2017-06-19,64623157751585.33
2017-06-20,64765152845249.74
2017-06-21,64882800522726.31
2017-06-22,65000086476946.88
2017-06-23,65121397121318.734
2017-06-24,65218700152926.91
2017-06-25,65291621787412.766
2017-06-26,65352204457164.93
2017-06-27,65378405838817.234
2017-06-28,65353357812609.13
2017-06-29,65316226093351.125
2017-06-30,65274770000307.77
2017-07-01,65242355099382.2
2017-07-02,65213231955249.1
2017-07-03,65183642969722.43
2017-07-04,65148751277683.38
2017-07-05,65139184873468.1
2017-07-06,65154511039004.36
2017-07-07,65164408365561.83
2017-07-08,65147348516778.55
2017-07-09,65127913190875.4
2017-07-10,65133817330258.99
2017-07-11,65156946598403.375
2017-07-12,65169911096648.05
2017-07-13,65207548745935.46
2017-07-14,65257994806164.9
2017-07-15,65298661576698.47
2017-07-16,65328681976947.0
2017-07-17,65361696525923.984
2017-07-18,65407382805166.516
2017-07-19,65477382857287.234
2017-07-20,65569041956214.164
2017-07-21,65667685309614.94
2017-07-22,65805517252105.05
2017-07-23,65932092715369.82
2017-07-24,66020638641789.766
2017-07-25,66114577553596.28
2017-07-26,66208740454991.61
2017-07-27,66301940766961.51
2017-07-28,66364761501210.44
2017-07-29,66405177388210.91
2017-07-30,66452143914761.445
2017-07-31,66496058696819.65
2017-08-01,66537719061489.695
2017-08-02,66599841756684.14
2017-08-03,66676586643980.266
2017-08-04,66740248165451.02
2017-08-05,66779739672428.11
2017-08-06,66793471066149.445
2017-08-07,66808450069730.305
2017-08-08,66839952919627.83
2017-08-09,66877946443322.695
2017-08-10,66907957349606.97
2017-08-11,66932330158740.164
2017-08-12,66957522984869.266
2017-08-13,66993497829629.42
2017-08-14,67011628744069.734
2017-08-15,67043000557821.2
2017-08-16,67064050443826.01
2017-08-17,67102401564676.555
2017-08-18,67139911358944.8
2017-08-19,67208242821696.98
2017-08-20,67274833594585.92
2017-08-21,67354295971613.77
2017-08-22,67446083547381.98
2017-08-23,67544702102368.664
2017-08-24,67632359078706.64
2017-08-25,67691987441575.26
2017-08-26,67746334658669.22
2017-08-27,67808088299496.21
2017-08-28,67887766670200.6
2017-08-29,67978027487110.54
2017-08-30,68042680718798.12
2017-08-31,68081251957750.92
2017-09-01,68101325440868.86
2017-09-02,68144414280585.41
2017-09-03,68215795230560.25
2017-09-04,68307897917224.164
2017-09-05,68411720819338.14
2017-09-06,68535387088206.016
2017-09-07,68618105058246.266
2017-09-08,68683618163919.27
2017-09-09,68757896369266.05
2017-09-10,68884315373784.375
2017-09-11,68965157868160.664
2017-09-12,69043331290261.66
2017-09-13,69117621174013.164
2017-09-14,69199122955571.02
2017-09-15,69274375749444.2
2017-09-16,69344547941264.086
2017-09-17,69411062103118.01
2017-09-18,69517237953556.61
2017-09-19,69572374490608.17
2017-09-20,69604930704514.54
2017-09-21,69626592433076.91
2017-09-22,69650710914189.24
2017-09-23,69684248302165.81
2017-09-24,69701437319567.1
2017-09-25,69720461285111.63
2017-09-26,69778201403116.48
2017-09-27,69795326757037.625
2017-09-28,69811955556680.66
2017-09-29,69822455789766.484
2017-09-30,69848169797622.414
2017-10-01,69876132337523.375
2017-10-02,69928341606084.86
2017-10-03,70017262235057.56
2017-10-04,70120891082012.26
2017-10-05,70230960586528.984
2017-10-06,70335676362904.29
2017-10-07,70468202851086.47
2017-10-08,70553277529424.39
2017-10-09,70609179811833.19
2017-10-10,70689429915299.27
2017-10-11,70780743198802.66
2017-10-12,70860671866936.95
2017-10-13,70961355903976.78
2017-10-14,71035338643905.94
2017-10-15,71158318629301.33
2017-10-16,71241555677489.58
2017-10-17,71327923129253.11
2017-10-18,71350268031245.4
2017-10-19,71350596332496.44
2017-10-20,71319157667623.44
2017-10-21,71289427373799.97
2017-10-22,71262227455533.23
2017-10-23,71195034628133.48
2017-10-24,71156090360684.44
2017-10-25,71189954253384.8
2017-10-26,71308421170137.97
2017-10-27,71425172228758.25
2017-10-28,71533717713293.66
2017-10-29,71622876430618.19
2017-10-30,71693452684906.98
2017-10-31,71775176486654.17
2017-11-01,71884156140017.94
2017-11-02,72004028346357.86
2017-11-03,72154098393578.5
2017-11-04,72280894923377.28
2017-11-05,72398271888488.31
2017-11-06,72450688938962.75
2017-11-07,72461952647268.0
2017-11-08,72442849734257.4
2017-11-09,72321456538871.84
2017-11-10,72128363892669.19
2017-11-11,71951084534612.12
2017-11-12,71851777991042.2
2017-11-13,71683830205262.05
2017-11-14,71307591653621.94
2017-11-15,70865861475490.81
2017-11-16,70585998190798.64
2017-11-17,70541409367661.92
2017-11-18,70653811901138.9
2017-11-19,70675798457834.9
2017-11-20,70587400559221.44
2017-11-21,70541772180638.36
2017-11-22,70483837657761.9
2017-11-23,70365731791599.414
2017-11-24,70297882389814.1
2017-11-25,70301630720723.28
2017-11-26,70312103722981.31
2017-11-27,70353561239371.625
2017-11-28,70418577515026.05
2017-11-29,70548796437326.34
2017-11-30,70671175922827.62
2017-12-01,70818201236606.16
2017-12-02,70983252346332.22
2017-12-03,71171689956319.81
2017-12-04,71382952854925.44
2017-12-05,71582270482045.02
2017-12-06,71759544570581.56
2017-12-07,71925686048636.14
2017-12-08,72062764815178.98
2017-12-09,72171274370852.56
2017-12-10,72253397347933.55
2017-12-11,72330947814591.48
2017-12-12,72414491266770.95
2017-12-13,72494629764598.56
2017-12-14,72565297727676.3
2017-12-15,72650197690003.45
2017-12-16,72725956541253.89
2017-12-17,72761463419806.61
2017-12-18,72804427388536.84
2017-12-19,72846823831183.16
2017-12-20,72913779375121.64
2017-12-21,72983576694610.27
2017-12-22,73048152244295.22
2017-12-23,73118557410116.95
2017-12-24,73172563930992.4
2017-12-25,73230875593261.02
2017-12-26,73271952846334.69
2017-12-27,73319372060580.8
2017-12-28,73358488234054.45
2017-12-29,73356896883481.06
2017-12-30,73298831145816.12
2017-12-31,73223585906399.47
2018-01-01,73189996163605.5
2018-01-02,73188208645793.16
2018-01-03,73190891728891.23
2018-01-04,73190281295950.56
2018-01-05,73193355719052.42
2018-01-06,73186792020752.45
2018-01-07,73141974243721.38
2018-01-08,73043270293175.88
2018-01-09,72939866176427.4
2018-01-10,72936937800918.95
2018-01-11,73003260791577.2
2018-01-12,73053280720613.33
2018-01-13,73017526631954.53
2018-01-14,72956048273737.17
2018-01-15,72924376545163.22
2018-01-16,72893070462922.11
2018-01-17,72798662038486.69
2018-01-18,72556357405566.2
2018-01-19,72259968166134.11
2018-01-20,72054644869248.95
2018-01-21,71921142208653.86
2018-01-22,71838194505271.5
2018-01-23,71814031926015.44
2018-01-24,71828226622824.17
2018-01-25,71851672662226.02
2018-01-26,71867517177820.23
2018-01-27,71815962470246.06
2018-01-28,71748950368379.2
2018-01-29,71656709670048.38
2018-01-30,71592362696193.39
2018-01-31,71560186025344.17
2018-02-01,71526935679778.22
2018-02-02,71482185832358.61
2018-02-03,71441295832791.64
2018-02-04,71424757131494.78
2018-02-05,71437409220711.48
2018-02-06,71496639559680.61
2018-02-07,71562744857586.1
2018-02-08,71610844207465.28
2018-02-09,71649449790019.17
2018-02-10,71696701447473.6
2018-02-11,71726377629957.7
2018-02-12,71743506176199.25
2018-02-13,71760301016319.02
2018-02-14,71777543653609.9
2018-02-15,71795283296357.94
2018-02-16,71831668276342.17
2018-02-17,71845343859386.53
2018-02-18,71852473293552.58
2018-02-19,71878310324404.6
2018-02-20,71929191063334.78
2018-02-21,71976849092462.92
2018-02-22,72016108726268.9
2018-02-23,72011150051246.81
2018-02-24,72051135547728.56
2018-02-25,72037102269212.72
2018-02-26,72036861337235.73
2018-02-27,72019815458372.75
2018-02-28,72008402265605.69
2018-03-01,72012555156180.92
2018-03-02,71930596282557.5
2018-03-03,71807695898816.05
2018-03-04,71635304646409.98
2018-03-05,71491034530345.77
2018-03-06,71375882798203.2
2018-03-07,71269064152266.84
2018-03-08,71228808198690.52
2018-03-09,71268779986640.19
2018-03-10,71143113144217.42
2018-03-11,70949674007959.86
2018-03-12,70720066120854.12
2018-03-13,70441999583414.44
2018-03-14,70285013829755.86
2018-03-15,70011081360061.1
2018-03-16,69685299179137.22
2018-03-17,69397086193399.57
2018-03-18,69162145365296.03
2018-03-19,68941133076678.18
2018-03-20,68768614499789.734
2018-03-21,68648709972988.2
2018-03-22,68599080182850.5
2018-03-23,68615245049835.19
2018-03-24,68565582730585.92
2018-03-25,68398601674802.04
2018-03-26,68261286317478.945
2018-03-27,68262908182357.06
2018-03-28,68267641088702.164
2018-03-29,68273453914124.16
2018-03-30,68353531765794.18
2018-03-31,68437387509476.78
2018-04-01,68528258470675.5
2018-04-02,68611099461076.31
2018-04-03,68662153601508.91
2018-04-04,68734370721981.484
2018-04-05,68805428901079.86
2018-04-06,68862273653483.22
2018-04-07,68768400056439.81
2018-04-08,68597360569496.1
2018-04-09,68335616018859.305
2018-04-10,68120239197488.016
2018-04-11,67991580337530.84
2018-04-12,67926746475609.41
2018-04-13,67780894841570.87
2018-04-14,67714601463622.46
2018-04-15,67624299516385.09
2018-04-16,67583715328428.04
2018-04-17,67698015647548.47
2018-04-18,67776825350958.67
2018-04-19,67850029522108.414
2018-04-20,67878626810877.29
2018-04-21,67876050800481.36
2018-04-22,67781231910140.97
2018-04-23,67664760168557.5
2018-04-24,67566475081127.78
2018-04-25,67481960726080.08
2018-04-26,67377093725004.086
2018-04-27,67247690184118.51
2018-04-28,67132790609196.875
2018-04-29,67140826485066.97
2018-04-30,67077020575110.86
2018-05-01,67011253225176.77
2018-05-02,66957424366472.23
2018-05-03,66906320635288.64
2018-05-04,66868320800557.88
2018-05-05,66841633137222.5
2018-05-06,66791972473743.46
2018-05-07,66736615227672.4
2018-05-08,66659551042442.12
2018-05-09,66599138319128.88
2018-05-10,66533668683065.266
2018-05-11,66468238146468.35
2018-05-12,66392221425579.97
2018-05-13,66346114349134.734
2018-05-14,66304648298146.6
2018-05-15,66260750833304.89
2018-05-16,66190352388473.64
2018-05-17,66093437864735.03
2018-05-18,66006155280095.875
2018-05-19,65946041246034.125
2018-05-20,65912678549490.984
2018-05-21,65894904251759.63
2018-05-22,65867864277948.76
2018-05-23,65840224588992.69
2018-05-24,65828809379321.19
2018-05-25,65822832943239.016
2018-05-26,65821091606098.984
2018-05-27,65799730190613.234
2018-05-28,65767357436330.266
2018-05-29,65742811912421.516
2018-05-30,65707410600392.875
2018-05-31,65684175058575.1
2018-06-01,65687636299841.805
2018-06-02,65710430586485.47
2018-06-03,65725732669987.93
2018-06-04,65844300965770.26
2018-06-05,65876792084780.43
2018-06-06,65939703002210.93
2018-06-07,65953363220876.086
2018-06-08,65998757476089.64
2018-06-09,66140343775463.3
2018-06-10,66181914536028.93
2018-06-11,66224103063593.63
2018-06-12,66257269063898.39
2018-06-13,66375970439527.67
2018-06-14,66483539515989.33
2018-06-15,66551011368736.695
2018-06-16,66544532365921.48
2018-06-17,66577289797780.055
2018-06-18,66615186997398.44
2018-06-19,66610185520744.58
2018-06-20,66577254418012.586
2018-06-21,66551996757916.125
2018-06-22,66517927882666.47
2018-06-23,66498399582426.96
2018-06-24,66462448197551.14
2018-06-25,66494141293281.67
2018-06-26,66491466744800.18
2018-06-27,66445537905919.664
2018-06-28,66407192676550.27
2018-06-29,66419240851634.09
2018-06-30,66476487287620.336
2018-07-01,66561266219247.734
2018-07-02,66569023458200.734
2018-07-03,66542787312475.19
2018-07-04,66537459843715.016
2018-07-05,66591042658440.414
2018-07-06,66625730968193.42
2018-07-07,66642662585058.984
2018-07-08,66667350679353.875
2018-07-09,66672142152382.64
2018-07-10,66740272624928.26
2018-07-11,66782390102052.08
2018-07-12,66813229732029.83
2018-07-13,66852888803427.92
2018-07-14,66894161002453.92
2018-07-15,66929252625844.734
2018-07-16,66935034761649.12
2018-07-17,66905246891196.25
2018-07-18,66856269813942.42
2018-07-19,66810146740105.82
2018-07-20,66768199278861.19
2018-07-21,66738544719994.734
2018-07-22,66735625915287.55
2018-07-23,66755934380124.93
2018-07-24,66780261726434.64
2018-07-25,66786215509110.32
2018-07-26,66778722454866.32
2018-07-27,66769297802224.51
2018-07-28,66761675802243.64
2018-07-29,66751597897656.8
2018-07-30,66751813494937.305
2018-07-31,66762578153580.914
2018-08-01,66777790572610.086
2018-08-02,66799542652617.47
2018-08-03,66828978706439.305
2018-08-04,66843840224487.68
2018-08-05,66856287059683.3
2018-08-06,66872134286456.58
2018-08-07,66902213306311.945
2018-08-08,66935192458336.43
2018-08-09,66966208348418.29
2018-08-10,66999872321253.92
2018-08-11,66997126012846.516
2018-08-12,67030865578300.68
2018-08-13,67067901729101.47
2018-08-14,67111899345253.94
2018-08-15,67173553929369.65
2018-08-16,67229568316992.62
2018-08-17,67301457829599.484
2018-08-18,67374599701125.21
2018-08-19,67444427490023.79
2018-08-20,67513649240093.59
2018-08-21,67581168777898.6
2018-08-22,67649851343545.75
2018-08-23,67722008854374.33
2018-08-24,67798332324449.31
2018-08-25,67882338294794.24
2018-08-26,68020406750501.68
2018-08-27,68147901330074.94
2018-08-28,68224704178341.11
2018-08-29,68306998097118.78
2018-08-30,68408184463520.22
2018-08-31,68485421933251.984
2018-09-01,68539113203898.984
2018-09-02,68567856798287.44
2018-09-03,68606154656723.24
2018-09-04,68642503741865.125
2018-09-05,68691361618819.45
2018-09-06,68746313050353.164
2018-09-07,68800297089020.7
2018-09-08,68912907403287.63
2018-09-09,69002044076825.73
2018-09-10,69099875178533.625
2018-09-11,69156638345858.05
2018-09-12,69225811395313.01
2018-09-13,69295473808381.43
2018-09-14,69366232201720.375
2018-09-15,69467308630504.22
2018-09-16,69511180595102.36
2018-09-17,69504657963142.15
2018-09-18,69476758765591.6
2018-09-19,69499859776839.08
2018-09-20,69595887460425.58
2018-09-21,69756823403435.67
2018-09-22,69871765309482.79
2018-09-23,69944739613522.016
2018-09-24,70024047565291.49
2018-09-25,70118655008750.74
2018-09-26,70214590421513.484
2018-09-27,70304877912276.56
2018-09-28,70390975243326.33
2018-09-29,70472499248524.78
2018-09-30,70567295783392.03
2018-10-01,70652048791831.98
2018-10-02,70631115037192.92
2018-10-03,70566896151345.52
2018-10-04,70566171145995.36
2018-10-05,70586025108538.12
2018-10-06,70653191440380.95
2018-10-07,70680543498448.89
2018-10-08,70792366823421.83
2018-10-09,70905424275660.55
2018-10-10,70992970648074.61
2018-10-11,71096641819612.72
2018-10-12,71202354802709.58
2018-10-13,71283092459032.56
2018-10-14,71350451285467.9
2018-10-15,71404797976056.53
2018-10-16,71446320747448.75
2018-10-17,71470970630436.33
2018-10-18,71479281652910.28
2018-10-19,71465224884646.58
2018-10-20,71442063375973.5
2018-10-21,71429310054060.64
2018-10-22,71429826774569.0
2018-10-23,71425179791624.62
2018-10-24,71383506642037.75
2018-10-25,71257328638260.73
2018-10-26,71085481504774.14
2018-10-27,70904129540806.53
2018-10-28,70815203387235.6
2018-10-29,70879093049705.61
2018-10-30,70894209716679.44
2018-10-31,70853460207417.03
2018-11-01,70870397645586.86
2018-11-02,70868595257500.06
2018-11-03,70929661393046.39
2018-11-04,70995552785389.56
2018-11-05,71083572350276.66
2018-11-06,71248910370591.75
2018-11-07,71436688433917.67
2018-11-08,71638295661618.42
2018-11-09,71850961094985.61
2018-11-10,72045276771839.66
2018-11-11,72191155524030.16
2018-11-12,72294079105453.81
2018-11-13,72323801187211.92
2018-11-14,72294997961773.53
2018-11-15,72280996565347.84
2018-11-16,72358835202704.52
2018-11-17,72513915439600.69
2018-11-18,72704084448898.77
2018-11-19,72830541383606.2
2018-11-20,72856602795599.0
2018-11-21,72777842929561.19
2018-11-22,72612611194385.61
2018-11-23,72447760979097.62
2018-11-24,72345186147851.02
2018-11-25,72223561559887.28
2018-11-26,72039223529339.67
2018-11-27,71792022534330.84
2018-11-28,71674052206534.17
2018-11-29,71780362096466.03
2018-11-30,71963998012661.14
2018-12-01,72156259530540.7
2018-12-02,72382020218608.98
2018-12-03,72644883787127.64
2018-12-04,72814157398165.22
2018-12-05,72932363826147.0
2018-12-06,72992444308324.73
2018-12-07,72956864616513.02
2018-12-08,72833203097347.72
2018-12-09,72681840329690.97
2018-12-10,72567438682280.05
2018-12-11,72437355906950.42
2018-12-12,72287181185600.8
2018-12-13,72028248997270.03
2018-12-14,71694297115423.86
2018-12-15,71473497968195.27
2018-12-16,71330853141944.75
2018-12-17,71243043983971.64
2018-12-18,71138144974936.12
2018-12-19,71118017451238.98
2018-12-20,71072097145007.8
2018-12-21,71035077651357.31
2018-12-22,71040639579662.72
2018-12-23,71010463976057.97
2018-12-24,71057870619525.02
2018-12-25,71119666220980.2
2018-12-26,71179727525840.84
2018-12-27,71268339039107.94
2018-12-28,71367352494660.9
2018-12-29,71463275823937.1
2018-12-30,71600409488437.83
2018-12-31,71762544225234.14
2019-01-01,71880504621526.81
2019-01-02,71914518571041.92
2019-01-03,71826636034605.53
2019-01-04,71681977080458.77
2019-01-05,71622743907031.05
2019-01-06,71623009602482.38
2019-01-07,71674343106922.47
2019-01-08,71692190005957.5
2019-01-09,71619753316218.53
2019-01-10,71475997528258.6
2019-01-11,71381198579731.66
2019-01-12,71329545109365.1
2019-01-13,71313223609238.06
2019-01-14,71290592322841.5
2019-01-15,71222126354211.52
2019-01-16,71119621751407.61
2019-01-17,70987612053260.38
2019-01-18,70852521937710.86
2019-01-19,70728222562456.08
2019-01-20,70672740777647.16
2019-01-21,70628663673217.53
2019-01-22,70580874673261.12
2019-01-23,70527528703856.06
2019-01-24,70531782550086.61
2019-01-25,70531697041710.58
2019-01-26,70544706944119.86
2019-01-27,70545394831322.34
2019-01-28,70525438279025.03
2019-01-29,70483462212317.6
2019-01-30,70452088321925.16
2019-01-31,70421965730454.05
2019-02-01,70392571615379.42
2019-02-02,70429618120425.33
2019-02-03,70468667192844.97
2019-02-04,70549914459042.58
2019-02-05,70591802872330.03
2019-02-06,70611213880364.14
2019-02-07,70632527077079.34
2019-02-08,70663129716148.84
2019-02-09,70729948476245.03
2019-02-10,70800848060763.75
2019-02-11,70851355558700.72
2019-02-12,70845462960563.1
2019-02-13,70776624073414.2
2019-02-14,70681818640520.77
2019-02-15,70648900523227.8
2019-02-16,70623459061489.75
2019-02-17,70600373248547.58
2019-02-18,70568078574900.39
2019-02-19,70559613849132.2
2019-02-20,70618743153389.14
2019-02-21,70680534499513.73
2019-02-22,70723941479062.75
2019-02-23,70763842054931.86
2019-02-24,70824259303570.67
2019-02-25,70856985301900.4
2019-02-26,70874094958436.84
2019-02-27,70878052836621.92
2019-02-28,70882865737019.12
2019-03-01,70813765435556.48
2019-03-02,70732115902332.94
2019-03-03,70694376331175.3
2019-03-04,70700560735715.84
2019-03-05,70693249822428.38
2019-03-06,70655445024676.3
2019-03-07,70631789778934.84
2019-03-08,70576134068085.12
2019-03-09,70466000940900.77
2019-03-10,70320360122032.48
2019-03-11,70154986316625.92
2019-03-12,70162568810905.7
2019-03-13,70144542581756.586
2019-03-14,70104064047361.31
2019-03-15,70091123657596.29
2019-03-16,70033885951274.74
2019-03-17,69951055917508.26
2019-03-18,69792146741812.74
2019-03-19,69592783458878.4
2019-03-20,69337623147270.37
2019-03-21,69036562967043.6
2019-03-22,68726308723258.83
2019-03-23,68450768456531.375
2019-03-24,68191221529264.59
2019-03-25,67990754947706.13
2019-03-26,67845113669541.375
2019-03-27,67689440324928.42
2019-03-28,67521399425740.836
2019-03-29,67370120519644.03
2019-03-30,67243850933427.35
2019-03-31,67180181955732.62
2019-04-01,67137868540445.6
2019-04-02,67082162540679.23
2019-04-03,67034793359918.66
2019-04-04,66980610218300.93
2019-04-05,66797129373918.766
2019-04-06,66593099841390.58
2019-04-07,66432795090510.914
2019-04-08,66383331361299.05
2019-04-09,66454813144405.65
2019-04-10,66516796500084.945
2019-04-11,66629964838741.945
2019-04-12,66776950374413.62
2019-04-13,66843357900102.62
2019-04-14,66959310656565.31
2019-04-15,67001786087476.914
2019-04-16,66985422751085.92
2019-04-17,66954353748310.37
2019-04-18,66862502362642.5
2019-04-19,66914106038816.086
2019-04-20,66916813995910.375
2019-04-21,66852365146493.61
2019-04-22,66818633143549.97
2019-04-23,66906913752156.08
2019-04-24,66904182503382.234
2019-04-25,66847621296256.35
2019-04-26,66819279054918.31
2019-04-27,66753070180088.75
2019-04-28,66631135755911.914
2019-04-29,66465403461757.9
2019-04-30,66283664478691.75
2019-05-01,66097664769974.98
2019-05-02,65942609249276.555
2019-05-03,65811808660470.95
2019-05-04,65710451793875.29
2019-05-05,65628348263680.375
2019-05-06,65538721523240.16
2019-05-07,65468104716039.555
2019-05-08,65390715054409.23
2019-05-09,65313132046568.8
2019-05-10,65228311701192.37
2019-05-11,65165848810797.45
2019-05-12,65117198584084.305
2019-05-13,65081212952803.2
2019-05-14,65134904840432.04
2019-05-15,65258438391544.79
2019-05-16,65300726894050.33
2019-05-17,65364824971791.51
2019-05-18,65345010057914.15
2019-05-19,65293035466668.45
2019-05-20,65273526758205.37
2019-05-21,65386871201283.586
2019-05-22,65433401243527.57
2019-05-23,65475487321889.64
2019-05-24,65551023297055.39
2019-05-25,65659942695263.58
2019-05-26,65806287186198.586
2019-05-27,65865976965577.2
2019-05-28,65878847195569.63
2019-05-29,65853739327097.56
2019-05-30,65827171203566.57
2019-05-31,65800980833656.63
2019-06-01,65785701960281.73
2019-06-02,65784620909238.57
2019-06-03,65774155026300.75
2019-06-04,65732356121566.305
2019-06-05,65706084773778.64
2019-06-06,65732666324540.164
2019-06-07,65729565916009.695
2019-06-08,65729507658197.055
2019-06-09,65699395532120.32
2019-06-10,65717862235250.97
2019-06-11,65717366536202.52
2019-06-12,65725941312407.875
2019-06-13,65749236746881.016
2019-06-14,65742921501291.99
2019-06-15,65713834750465.38
2019-06-16,65681180682049.336
2019-06-17,65657209956125.375
2019-06-18,65623380568248.43
2019-06-19,65573397780951.3
2019-06-20,65522489572370.31
2019-06-21,65452485801692.12
2019-06-22,65367067979296.38
2019-06-23,65297875976079.44
2019-06-24,65239454551569.66
2019-06-25,65176542862206.77
2019-06-26,65136520130774.92
2019-06-27,65154547739307.35
2019-06-28,65221227835009.31
2019-06-29,65253572881910.234
2019-06-30,65279489439096.375
2019-07-01,65331525814984.96
2019-07-02,65413837741187.65
2019-07-03,65528462303547.0
2019-07-04,65599372836540.66
2019-07-05,65675316604874.836
2019-07-06,65778761527161.37
2019-07-07,65847586056680.31
2019-07-08,65935610743512.28
2019-07-09,65968854344083.78
2019-07-10,66022189795392.484
2019-07-11,66057659425582.02
2019-07-12,66072734469443.086
2019-07-13,66096898702901.414
2019-07-14,66114345581527.67
2019-07-15,66121614350712.26
2019-07-16,66146773142506.02
2019-07-17,66190158363513.766
2019-07-18,66280228567152.734
2019-07-19,66334984045751.6
2019-07-20,66379451604201.65
2019-07-21,66420160862288.484
2019-07-22,66457199352340.69
2019-07-23,66482757653951.734
2019-07-24,66501605369743.46
2019-07-25,66502942848861.39
2019-07-26,66530481435546.16
2019-07-27,66576784015546.09
2019-07-28,66598837504963.14
2019-07-29,66624215496843.13
2019-07-30,66659551800497.56
2019-07-31,66708030257586.51
2019-08-01,66727883826443.875
2019-08-02,66768491091303.05
2019-08-03,66786383830450.12
2019-08-04,66823474600758.586
2019-08-05,66854661726524.01
2019-08-06,66881199190875.875
2019-08-07,66886397836146.39
2019-08-08,66877541308749.47
2019-08-09,66881433450193.96
2019-08-10,66911888433098.086
2019-08-11,66973627344703.97
2019-08-12,67048035257612.56
2019-08-13,67111370088314.27
2019-08-14,67183211078000.766
2019-08-15,67247960604076.59
2019-08-16,67305545430874.305
2019-08-17,67370303069034.56
2019-08-18,67437505131806.91
2019-08-19,67503871915971.12
2019-08-20,67538475832956.51
2019-08-21,67568591426911.03
2019-08-22,67646494671627.05
2019-08-23,67725045339033.51
2019-08-24,67861367856049.92
2019-08-25,67971156739689.516
2019-08-26,68060145377904.44
2019-08-27,68149561765450.625
2019-08-28,68242804550696.234
2019-08-29,68336556627658.14
2019-08-30,68416714660134.6
2019-08-31,68497640908119.484
2019-09-01,68562410855687.734
2019-09-02,68618697030336.86
2019-09-03,68667438502282.1
2019-09-04,68716868961752.92
2019-09-05,68760694286620.75
2019-09-06,68798589773818.92
2019-09-07,68828458332260.5
2019-09-08,68878982389825.195
2019-09-09,68943271261416.125
2019-09-10,68993638575235.16
2019-09-11,69027724018937.46
2019-09-12,69064409573282.55
2019-09-13,69133433241909.84
2019-09-14,69216299274832.76
2019-09-15,69301020896060.88
2019-09-16,69348495157410.56
2019-09-17,69296992847598.625
2019-09-18,69239262086768.766
2019-09-19,69219260019044.266
2019-09-20,69283991029003.37
2019-09-21,69365682257484.95
2019-09-22,69488634199343.27
2019-09-23,69647911755307.46
2019-09-24,69780935849543.53
2019-09-25,69846736760641.24
2019-09-26,69977579298077.77
2019-09-27,70124567537841.92
2019-09-28,70259497012149.78
2019-09-29,70367955885745.9
2019-09-30,70468112044955.19
2019-10-01,70531627616477.27
2019-10-02,70576480581674.84
2019-10-03,70652176667556.89
2019-10-04,70723195881701.97
2019-10-05,70796811506860.39
2019-10-06,70836236795437.77
2019-10-07,70908477075605.12
2019-10-08,71008602629690.55
2019-10-09,71058522928568.52
2019-10-10,71102306316671.77
2019-10-11,71155061537607.38
2019-10-12,71210314817909.45
2019-10-13,71295527659932.2
2019-10-14,71339642243944.62
2019-10-15,71364242598930.28
2019-10-16,71367291265676.78
2019-10-17,71321894280138.44
2019-10-18,71318744464015.78
2019-10-19,71364769172307.12
2019-10-20,71419786595685.44
2019-10-21,71458961915637.22
2019-10-22,71491147266401.6
2019-10-23,71543125311080.94
2019-10-24,71653199812598.02
2019-10-25,71824986515565.78
2019-10-26,71961813050849.62
2019-10-27,72067605267359.9
2019-10-28,72151058964174.75
2019-10-29,72218310708219.52
2019-10-30,72275314928456.53
2019-10-31,72329306918346.75
2019-11-01,72374764856721.25
2019-11-02,72416777835009.75
2019-11-03,72457667585070.36
2019-11-04,72503232887988.34
2019-11-05,72548526880738.84
2019-11-06,72586964670193.95
2019-11-07,72614827726952.81
2019-11-08,72627413881553.1
2019-11-09,72609914436966.8
2019-11-10,72645370608488.42
2019-11-11,72694095966723.5
2019-11-12,72758248896930.25
2019-11-13,72822356316919.47
2019-11-14,72840110119222.44
2019-11-15,72806374732833.81
2019-11-16,72704697641084.77
2019-11-17,72644178588322.39
2019-11-18,72646201571454.83
2019-11-19,72710924951811.14
2019-11-20,72797757412837.7
2019-11-21,72916649472659.47
2019-11-22,73004714806901.11
2019-11-23,73046524889224.95
2019-11-24,73075442259461.34
2019-11-25,73125820730659.64
2019-11-26,73194505688180.25
2019-11-27,73284532142058.61
2019-11-28,73371973790286.39
2019-11-29,73434842197661.17
2019-11-30,73482752696844.73
2019-12-01,73529394962384.2
2019-12-02,73586378879754.1
2019-12-03,73624094978722.62
2019-12-04,73655650761174.45
2019-12-05,73670606791006.06
2019-12-06,73649484047093.84
2019-12-07,73590610300077.66
2019-12-08,73552177023674.95
2019-12-09,73519051756835.97
2019-12-10,73459875143854.48
2019-12-11,73373619198105.7
2019-12-12,73265172861425.8
2019-12-13,73175316523090.33
2019-12-14,73094152980874.38
2019-12-15,73039122613031.4
2019-12-16,72969061420574.33
2019-12-17,72886387965605.84
2019-12-18,72784426042788.64
2019-12-19,72660916610282.3
2019-12-20,72535010427674.27
2019-12-21,72464787599837.98
2019-12-22,72482582844101.16
2019-12-23,72606342359397.67
2019-12-24,72719421498854.9
2019-12-25,72794906178922.45
2019-12-26,72858064593063.45
2019-12-27,72908758580809.89
2019-12-28,72959384918189.89
2019-12-29,72990921903997.92
