,Phy,HBac
2023-01-01,178465.1836517363,626596.7761551955
2023-01-02,206884.9054222178,621881.3495154629
2023-01-03,195207.14614982234,617348.5124374456
2023-01-04,251251.30032237363,613733.3359093213
2023-01-05,151508.19169828604,609827.3373014551
2023-01-06,111634.68349585032,606393.1527708523
2023-01-07,100703.4595958062,603142.5803724885
2023-01-08,94482.48059945826,600088.054946788
2023-01-09,123511.63474148595,596974.6840197853
2023-01-10,218465.75640667032,593999.0722259494
2023-01-11,172929.8556495823,591608.0012735998
2023-01-12,99873.99836514945,588652.2940380471
2023-01-13,107290.8599082429,585976.6591170073
2023-01-14,220798.22053068725,583953.791071243
2023-01-15,205025.98029462784,581629.9107876563
2023-01-16,173473.52573011903,578993.5754771639
2023-01-17,174925.93851824306,576871.0053535427
2023-01-18,199170.09080934705,574070.56386299
2023-01-19,310428.4019297323,571408.2041015828
2023-01-20,313604.7909662195,568383.8195889434
2023-01-21,167813.1167234045,564549.8832749547
2023-01-22,305680.23052581714,560104.1486962548
2023-01-23,287794.7791691284,556211.6963674246
2023-01-24,200491.29376714712,552011.7050810461
2023-01-25,322857.7612351414,548128.0753618635
2023-01-26,302203.91482087626,544431.2253053994
2023-01-27,373892.9994013385,540241.9179745323
2023-01-28,433660.350663304,536576.6145222768
2023-01-29,555383.036614933,532518.642649272
2023-01-30,517456.8488098857,528496.9703886312
2023-01-31,339252.9728795483,525139.4931266257
2023-02-01,281278.24809367256,522271.5700369397
2023-02-02,344667.2913148138,520210.0314183136
2023-02-03,257675.67878306183,518992.14389090845
2023-02-04,235027.47359702428,518344.6914341822
2023-02-05,232205.82134233086,518475.47712225653
2023-02-06,242172.10138228638,519750.42789882136
2023-02-07,281351.8463943064,520177.932690057
2023-02-08,473891.9209030762,520754.02442118444
2023-02-09,404696.8048513966,521861.56883140013
2023-02-10,460762.3992090259,522400.28251412325
2023-02-11,594350.8722787512,523522.14114301564
2023-02-12,397032.8762525549,525128.0583381946
2023-02-13,472252.1404853332,525675.2503994982
2023-02-14,686651.794788201,526101.1371410905
2023-02-15,765394.6080359222,527516.8422738039
2023-02-16,478906.59192650334,529486.1093492091
2023-02-17,575077.4824496568,531530.1083197774
2023-02-18,612100.4469530687,534564.3697321551
2023-02-19,411606.91920038406,537584.5364666199
2023-02-20,233224.62571565996,540099.1082996489
2023-02-21,519699.34406799055,541825.5124920169
2023-02-22,488345.0561505212,544032.4213506539
2023-02-23,612209.896164886,544047.3832508519
2023-02-24,831138.729510155,543603.0877853929
2023-02-25,546628.4828612786,544231.734665137
2023-02-26,664697.0097728824,544988.0776796099
2023-02-27,532948.9311276247,547546.8130442471
2023-02-28,567392.9078303392,549002.9096193244
2023-03-01,784413.0659195713,552239.7842617177
2023-03-02,815651.1776501858,555992.1062109448
2023-03-03,709935.7965353064,560593.1768935199
2023-03-04,468222.51460309327,564906.9915656865
2023-03-05,830517.9055431662,568809.3539225241
2023-03-06,890982.7717486885,574263.7356815103
2023-03-07,995645.62396873,580254.662868725
2023-03-08,1242467.9502539567,587601.1901545089
2023-03-09,1315586.9871075987,596387.8123268912
2023-03-10,1166817.0314830118,605534.4817081658
2023-03-11,1167308.740320407,616780.6823181013
2023-03-12,1023648.5932054108,628402.413990563
2023-03-13,1145885.3399009807,638861.9641500732
2023-03-14,1285357.6199066788,650828.9633082888
2023-03-15,1789521.736200355,663817.9527732176
2023-03-16,2262494.908581562,680299.3917617379
2023-03-17,2646170.3199803815,698827.2330087111
2023-03-18,3007955.339763237,720770.5817031042
2023-03-19,2836196.425390754,745554.8205386149
2023-03-20,1887386.291516537,771183.0846180783
2023-03-21,2846780.4348849547,797307.5989834053
2023-03-22,3676906.2843390577,824311.2030970593
2023-03-23,2713251.317011808,852695.7798416527
2023-03-24,2136234.139501361,879790.1183925864
2023-03-25,2882062.0653596306,906657.0675513133
2023-03-26,3507918.0208722325,935218.6195537132
2023-03-27,4018553.731194402,965502.4204310924
2023-03-28,4318663.679070337,996584.616493702
2023-03-29,4361277.4933614265,1029708.3509920299
2023-03-30,4278131.850380535,1064113.265116594
2023-03-31,2583430.165424016,1099514.7054713909
2023-04-01,2805946.2731066016,1131983.1547663722
2023-04-02,2810800.1966963275,1164227.8833422177
2023-04-03,3291203.1776868696,1194979.1917984083
2023-04-04,3537147.4093667334,1225140.3875547752
2023-04-05,3481141.971251342,1256513.3567709199
2023-04-06,1524290.8408338928,1288575.2389861052
2023-04-07,2077972.1432949766,1320142.6851575195
2023-04-08,1397295.2981762902,1354811.3724784846
2023-04-09,895071.8780214973,1387994.419583845
2023-04-10,1291542.7948758649,1421382.0779936642
2023-04-11,1408353.5508767203,1454925.4679396432
2023-04-12,2046767.976807911,1491489.1438368356
2023-04-13,1923213.98256195,1528758.2555229396
2023-04-14,2501072.327902735,1563944.6752997153
2023-04-15,1776394.0516703157,1601195.8675003147
2023-04-16,1268002.1562779755,1633132.697692026
2023-04-17,1453685.0817853822,1663344.2057630937
2023-04-18,1516686.910423192,1692177.5953970137
2023-04-19,1510459.7518758173,1723146.6747813742
2023-04-20,1243601.9244194198,1753318.547036681
2023-04-21,1216206.0579276397,1781511.877503183
2023-04-22,1050827.6720779934,1813131.0115273227
2023-04-23,1057211.828519117,1840412.152890573
2023-04-24,1469331.961376126,1868239.8577476058
2023-04-25,2338530.044101624,1898853.686916662
2023-04-26,2251371.97508088,1926840.2311731032
2023-04-27,3149596.218307652,1951665.5749137986
2023-04-28,4017790.021534576,1977388.4465272184
2023-04-29,4617366.903348858,2003301.0305834496
2023-04-30,3826214.2224352863,2030740.633492256
2023-05-01,3783082.447151291,2056233.5133006703
2023-05-02,4227914.426967183,2082103.659623772
2023-05-03,4494680.314501706,2110469.819763795
2023-05-04,4074886.361585495,2139840.572212242
2023-05-05,2142667.8899775487,2167747.4241084005
2023-05-06,2567548.382522678,2186562.5057679606
2023-05-07,3290393.6330311736,2207768.815687839
2023-05-08,3298953.394526101,2233017.9153908812
2023-05-09,3480074.7444057227,2259268.7645688164
2023-05-10,3819010.554234312,2289214.3026884366
2023-05-11,3914257.5928024976,2322272.250037009
2023-05-12,4021699.957771859,2357822.1343838745
2023-05-13,4154950.082952409,2396744.764498724
2023-05-14,4285139.03718733,2433326.1461064513
2023-05-15,4390533.5195240555,2468351.608547176
2023-05-16,4273433.5145709105,2503716.650948976
2023-05-17,4372776.576731758,2541188.7098371196
2023-05-18,4286554.000731012,2579276.2792146914
2023-05-19,4244307.357504231,2616947.923424974
2023-05-20,4014256.214919751,2654410.0832623974
2023-05-21,3511098.348322362,2688075.739602342
2023-05-22,3316174.36844647,2718424.4377456107
2023-05-23,3689605.138155057,2746720.335126603
2023-05-24,3943070.425776395,2775777.6164900246
2023-05-25,4205181.700112435,2808683.8867697595
2023-05-26,4276307.18149479,2845689.0391844427
2023-05-27,4084151.430693295,2880653.9147978295
2023-05-28,4353877.613294273,2913258.252724511
2023-05-29,4319874.924963797,2946017.3715980984
2023-05-30,4441965.926048702,2972335.5319864694
2023-05-31,4435801.926063581,2996709.9548345953
2023-06-01,4343639.881560379,3020081.0064332252
2023-06-02,4301448.64541218,3043666.31762668
2023-06-03,4133728.0630164463,3065005.687526658
2023-06-04,4204013.611583215,3082822.8356881454
2023-06-05,4322022.375207137,3099181.634025062
2023-06-06,4475679.673185189,3115261.0094746063
2023-06-07,4566099.580392234,3132849.795639446
2023-06-08,4474415.123915202,3160392.342206021
2023-06-09,3113242.5816599303,3192615.670154059
2023-06-10,1831079.2048351173,3205468.3884199313
2023-06-11,3350449.507943697,3203333.104754176
2023-06-12,3870917.5449959617,3210701.6278678067
2023-06-13,3566300.6241667974,3216853.864128778
2023-06-14,3840194.682437389,3214100.1613206607
2023-06-15,4133119.8348075766,3221535.901784727
2023-06-16,3084572.73144953,3228026.43394208
2023-06-17,3601696.282893978,3227656.9006403657
2023-06-18,3509481.3154794774,3231719.4280960867
2023-06-19,3178798.7519984026,3238424.45668428
2023-06-20,2815103.233887866,3233977.3365801177
2023-06-21,3477371.7691074247,3237113.0338417785
2023-06-22,3727656.3894932037,3240870.8485729536
2023-06-23,3904111.220655786,3240358.102827446
2023-06-24,3905725.707026613,3233068.324845937
2023-06-25,4133934.0232423428,3223475.5861634426
2023-06-26,4188455.187242844,3209621.729942099
2023-06-27,4090667.675150655,3188951.8029459333
2023-06-28,4135084.004766017,3163907.6719813435
2023-06-29,4081242.610362565,3138970.332876673
2023-06-30,4051501.3925281055,3113671.5192602673
2023-07-01,4111648.5903595407,3088126.07283166
2023-07-02,4120335.517879466,3064304.212175991
2023-07-03,4199874.896671215,3042749.092258863
2023-07-04,4201277.39679107,3027086.970845473
2023-07-05,4173518.874611283,3014533.895758317
2023-07-06,4176127.1257174024,3008447.4346123356
2023-07-07,4024928.428830835,3003391.7050758074
2023-07-08,3984687.125894821,3003386.941732428
2023-07-09,4107417.310802703,3008497.4021124123
2023-07-10,4031253.651765034,3012295.0815197527
2023-07-11,4095800.384383736,3012346.014155053
2023-07-12,4102190.019912961,3010092.7079477147
2023-07-13,4162494.661713791,3004649.7668848094
2023-07-14,4121431.803237728,2999736.654521499
2023-07-15,4014888.853546627,2993310.7796024387
2023-07-16,3680168.1420976827,2985069.48216014
2023-07-17,3628088.87262787,2978490.4366121003
2023-07-18,3695204.9889449626,2974205.1526372014
2023-07-19,3730502.908938232,2969548.379529066
2023-07-20,3646302.851980301,2966267.6866238886
2023-07-21,3550790.3142154086,2963147.9095209744
2023-07-22,3534386.502082537,2959815.417949429
2023-07-23,3614790.8786568334,2957798.6390953115
2023-07-24,2507385.9417227595,2948664.0530904876
2023-07-25,2489266.4355865316,2928967.9822121984
2023-07-26,3256662.7942587957,2908431.107826883
2023-07-27,3378120.8780159513,2893755.883522269
2023-07-28,3367299.294214489,2880733.923610892
2023-07-29,3287239.490863815,2870545.775946156
2023-07-30,3265428.276727869,2864687.996633642
2023-07-31,3194244.7035145573,2859653.9942946574
2023-08-01,3111673.340383983,2852684.234749132
2023-08-02,2875246.1931413263,2840404.743538498
2023-08-03,2909377.552105942,2822925.520106633
2023-08-04,2879900.0573460483,2806947.3627442555
2023-08-05,2724853.912923049,2793618.933573418
2023-08-06,2371086.2274852106,2776410.0778627074
2023-08-07,2554903.545678059,2756908.98336677
2023-08-08,2204971.371202005,2741582.278162089
2023-08-09,2145048.6794661162,2716635.2190863495
2023-08-10,2570030.3457638733,2695436.194406321
2023-08-11,2671870.3929117275,2678544.7107547084
2023-08-12,2671196.5719901305,2663198.1751410696
2023-08-13,2772784.3224041965,2650882.573743741
2023-08-14,2821320.6746701356,2641257.6883153054
2023-08-15,2870928.7937199026,2634769.885331593
2023-08-16,2887520.8766631717,2633167.361262939
2023-08-17,2891223.9221430966,2631323.404517853
2023-08-18,2862920.4705088823,2623344.7401779415
2023-08-19,2973929.5770370574,2613690.7072521686
2023-08-20,3041572.460902934,2604719.0410896945
2023-08-21,3077626.842395547,2594149.863548438
2023-08-22,3152021.1272579823,2589268.5542008346
2023-08-23,3097020.8647859567,2593954.166965477
2023-08-24,3234627.080799151,2604804.9012762886
2023-08-25,2988935.6293357965,2619407.9964270587
2023-08-26,2970138.9498205474,2627663.747433856
2023-08-27,2928724.811178732,2641126.9759200322
2023-08-28,2697238.7507880805,2655734.0822515925
2023-08-29,2192676.0802856158,2665021.9695866904
2023-08-30,2315966.1368755377,2657933.677200011
2023-08-31,1917330.950532035,2649060.1165682627
2023-09-01,2237365.1938120606,2625958.180239936
2023-09-02,2276831.5050242534,2600045.7509217537
2023-09-03,2207964.572676727,2573070.4931474025
2023-09-04,2093602.8600520014,2543466.8026734195
2023-09-05,2165986.3092676243,2520081.4385828213
2023-09-06,2191250.502394564,2500581.6532128425
2023-09-07,2195976.630971472,2482216.1028094403
2023-09-08,2207266.509960491,2465652.674925094
2023-09-09,2231631.5095089525,2448670.201815302
2023-09-10,2128030.7237369455,2429844.3924453054
2023-09-11,1714292.9652699258,2408567.8001422817
2023-09-12,1502202.5163069137,2383819.0577048627
2023-09-13,1720938.2428044307,2354263.6018229118
2023-09-14,1832002.9990677496,2326547.4992188485
2023-09-15,1856199.0134701356,2294517.9155527693
2023-09-16,1816668.307651576,2262471.0458608856
2023-09-17,1681258.557203642,2230917.2894660416
2023-09-18,1678150.0290191823,2203862.6006790176
2023-09-19,1614549.349509927,2177979.000580891
2023-09-20,1513368.6634196455,2147611.841095401
2023-09-21,1654636.6142452527,2122700.7233402566
2023-09-22,1665085.2795347162,2099351.32493374
2023-09-23,1229212.9197837499,2079606.8002290868
2023-09-24,1134177.1780663622,2055551.8857827894
2023-09-25,660803.2645833923,2030642.4924576117
2023-09-26,704163.1755322611,2002850.334057347
2023-09-27,671667.4579356972,1976215.604747802
2023-09-28,776462.702420138,1949428.195782168
2023-09-29,894512.1906919124,1923813.9166108016
2023-09-30,912005.5153808086,1896723.2826834223
2023-10-01,919002.2838525116,1870973.7010759225
2023-10-02,533475.8396984423,1845517.150025132
2023-10-03,649289.0980542515,1817938.2771475809
2023-10-04,685577.8514614691,1795666.3059455259
2023-10-05,770722.6838412879,1774177.5778587335
2023-10-06,854327.869147633,1753918.3443807787
2023-10-07,913697.8880662813,1733811.8819776655
2023-10-08,923494.6185844342,1718314.5772535729
2023-10-09,571124.5646416936,1707994.314636854
2023-10-10,442386.97820101783,1699366.703793948
2023-10-11,566461.2753674522,1691166.4650847137
2023-10-12,771697.2946103394,1687879.3479645792
2023-10-13,784925.9232861461,1682853.392891066
2023-10-14,620720.7405691005,1678645.713694936
2023-10-15,623159.3482074961,1677053.8169125693
2023-10-16,413038.3578153315,1674606.9876196226
2023-10-17,336477.3732268219,1672009.2093623292
2023-10-18,321871.6416783347,1668032.9858941017
2023-10-19,420991.7321891969,1665080.5747113677
2023-10-20,541227.7766136245,1663374.8291828425
2023-10-21,533626.8584293688,1658696.5467540168
2023-10-22,612627.7706040256,1650088.5560597726
2023-10-23,705732.9495133809,1639599.16188047
2023-10-24,370117.78851791425,1625747.2943334295
2023-10-25,530649.7281430424,1608812.3246035762
2023-10-26,708238.449417211,1594226.9973148627
2023-10-27,766503.99502474,1578194.8557809794
2023-10-28,788642.0079499187,1560907.7144444662
2023-10-29,799962.6405994301,1543322.4957871318
2023-10-30,797016.8433664244,1526334.8595226402
2023-10-31,765867.4121963643,1510254.91244862
2023-11-01,596623.6696765079,1496530.7163442778
2023-11-02,483849.9992426877,1483534.2899495533
2023-11-03,485040.4884050342,1474589.2765059
2023-11-04,351791.7107531277,1465821.6663148091
2023-11-05,342313.8157990698,1458375.153676359
2023-11-06,195817.00106323417,1451421.3954216882
2023-11-07,449733.28265831346,1446962.0164558974
2023-11-08,400617.65099184576,1444132.455860013
2023-11-09,270260.9096702497,1437793.309621777
2023-11-10,221277.42869560816,1429658.1561430786
2023-11-11,246828.59096863584,1421963.828160772
2023-11-12,218486.03465107613,1416603.3671617426
2023-11-13,355162.22048627946,1410011.2646166931
2023-11-14,412886.4103101784,1403467.3493172228
2023-11-15,366007.32728152256,1393003.6034866257
2023-11-16,467327.00712841435,1380356.5751172767
2023-11-17,479260.5453054204,1365309.5833380464
2023-11-18,427522.6013078897,1348373.2238615425
2023-11-19,405077.06721584057,1331530.510198031
2023-11-20,451950.5024476301,1316396.7894834152
2023-11-21,323829.37054957513,1297747.7612896576
2023-11-22,417801.77888576605,1278202.9320086217
2023-11-23,488932.1393065941,1258945.5287991753
2023-11-24,485510.75509558275,1237786.0216879342
2023-11-25,462603.08705902717,1216645.1221177643
2023-11-26,437175.1702318643,1196093.4323383523
2023-11-27,396892.3569670861,1176611.4572724022
2023-11-28,367066.8514669522,1158557.4260986657
2023-11-29,359677.4825532476,1141914.7504454849
2023-11-30,189472.5114560965,1126104.664384517
2023-12-01,203298.9089435051,1110633.3042520466
2023-12-02,294314.58702983754,1096954.7594986777
2023-12-03,206285.03429641703,1085479.4860294326
2023-12-04,98070.19577722468,1074506.6724509879
2023-12-05,152009.01592840184,1062746.6599976544
2023-12-06,214399.9690746412,1053471.6434133856
2023-12-07,171926.76995018625,1044410.2804372632
2023-12-08,303223.06469417305,1034959.723562002
2023-12-09,92894.03550579441,1024642.7368057125
2023-12-10,125620.80951709612,1012843.7236584151
2023-12-11,217082.26479702612,1004371.7203020353
2023-12-12,227210.26133261,996645.563081327
2023-12-13,181223.1371529227,987318.6110156011
2023-12-14,170242.96699170308,977621.3683378785
2023-12-15,217440.91809807887,968603.4442961309
2023-12-16,232108.5077626824,958395.5820865011
2023-12-17,272135.66939773044,948359.6434024646
2023-12-18,175701.9632881225,937361.7168542471
2023-12-19,122585.10348922915,925952.3423330683
2023-12-20,171890.93286455525,915889.3787455355
2023-12-21,171966.32288254675,906184.4201431962
2023-12-22,201187.65285361712,895936.9019325051
2023-12-23,297339.11762536503,886277.151864187
2023-12-24,177989.45535644007,875186.3542861996
2023-12-25,76679.19702627198,864200.1176075988
2023-12-26,237280.73828328564,854854.1203731159
2023-12-27,95618.92589733365,847188.6647525834
2023-12-28,109367.60423435591,839472.7888954466
2023-12-29,136054.9428826561,833234.4252326782
2023-12-30,131831.93536444532,827194.0914992554
2023-12-31,218812.46243623266,822044.6557221542
2024-01-01,243015.75915419718,816684.7384636595
2024-01-02,122242.94828834504,810932.4064855481
2024-01-03,184152.60483835358,805041.735478375
2024-01-04,214981.7031764639,800013.4983020679
2024-01-05,149180.45875713075,795146.9842846148
2024-01-06,279764.47397049784,787887.8566261069
2024-01-07,317792.7986733916,781592.1605238057
2024-01-08,123047.54923620538,774653.1462876376
2024-01-09,161182.65932098255,765651.8364992958
2024-01-10,268459.0585088935,759531.2783524584
2024-01-11,285470.9206285912,753652.8534044008
2024-01-12,317027.6587176067,745022.1344706997
2024-01-13,355636.0496478131,734574.6521785762
2024-01-14,364376.67426921916,724432.2568360873
2024-01-15,392766.6861527901,716079.1082570946
2024-01-16,362563.0847218332,707322.0354460652
2024-01-17,211246.00061310228,698323.3714266053
2024-01-18,136132.34814174613,690709.807715514
2024-01-19,119233.33912381351,682685.8318353434
2024-01-20,224487.76121764103,675996.9178989014
2024-01-21,162182.11854109727,670676.0275800785
2024-01-22,113403.73401467354,666088.3025780823
2024-01-23,198931.64706974517,662872.4310518506
2024-01-24,165288.0523337634,660732.5338433537
2024-01-25,138651.78034555633,658925.2869927902
2024-01-26,190349.22331989428,657986.6462458716
2024-01-27,120765.96204328038,656982.1952530878
2024-01-28,205741.50075216882,656246.1755437084
2024-01-29,197819.80894181092,656283.5879595639
2024-01-30,275813.16602190887,656362.6817493468
2024-01-31,165122.09535333293,655974.7667224843
2024-02-01,270780.08455291524,655384.8424811455
2024-02-02,341472.2408258506,655432.7814791433
2024-02-03,436332.85810384364,655349.119427124
2024-02-04,490240.103415848,654322.9076192473
2024-02-05,438555.0329433062,651689.2538559939
2024-02-06,567553.6243360299,649299.7132254165
2024-02-07,643655.5763053298,647269.41135349
2024-02-08,670337.4439705365,645252.9165622464
2024-02-09,652555.9136258244,643737.0375248472
2024-02-10,523287.07605218387,642572.1684033286
2024-02-11,301894.8883627791,640741.5478580956
2024-02-12,464074.4281309697,638676.4332544468
2024-02-13,714369.8746894926,636842.455206463
2024-02-14,761911.6955700314,634728.9750174811
2024-02-15,641454.7318316458,632017.0048132342
2024-02-16,905692.0690008402,629549.3288834644
2024-02-17,612102.3244481678,627855.8712549044
2024-02-18,475386.5266798312,626897.4347553405
2024-02-19,597365.7621455248,627381.2016456536
2024-02-20,521837.81540390034,628758.0869358722
2024-02-21,439964.0499901987,630977.8933166736
2024-02-22,588452.3671329736,634209.1469021589
2024-02-23,827546.516146614,638645.3674493147
2024-02-24,553250.6526795718,642637.1119784148
2024-02-25,400536.2882753247,646127.2718009428
2024-02-26,829453.4737473074,649627.9602012364
2024-02-27,703856.4019836655,654418.4145548793
2024-02-28,375892.02743148815,658540.7335006306
2024-02-29,634048.0046682718,663223.1343897854
2024-03-01,572622.6190059907,668548.0528899402
2024-03-02,765814.0301715976,673080.6510979007
2024-03-03,612170.2090287881,677671.0968737014
2024-03-04,916807.683097284,681238.9730856859
2024-03-05,1198986.5443196937,685630.6149654065
2024-03-06,1269412.2546280534,690426.6276171361
2024-03-07,1423351.0600930897,696172.6201119595
2024-03-08,823358.656916725,703739.0641721812
2024-03-09,761413.3668460555,711405.6098730172
2024-03-10,864776.7505959845,720498.5393166157
2024-03-11,642572.4536511302,730689.945108967
2024-03-12,821725.1092957342,740293.335056436
2024-03-13,1261283.802305363,751843.4805558086
2024-03-14,1597927.5475516424,763802.0343859362
2024-03-15,1916247.2316927635,774047.1472533259
2024-03-16,2344954.1603575214,785825.9653303953
2024-03-17,2934863.1217079186,799786.0286708154
2024-03-18,3585499.3169734944,816298.3237725969
2024-03-19,4124001.782583527,836032.9768112397
2024-03-20,3771677.405261692,859635.6657899064
2024-03-21,3791906.923170692,885813.8303160978
2024-03-22,2693611.9885755675,915241.6592669316
2024-03-23,2091813.251006089,942158.3991795627
2024-03-24,3332206.37203738,968713.4849308262
2024-03-25,2496528.9542496847,996493.3326427896
2024-03-26,2800920.063103106,1021722.6056020993
2024-03-27,2334555.1948902295,1049510.7683354288
2024-03-28,2346951.6197829805,1077951.0230362741
2024-03-29,2495122.6213296996,1108118.1024740632
2024-03-30,3212746.161070411,1140718.0339071695
2024-03-31,3708600.260822002,1172016.833844143
2024-04-01,3830467.7582971295,1202594.5292465312
2024-04-02,3197030.043241337,1233238.8132634265
2024-04-03,2947954.7220607074,1262317.8309017622
2024-04-04,3365728.215200445,1292836.3151815715
2024-04-05,3358691.261910408,1322028.912655794
2024-04-06,2903268.148996683,1350485.6264339276
2024-04-07,2370636.6802285397,1374274.2969973732
2024-04-08,1516494.612303271,1395166.0025667136
2024-04-09,2255353.6989563066,1413421.373155665
2024-04-10,2904809.4455028903,1435787.0014555745
2024-04-11,1611468.6912181417,1456042.7853997764
2024-04-12,2295592.6644607927,1474352.402808003
2024-04-13,3170300.4858584274,1497873.5534827833
2024-04-14,3530475.2315486968,1521149.6344574322
2024-04-15,3428299.2519845273,1545561.1736127648
2024-04-16,3591147.968747763,1569326.4373678733
2024-04-17,4186462.805422775,1594422.8284551518
2024-04-18,4630432.459288719,1617836.248343127
2024-04-19,4842941.911200788,1638376.3556765763
2024-04-20,4000203.021555187,1657473.5083648788
2024-04-21,3249921.8225825317,1673898.5970531462
2024-04-22,4090910.1317473343,1690973.8452461956
2024-04-23,4092104.3629945572,1708571.3166445077
2024-04-24,3062611.5168601726,1727185.1555762372
2024-04-25,1840309.1029853693,1744784.8160755145
2024-04-26,1779151.4111173877,1760352.4566735458
2024-04-27,1626378.9608650564,1780282.3704120996
2024-04-28,1435547.5616493295,1800199.9821068712
2024-04-29,2233054.5329449438,1823613.607603102
2024-04-30,2471651.286249896,1853704.5118078864
2024-05-01,3054552.9371910687,1889106.9436998134
2024-05-02,3280111.22080134,1927047.905523689
2024-05-03,3382515.532107507,1968041.074799847
2024-05-04,2132900.802188746,2006482.6575098988
2024-05-05,1567569.308183454,2043662.2932422631
2024-05-06,1614159.3422863348,2076871.270769026
2024-05-07,2490446.1778159114,2112288.57400451
2024-05-08,2880416.049158642,2153681.055392868
2024-05-09,3111854.7758329646,2198115.13264472
2024-05-10,3357861.44036461,2245412.0672686533
2024-05-11,3561780.260190799,2294478.3156418856
2024-05-12,3761913.547491859,2345586.9260580973
2024-05-13,3538090.0562644196,2396089.8532390646
2024-05-14,4166254.336768699,2446108.2113821944
2024-05-15,4376751.340257958,2495838.9157384546
2024-05-16,3514660.0672094626,2542036.6511106836
2024-05-17,4389837.950491691,2579034.311593921
2024-05-18,4032012.5332031683,2618362.1576394932
2024-05-19,4827644.709211926,2653562.989705737
2024-05-20,5083240.695556885,2694883.1821360104
2024-05-21,2843544.3626077357,2736323.9666499486
2024-05-22,3713099.69852211,2763662.467004873
2024-05-23,4704890.648762519,2808482.844118235
2024-05-24,2738478.5945219602,2854660.092645388
2024-05-25,3208664.0347812907,2888578.640011973
2024-05-26,2122939.9200915955,2928340.053944602
2024-05-27,2158922.771817605,2956725.010445895
2024-05-28,1831663.5769844404,2984165.9091099887
2024-05-29,2467487.137281119,3009208.8079763693
2024-05-30,2986342.9563585985,3042261.1903230213
2024-05-31,3366910.289834628,3082191.144747186
2024-06-01,2783065.223159868,3120102.0686865957
2024-06-02,2021016.1897258586,3150203.6007957025
2024-06-03,1834008.609298848,3162317.0490918574
2024-06-04,2074809.5377656338,3176339.131693313
2024-06-05,2947909.141784954,3192467.27924424
2024-06-06,3430351.126002712,3214531.6360338633
2024-06-07,3814663.0060788775,3238004.133972668
2024-06-08,3968225.0197359584,3263702.7382437536
2024-06-09,3766231.075257444,3291431.87921295
2024-06-10,3750009.9160240637,3319497.9966316703
2024-06-11,3645903.2003005976,3342954.632432681
2024-06-12,3964541.1547692744,3359202.232727201
2024-06-13,4373197.404421931,3377175.27162557
2024-06-14,3922324.904523962,3389053.3272940055
2024-06-15,3834577.6647787103,3388013.370555356
2024-06-16,3624613.5140103577,3379172.5971757076
2024-06-17,3662886.657619958,3358569.235337334
2024-06-18,3996894.021871412,3336735.4545115195
2024-06-19,4315689.8874496855,3311595.865630164
2024-06-20,4346096.090554343,3283669.4407454403
2024-06-21,4284341.5020859465,3250812.4345937083
2024-06-22,3810962.5252878573,3216446.968024254
2024-06-23,3401217.518996887,3186000.564361225
2024-06-24,3634013.5420429064,3155469.0214105686
2024-06-25,3892445.2011945723,3133397.2052242523
2024-06-26,2869495.8399333786,3107169.670030994
2024-06-27,2538456.152754426,3074640.096297223
2024-06-28,3132595.6835617707,3043952.7809753683
2024-06-29,3190647.3420255464,3021146.172299858
2024-06-30,2800355.6847950183,2994942.4134999765
2024-07-01,3577848.3145658337,2972082.1266745836
2024-07-02,3638555.627339699,2954588.593617712
2024-07-03,3784509.0289754653,2940043.66940082
2024-07-04,3896926.9077297114,2929804.892149534
2024-07-05,4023550.8934223717,2925720.2786814035
2024-07-06,4148157.62562808,2925905.7574879397
2024-07-07,4234780.562648626,2931751.769206543
2024-07-08,4279852.977894934,2946991.395041179
2024-07-09,4304446.649154696,2965554.330145923
2024-07-10,4286038.105226907,2985108.606598885
2024-07-11,4369028.798351267,3009418.6583197415
2024-07-12,4573357.362706045,3035290.4325973596
2024-07-13,4743473.292357114,3058271.7991459193
2024-07-14,4802594.632787702,3077612.18629344
2024-07-15,4558264.760609683,3098789.1150323725
2024-07-16,4432609.302824208,3119447.927893475
2024-07-17,4223235.11020845,3134696.293142763
2024-07-18,3968641.845371023,3140127.7290313104
2024-07-19,3966084.698775973,3148744.5215932704
2024-07-20,3934920.9019361213,3151673.3614911432
2024-07-21,3413055.784817588,3137090.9007409043
2024-07-22,3424390.528650126,3113902.5222507888
2024-07-23,3474208.9396954756,3096984.5553564527
2024-07-24,3364635.561608632,3081765.86197504
2024-07-25,3294091.945446594,3063263.8559534443
2024-07-26,3453609.615137305,3048004.0597783322
2024-07-27,3441102.6836138116,3033216.38813507
2024-07-28,3399101.406559214,3023474.2755294093
2024-07-29,2271715.230466519,3018198.769788214
2024-07-30,1962140.5011869688,2997644.0929324594
2024-07-31,2488740.5254263543,2973694.9769801423
2024-08-01,2815037.708010008,2956526.003977022
2024-08-02,2844283.702442042,2936429.226759281
2024-08-03,2827398.110604817,2913006.248503069
2024-08-04,2858233.17238174,2891623.1671055793
2024-08-05,2884121.238917467,2875434.7912839795
2024-08-06,2858859.4649633267,2860939.624558751
2024-08-07,2911390.177503171,2848813.349200584
2024-08-08,2989962.2052363255,2838896.400942546
2024-08-09,3069529.9003668255,2829315.9099633074
2024-08-10,3081203.6217406522,2821144.686247273
2024-08-11,3003104.2693036427,2815676.704336561
2024-08-12,2911953.644076101,2808732.9467546763
2024-08-13,2603377.874781591,2799204.6590132737
2024-08-14,2832746.3703543004,2786857.0079103764
2024-08-15,2832223.90370802,2776892.7709246757
2024-08-16,2728290.936430981,2762733.130365769
2024-08-17,2761226.9642500384,2746440.308751475
2024-08-18,2511054.0847881287,2732697.90986645
2024-08-19,2243241.646966447,2715298.8095214604
2024-08-20,1936158.7882712367,2689605.848794298
2024-08-21,1873571.7955302524,2662252.824445613
2024-08-22,1697402.5114031164,2628561.315640937
2024-08-23,1570030.6018451776,2594072.4826671453
2024-08-24,1365757.1227296866,2556740.5795828984
2024-08-25,1725093.3727086582,2524685.716204907
2024-08-26,1499736.412919642,2495288.4484326527
2024-08-27,1516852.0261639562,2457624.063000163
2024-08-28,1832037.2504545317,2424151.994709494
2024-08-29,1912669.812524414,2389331.1325812107
2024-08-30,1972530.5696041672,2358250.4150454453
2024-08-31,2023070.7743610214,2328772.9278636556
2024-09-01,2004086.538734543,2302605.094286012
2024-09-02,1862795.4365032453,2280489.8357090815
2024-09-03,1872679.079015307,2260739.632638622
2024-09-04,1948748.2360098064,2244149.9983884622
2024-09-05,2028733.4463534919,2230071.9765148642
2024-09-06,2068729.341575751,2218498.3730662195
2024-09-07,2104680.4589369674,2211285.772282234
2024-09-08,2089717.3914497271,2207572.286272776
2024-09-09,2013703.6849072431,2205931.2035151427
2024-09-10,1999390.3471570034,2203279.2364525693
2024-09-11,1616912.5406809463,2197751.7554776757
2024-09-12,1896927.756357119,2188773.3048388995
2024-09-13,1678669.266802715,2184134.41609317
2024-09-14,1412301.2021739949,2171089.7696203985
2024-09-15,1678722.3379573666,2160468.6168839596
2024-09-16,1763950.4860587688,2149839.0636648606
2024-09-17,1444936.1275956193,2136522.5866318676
2024-09-18,1379719.2567841997,2118655.9858754305
2024-09-19,1488217.0078626722,2105411.5885534864
2024-09-20,1507890.1736430924,2089293.6530625746
2024-09-21,1427634.997868074,2075163.323943393
2024-09-22,1260108.6747820596,2060852.3231720882
2024-09-23,998675.8683417317,2043963.1529940236
2024-09-24,1165998.129233964,2028533.7463446383
2024-09-25,802035.9716068648,2012809.5829834354
2024-09-26,846949.8569417619,1991259.8601604775
2024-09-27,897615.7740123089,1962495.6151997428
2024-09-28,900005.1313386847,1940387.1512462504
2024-09-29,959136.4227286989,1911737.4875780365
2024-09-30,1001999.9278161433,1888412.0203585431
2024-10-01,737657.0553787914,1862895.6584306853
2024-10-02,847518.175235724,1834004.75232572
2024-10-03,890307.2890501323,1807589.0832031106
2024-10-04,700237.4118923373,1780507.0762279944
2024-10-05,772349.8231804422,1758232.8595112048
2024-10-06,725656.9512977647,1738101.4242573665
2024-10-07,749020.0503529395,1719940.277620423
2024-10-08,623183.2640183214,1703509.259376752
2024-10-09,693849.7780718317,1690426.8738905753
2024-10-10,711974.4206849104,1678363.9533521433
2024-10-11,669665.604675058,1666047.043042878
2024-10-12,673098.3530599053,1654339.757607146
2024-10-13,701668.0339496485,1645240.7388485346
2024-10-14,474527.6325519809,1636615.9228851253
2024-10-15,502560.260746617,1629594.303614202
2024-10-16,589032.6640055203,1622478.701563267
2024-10-17,582763.4333109569,1613771.8350937685
2024-10-18,316469.5826835008,1606651.582686676
2024-10-19,207452.01071460813,1598350.8067103778
2024-10-20,221396.34814256156,1593514.7897076905
2024-10-21,352772.65751537995,1590899.3314369058
2024-10-22,424436.5683076335,1591274.7685644103
2024-10-23,516075.1903397028,1590433.0999135226
2024-10-24,570406.7640301997,1588569.0907225376
2024-10-25,496658.3487079792,1584121.6592024306
2024-10-26,455952.2083053341,1577039.4802098703
2024-10-27,375652.71670678706,1570752.9729909615
2024-10-28,386758.04604492104,1563351.7376708335
2024-10-29,550188.9096387612,1555557.1985779232
2024-10-30,274798.63764408836,1546167.7006937463
2024-10-31,372802.39409967675,1534522.4404015935
2024-11-01,224738.24306956097,1523167.6887810223
2024-11-02,323083.13042284444,1511876.13637343
2024-11-03,410650.27375123603,1502432.5484048796
2024-11-04,364647.07996104663,1491586.3251756863
2024-11-05,435687.203949681,1479415.4721095033
2024-11-06,407980.9849797413,1469061.290892186
2024-11-07,406297.0639842006,1456222.1104176946
2024-11-08,314181.34229462454,1442329.8464022782
2024-11-09,247386.6490909556,1428635.5556891644
2024-11-10,278649.3789852592,1416805.3354316023
2024-11-11,297992.3405922209,1404373.8179592066
2024-11-12,281820.85501097783,1393183.1649002333
2024-11-13,229462.49998700497,1380558.7713651846
2024-11-14,288441.4032454621,1369135.5208753608
2024-11-15,400291.72443974135,1360162.3483829456
2024-11-16,163636.03044144722,1348330.223241522
2024-11-17,194096.83985080617,1332359.2751739223
2024-11-18,296169.8181822191,1319351.3914756516
2024-11-19,232245.48417548888,1305605.1251445054
2024-11-20,196871.0471604609,1289280.1706726714
2024-11-21,231945.11089913835,1276101.39989502
2024-11-22,167097.15717392194,1265146.1238359425
2024-11-23,194861.98852219037,1252209.1459852736
2024-11-24,178213.80260179596,1241486.5700734754
2024-11-25,203283.0593241663,1230485.9831834538
2024-11-26,291952.5565461009,1219557.7133356547
2024-11-27,256300.7346569877,1207560.7136530865
2024-11-28,287968.441335878,1194217.2676525097
2024-11-29,244987.38733930385,1180110.086997995
2024-11-30,210091.00714830932,1165630.6062026508
2024-12-01,308818.3777155089,1150604.986029551
2024-12-02,288726.30683412345,1135791.629080895
2024-12-03,329384.47541828034,1120936.9680773802
2024-12-04,342349.840301612,1105051.9228667743
2024-12-05,237853.76664615917,1088422.117879181
2024-12-06,206814.1930820291,1072257.979811344
2024-12-07,194428.8487982659,1055614.1560772867
2024-12-08,309505.1171681663,1040319.5057313248
2024-12-09,314627.9488686719,1025590.7961796839
2024-12-10,309138.31041599356,1010406.8592403327
2024-12-11,314223.9977032968,993258.1159423587
2024-12-12,188532.87983659067,976361.0072829882
2024-12-13,99062.270450757,961747.6564035612
2024-12-14,115811.63320104174,948181.3513101701
2024-12-15,237724.65773895607,937986.9976227401
2024-12-16,155057.77660191053,928512.2643654434
2024-12-17,78679.56273003799,918572.4488072405
2024-12-18,231196.64985242387,909015.1139701189
2024-12-19,126295.63912022632,901952.521736879
2024-12-20,94221.27668484798,894194.5389503223
2024-12-21,93814.98433633317,887204.8600551782
2024-12-22,81939.50707428863,880545.9657713966
2024-12-23,212384.2395994221,874603.5122561775
2024-12-24,217825.48097837332,869260.2018653816
2024-12-25,102356.52311820192,864334.1233625767
2024-12-26,144523.25306268182,856919.7878881649
2024-12-27,175524.0841231544,851683.4770779262
2024-12-28,143915.3017470215,846422.0351982085
2024-12-29,122669.90940452678,841077.352959851
2024-12-30,153319.99901161582,835721.7333001143
2024-12-31,196089.44829890685,829904.3267165574
2025-01-01,183359.9830892783,822771.7593248318
2025-01-02,104196.7159562668,816029.6375347704
2025-01-03,96017.28974829885,809031.019441968
2025-01-04,102000.12956363917,802598.9561879067
2025-01-05,151216.0019241384,797196.0661444095
2025-01-06,257254.92483373266,792491.6974218938
2025-01-07,179941.65474255002,786925.6243426366
2025-01-08,267083.01016357273,780473.893247533
2025-01-09,316221.61282102077,774267.4130905585
2025-01-10,292957.29566557484,766716.9857121812
2025-01-11,358339.89136197313,759772.6031251687
2025-01-12,360250.48624019127,752498.5546993975
2025-01-13,356581.8097159472,744866.8491423974
2025-01-14,372548.0470730511,737186.3023282675
2025-01-15,438643.08133358124,729640.6705067385
2025-01-16,428702.63828413497,721767.1642184956
2025-01-17,496923.9736086014,714535.141813933
2025-01-18,531673.408970978,707483.951418584
2025-01-19,573572.1719147819,700170.1830690175
2025-01-20,549910.8990257144,692908.3630366497
2025-01-21,581947.413684671,685365.6958235977
2025-01-22,500891.42642018956,679143.0056233163
2025-01-23,495208.7761234019,672788.1410261384
2025-01-24,615887.257798373,666963.4516130077
2025-01-25,690295.5015818449,662413.9318717414
2025-01-26,715922.1671609181,658596.9584450012
2025-01-27,749746.5456224936,656128.5960437137
2025-01-28,774602.1937837536,654849.5455402615
2025-01-29,749773.6460371593,655018.1043732666
2025-01-30,426528.25805800594,656874.288446154
2025-01-31,235373.73741683178,659309.9662391238
2025-02-01,365404.8225810217,661681.1266082708
2025-02-02,394767.6536411706,663796.7851921242
2025-02-03,296329.2125684429,664995.5527592406
2025-02-04,397323.8116546047,665308.6993630558
2025-02-05,477564.81785029033,665565.5281487238
2025-02-06,509749.5598595465,665930.0763496906
2025-02-07,644007.5003905374,665901.4350680592
2025-02-08,595929.8350959172,666722.6213084088
2025-02-09,727020.6877960908,667887.329738723
2025-02-10,771332.122168252,668668.6263299646
2025-02-11,888477.8323488897,668539.1923035269
2025-02-12,944760.3883410981,668429.6552480997
2025-02-13,922020.0375263353,668758.0309148468
2025-02-14,922394.0631593447,669673.537092258
2025-02-15,533078.9338707284,672912.7725409355
2025-02-16,329743.3440380618,675557.8181614643
2025-02-17,543009.0456230955,678090.6652475933
2025-02-18,583598.492495981,682104.3097672968
2025-02-19,428218.4030884379,685194.0780837974
2025-02-20,472268.08487906214,688754.2632697177
2025-02-21,363924.2281642532,692309.6767603501
2025-02-22,252801.60229131006,694550.8154353857
2025-02-23,492712.1617693283,696979.2206392322
2025-02-24,356243.41101441486,699958.8992739189
2025-02-25,431965.4582289554,701880.7988104144
2025-02-26,654639.706043279,706460.8910895913
2025-02-27,563730.3736362036,709352.5767612521
2025-02-28,840787.3027893261,711388.0975939248
2025-03-01,941226.9839885549,713302.6261136703
2025-03-02,923986.8386525674,715139.6315712255
2025-03-03,1082612.2121153048,718305.8258970135
2025-03-04,811078.5050499794,721661.651451901
2025-03-05,1173441.3167109708,723563.4240382495
2025-03-06,1608729.1437573659,726570.9987002037
2025-03-07,1450273.0713303797,732111.0816479177
2025-03-08,787879.9670745471,739407.0433856421
2025-03-09,643425.1379459081,746431.3045070432
2025-03-10,1026639.7456787882,753187.5963991295
2025-03-11,818359.7935607091,760315.1006873054
2025-03-12,712337.1106698264,766729.3677781966
2025-03-13,1181742.4893091659,772555.6301829416
2025-03-14,1216605.2896544405,779660.8287529498
2025-03-15,990365.3990676476,786851.5859583097
2025-03-16,1197980.2684800294,794215.2153910707
2025-03-17,1561169.2910886165,802631.421916907
2025-03-18,1925235.8861013392,812384.1767838845
2025-03-19,1292529.5521780297,824106.7479021252
2025-03-20,1134320.29946584,834778.0849930219
2025-03-21,1310683.1772045386,846800.6532737289
2025-03-22,1612071.6040943842,860071.663381429
2025-03-23,885324.828735973,875307.2359497453
2025-03-24,805285.0653291817,889659.0531268503
2025-03-25,1200561.2325717448,904141.6633449248
2025-03-26,1552093.54817714,919293.7660714678
2025-03-27,1810357.432354259,935797.8757170353
2025-03-28,1287898.0246447618,953458.7017243041
2025-03-29,1234315.1531286337,971081.8248986463
2025-03-30,2168551.905933864,988185.9144695235
2025-03-31,2584192.7573227356,1006456.7491677856
2025-04-01,2962465.657492333,1027445.0274310601
2025-04-02,3113768.6973989606,1050327.4691484906
2025-04-03,3970565.557683695,1075255.4926403232
2025-04-04,4318859.177710344,1103178.367670473
2025-04-05,4410194.230779076,1132162.1912195615
2025-04-06,2432277.2586846696,1161792.2070716019
2025-04-07,2136180.2475631526,1187623.0309287335
2025-04-08,2163782.998103255,1214235.0727618907
2025-04-09,3206516.285176271,1240007.3254167875
2025-04-10,2480631.091437855,1268185.2698552874
2025-04-11,3292154.4100758396,1292959.872695277
2025-04-12,3739532.113248514,1319795.7328940681
2025-04-13,4069535.3173783813,1348649.2430332007
2025-04-14,3769790.7980024344,1375071.0710784725
2025-04-15,4097400.13552021,1399972.6024426797
2025-04-16,4522305.600643024,1424945.6130862467
2025-04-17,4807922.645545651,1449327.4485860183
2025-04-18,4937446.440184895,1472428.845718182
2025-04-19,4671833.092333096,1493376.8017302041
2025-04-20,3944345.105247248,1511488.4382386112
2025-04-21,4597459.395834883,1524355.6651067664
2025-04-22,5133854.312295465,1537583.8332877404
2025-04-23,5101644.213280607,1550351.932201471
2025-04-24,4843650.6622450445,1562507.629443704
2025-04-25,4502898.167632997,1573910.987637201
2025-04-26,4719405.275713732,1585266.263887772
2025-04-27,4709571.323902246,1598645.874253371
2025-04-28,3042620.2423005668,1614672.6752488087
2025-04-29,2947117.098715388,1627183.1825701126
2025-04-30,3747350.168736904,1644445.8784212105
2025-05-01,3696339.061967815,1666856.7015086787
2025-05-02,3359273.537838205,1692438.8713351935
2025-05-03,2972468.7035457795,1719427.6499975568
2025-05-04,3439172.7288627536,1748584.5856725052
2025-05-05,3574713.3263179483,1781542.0208330192
2025-05-06,3550219.393348907,1814475.9225612408
2025-05-07,3130801.9531196873,1845572.3737535824
2025-05-08,3554068.7687336234,1878641.9107066991
2025-05-09,3221581.723650388,1913496.190286134
2025-05-10,2504580.576752698,1946869.3393104589
2025-05-11,2724495.8316875705,1979886.1941667444
2025-05-12,2967204.1772358054,2015947.9392765618
2025-05-13,3223278.4284630455,2059162.1121415335
2025-05-14,2864337.28866001,2103411.434352412
2025-05-15,2300528.141645396,2143428.385706055
2025-05-16,1398143.4252034887,2176334.740627857
2025-05-17,1310466.7849560142,2207015.391251181
2025-05-18,1998364.5863045836,2240643.9428404626
2025-05-19,1935237.634701571,2280720.630966702
2025-05-20,1850951.562020635,2320851.8927102145
2025-05-21,2438010.7722041723,2362346.3925128267
2025-05-22,3051119.2670448516,2405424.862832486
2025-05-23,3163590.655523909,2450110.057590327
2025-05-24,3229692.378469062,2494153.015295072
2025-05-25,3193101.1989941965,2540673.576992403
2025-05-26,2731412.3355084634,2586247.21675206
2025-05-27,2949673.395155366,2634427.406046966
2025-05-28,3334142.9212273117,2681794.159916082
2025-05-29,2883094.361020292,2730492.0808075033
2025-05-30,3135669.741121199,2775127.912081839
2025-05-31,2388646.8689220264,2815331.3454447053
2025-06-01,3124019.276239353,2850564.196905498
2025-06-02,3538837.5312507693,2887732.09182321
2025-06-03,3991426.702223523,2921827.4375772635
2025-06-04,4204388.162517184,2952624.6947287912
2025-06-05,4711219.0912467,2984566.6229614057
2025-06-06,4794103.845477041,3019861.7507510986
2025-06-07,5256217.736375608,3057597.740818308
2025-06-08,5384448.685603386,3099151.727272911
2025-06-09,5527936.970933423,3138808.107410607
2025-06-10,5673867.34217079,3175063.5896470267
2025-06-11,5521001.68721846,3208889.0947852
2025-06-12,4704201.384265385,3240957.1424782295
2025-06-13,4886484.188926931,3265081.775814177
2025-06-14,4862562.655873046,3289187.480421951
2025-06-15,4725496.39246165,3310819.461394523
2025-06-16,4363469.075971244,3330804.1662667138
2025-06-17,4112708.9698360274,3346456.401721095
2025-06-18,3993802.560953112,3357477.052679323
2025-06-19,4368601.891082822,3367135.7574961986
2025-06-20,3774663.402251135,3373761.836795961
2025-06-21,3104829.665557174,3367665.7443131
2025-06-22,3428671.19212128,3357516.4200772727
2025-06-23,3517995.1305062557,3345682.619507465
2025-06-24,3578693.9932200215,3340039.3868610286
2025-06-25,2935156.6201375388,3332769.706317415
2025-06-26,2588384.2962186546,3327407.66720511
2025-06-27,2264854.705959993,3311857.53075944
2025-06-28,2551084.501799242,3302736.089234259
2025-06-29,3198852.754922583,3304453.7521929643
2025-06-30,3431992.7284883796,3305666.4340879614
2025-07-01,3579228.944991135,3306606.341744817
2025-07-02,3794201.5034685573,3304592.3584995926
2025-07-03,3907108.3013147404,3299867.7639993127
2025-07-04,4238311.717455238,3297744.7022166247
2025-07-05,4301973.536757849,3299847.86432438
2025-07-06,4452941.601216857,3302363.700137877
2025-07-07,4426319.077640615,3301454.60392416
2025-07-08,3781240.453076325,3290751.1948449067
2025-07-09,2603891.7449752325,3260896.6827530162
2025-07-10,3379440.36507803,3222925.3330730065
2025-07-11,3575335.324981701,3191446.5972862933
2025-07-12,3430005.547593463,3160889.148400005
2025-07-13,3659982.276655333,3137709.4309199033
2025-07-14,3614747.988293263,3120909.0939624696
2025-07-15,3946347.9162787613,3108086.103747222
2025-07-16,4160326.0599416466,3105459.9295349275
2025-07-17,4345279.566095447,3112201.5814512414
2025-07-18,3901347.2261051307,3124867.7685299073
2025-07-19,4070012.840249672,3130528.4686975516
2025-07-20,4100080.211990888,3140780.9197052745
2025-07-21,3979567.271512662,3149332.780774657
2025-07-22,3789304.6949955495,3159210.607306256
2025-07-23,3727093.681656988,3169475.469300811
2025-07-24,3689396.8396475497,3171409.7055545473
2025-07-25,3357134.181943603,3162984.0305297645
2025-07-26,3363820.7311850516,3146474.692422313
2025-07-27,3516640.4617980937,3137085.3977047554
2025-07-28,3582970.0948172268,3129629.4864690853
2025-07-29,3649727.963830976,3124258.7255608477
2025-07-30,3613491.6234258967,3113786.2180467276
2025-07-31,3484807.8278359775,3095154.0111006913
2025-08-01,3509554.239834479,3075919.246345516
2025-08-02,3453193.8857493144,3057556.9808422895
2025-08-03,3376705.4300201125,3038079.4429193516
2025-08-04,3349526.5627210187,3015872.350968844
2025-08-05,3044581.8273467366,2994742.6755649857
2025-08-06,2367378.4575792523,2974940.9494238026
2025-08-07,2910318.9511970864,2953482.6111048018
2025-08-08,3038286.0816254118,2932158.4603078417
2025-08-09,2864302.4051886816,2908083.197702708
2025-08-10,2915511.313008208,2887117.9874385097
2025-08-11,2996148.911387279,2869329.308806137
2025-08-12,3073319.529038517,2854465.098102746
2025-08-13,3032667.2940956163,2844681.5278708013
2025-08-14,2833771.7241299297,2837050.3413346545
2025-08-15,1578702.4407147279,2820303.726726987
2025-08-16,1937204.703290827,2783951.310877644
2025-08-17,2426161.308329966,2757782.8790151677
2025-08-18,2508666.3813003507,2740712.16656233
2025-08-19,2379372.0209329557,2730107.2534257886
2025-08-20,2588671.2862665015,2721499.4852448558
2025-08-21,2615011.2283916106,2717561.425005444
2025-08-22,2627192.2770263227,2709241.3401295412
2025-08-23,2659289.0686380127,2695687.9414008637
2025-08-24,2676521.363600264,2678752.4270532564
2025-08-25,2715026.0683910297,2660777.297020333
2025-08-26,2708772.113979244,2644692.4010941456
2025-08-27,2655402.508085543,2632577.7104557846
2025-08-28,2401436.7626923593,2623731.2433867655
2025-08-29,2506484.945903906,2610007.390013779
2025-08-30,2429161.8736624755,2598183.894002181
2025-08-31,2368013.4578847005,2583419.4549348527
2025-09-01,2373549.0814204537,2566898.165153089
2025-09-02,2457319.935681271,2550399.526490718
2025-09-03,2410744.309504821,2533471.284043862
2025-09-04,2341563.082082451,2514725.279093007
2025-09-05,2283236.0571196545,2494348.6917419815
2025-09-06,2168089.2029600525,2473357.2674775054
2025-09-07,1816958.7103325767,2452064.615386389
2025-09-08,1826206.1226651361,2432097.6188591365
2025-09-09,1900252.3451681787,2409871.712118458
2025-09-10,1877743.5799191631,2384467.4878465566
2025-09-11,1836297.6326700053,2359989.1151717566
2025-09-12,1776921.380825828,2337206.055715027
2025-09-13,1716293.2781543292,2315427.9440444345
2025-09-14,1281108.9013551525,2296042.448826035
2025-09-15,1611315.218434354,2269476.9593757736
2025-09-16,1687266.500147289,2245311.4373843395
2025-09-17,1649653.743996245,2223176.9301313017
2025-09-18,1649589.1747472866,2201463.378193999
2025-09-19,1647809.272165506,2175911.1668244777
2025-09-20,1524773.6668925988,2150326.248357497
2025-09-21,1421080.8588394392,2124021.671954071
2025-09-22,1521231.433950439,2103515.3330920003
2025-09-23,1524723.907130526,2083271.5543766287
2025-09-24,1477440.1600661003,2063711.6754089077
2025-09-25,1357540.7010447825,2042491.4007432107
2025-09-26,1318609.0715672872,2020838.4813881386
2025-09-27,1066054.9258364916,1999859.7644119468
2025-09-28,1152528.8237042916,1979096.179920425
2025-09-29,815180.1662806951,1960140.5724353415
2025-09-30,926705.9701777177,1941530.5826849958
2025-10-01,731908.9021183874,1924599.3230318315
2025-10-02,700869.2495209432,1907773.4869706354
2025-10-03,821497.0646736412,1892973.5258164657
2025-10-04,769479.1635195888,1877916.7709757122
2025-10-05,888181.8506515882,1860963.845851278
2025-10-06,897900.0353983031,1842255.3229880382
2025-10-07,846939.1939617174,1820733.4889098264
2025-10-08,807882.8585094429,1796813.7777357132
2025-10-09,726281.9027290237,1774562.2050304464
2025-10-10,525354.2387459821,1752680.7754990393
2025-10-11,443811.25141772995,1732083.6493324887
2025-10-12,503063.0616128626,1714449.179776723
2025-10-13,581548.6165996878,1696733.7448759938
2025-10-14,635534.5646717513,1681946.3646521866
2025-10-15,665282.3280616975,1668270.3258491065
2025-10-16,586721.1782873626,1656165.1704530944
2025-10-17,665002.0335085058,1644580.6657034138
2025-10-18,359079.73161393,1635600.1962209917
2025-10-19,322522.0832923112,1624084.7923221462
2025-10-20,454272.2028264177,1615839.834286095
2025-10-21,517800.5520454658,1606497.6910872774
2025-10-22,444394.56693812134,1596142.0548525674
2025-10-23,392803.7234201592,1588018.665639058
2025-10-24,234610.43177837788,1581150.9276655952
2025-10-25,220876.76602549653,1575811.7427652148
2025-10-26,262174.58208816044,1571018.8274664385
2025-10-27,398792.1317598005,1568809.0500427145
2025-10-28,252788.40552336222,1565575.4648862048
2025-10-29,367077.12333913735,1558483.8973116716
2025-10-30,442159.3140624443,1555593.651510104
2025-10-31,222640.7392996467,1549023.3718986227
2025-11-01,288138.05177935166,1540643.4862219528
2025-11-02,416683.35497301974,1535858.049803295
2025-11-03,401866.57676984766,1527889.4547309421
2025-11-04,526783.753308224,1516727.5074115444
2025-11-05,291243.4846457939,1505137.1225188167
2025-11-06,220748.4438464897,1494459.6564801778
2025-11-07,279407.03656507283,1484325.1154649197
2025-11-08,366485.75357092667,1476362.4858661515
2025-11-09,388656.81470608985,1466714.694579378
2025-11-10,363294.06437868776,1456424.2084735555
2025-11-11,419773.37921762845,1444857.7073778166
2025-11-12,274431.4713338777,1430811.677768237
2025-11-13,174261.8321719187,1416206.4194053614
2025-11-14,178524.31251328372,1403082.2281821787
2025-11-15,190038.94055191503,1390981.5400997372
2025-11-16,211597.2108266857,1378520.0077329313
2025-11-17,222590.60421128274,1366274.8645823589
2025-11-18,304640.04202368937,1353214.9812524132
2025-11-19,354002.6436776822,1336637.3055548524
2025-11-20,319768.43867354176,1319125.4743299044
2025-11-21,187801.4963706056,1303774.2957867424
2025-11-22,136349.61708924896,1288525.5476345841
2025-11-23,279941.35954874463,1273696.0032927622
2025-11-24,194891.59753515257,1258958.643921812
2025-11-25,115670.31610764448,1243476.5388509843
2025-11-26,191844.9871250661,1226830.0476001897
2025-11-27,123317.05958440504,1211877.1633085588
2025-11-28,279124.5976480461,1197232.919260528
2025-11-29,246796.95091885247,1183527.4864284357
2025-11-30,320977.68555902445,1168522.3514259495
2025-12-01,231490.1453000171,1153395.0188727085
2025-12-02,260001.96566455706,1137791.4585627117
2025-12-03,213580.61983567325,1122320.5482105026
2025-12-04,114931.72249214006,1106861.5725361395
2025-12-05,155897.61109954942,1091602.9984794157
2025-12-06,226893.55043400658,1077534.6872484186
2025-12-07,196297.58402764765,1066202.0183918779
2025-12-08,112573.98116920519,1054754.6514044472
2025-12-09,177587.08050582255,1043327.720645343
2025-12-10,81500.37857298892,1033016.1845662475
2025-12-11,113912.76039017606,1023129.0790127969
2025-12-12,106226.52193885262,1014443.9280464746
2025-12-13,145766.20139159344,1005588.2000062806
2025-12-14,87144.66313950418,997344.8953976992
2025-12-15,156013.9386007294,988920.3274363119
2025-12-16,123012.4094145912,982005.1580772356
2025-12-17,184210.12215665303,974342.5270076867
2025-12-18,83848.28952278841,967879.72334294
2025-12-19,148477.75908750156,959462.5007207249
2025-12-20,154234.6947412032,952505.0370121772
2025-12-21,162840.7427803139,944620.0789853572
2025-12-22,134434.68601851238,936593.297537786
2025-12-23,142831.92920297157,928354.400932788
2025-12-24,89096.84643166147,919827.7944164387
2025-12-25,158928.8475977373,911446.8045394631
2025-12-26,161930.67395400093,902782.9597266646
2025-12-27,239904.24099133763,893730.2123727576
2025-12-28,187770.37169216177,884635.8490732774
2025-12-29,248494.08449878165,874197.934736546
2025-12-30,261884.30826484784,863208.6161372209
2025-12-31,279874.67338373454,851613.8733317447
