,Z2,Z1,Z1_Hbac
2023-01-01,55388.91162106379,31025.425661105564,71599.29561330374
2023-01-02,57562.89600772584,35600.59054634507,69634.31846635323
2023-01-03,61746.89402791546,40841.164020732984,67768.21648221438
2023-01-04,64832.208487450705,44590.30117224191,66134.64371604164
2023-01-05,70890.68505809434,49063.76714407401,64511.932701991806
2023-01-06,67512.39198939521,46196.83130764723,63002.67498282853
2023-01-07,62726.35646758627,42598.089834564395,61603.05067215646
2023-01-08,56317.75448022913,38516.21367357977,60252.716817420434
2023-01-09,51046.06845734561,35796.72910509386,58926.07260027854
2023-01-10,49484.39212284669,36040.20957251097,57656.19772649493
2023-01-11,54902.797826150105,41961.93587457131,56639.824610273114
2023-01-12,53694.831540596904,43124.95943512635,55644.72519024365
2023-01-13,47234.474935600214,39302.662368094054,54625.36279094723
2023-01-14,44438.64069285543,38747.6416563523,53682.451850302146
2023-01-15,51457.32383870396,45306.584679580534,52844.28193647283
2023-01-16,51598.87942023984,47148.288569990465,52051.146843480354
2023-01-17,53921.07929282079,49277.89473862167,51339.40341549012
2023-01-18,53959.71448812557,49623.70159410694,50515.49205059945
2023-01-19,56166.17196345334,51523.815447170186,49635.30685216869
2023-01-20,69055.4811987445,58449.9252613059,48780.89200262401
2023-01-21,78991.38284949181,63680.857080086476,47916.55503991383
2023-01-22,71534.57917890779,58884.95737836542,46969.397520100385
2023-01-23,83648.81125825498,65308.25167181241,46159.656855134075
2023-01-24,87243.18823969456,67986.19394690439,45395.77411870714
2023-01-25,83702.66348891403,66930.34299390488,44733.49760822504
2023-01-26,96812.40030171571,75724.00680093543,44189.53661836759
2023-01-27,101750.25876823398,80544.61217593715,43692.38791455753
2023-01-28,118370.98442677525,94082.18560465475,43346.43620947245
2023-01-29,136980.3397959933,110566.19844160043,43035.011252906625
2023-01-30,162048.39885819497,135885.16086072088,42912.735806992445
2023-01-31,170202.3135673123,149866.8803825766,43000.27685551317
2023-02-01,159546.87301052167,144732.44413394338,43064.55994884396
2023-02-02,152223.82898184346,138031.36476780428,43013.84892716731
2023-02-03,148263.81361983446,136585.73707001354,42900.866831089326
2023-02-04,134752.05019773103,121813.06911829795,42620.107374370586
2023-02-05,123748.11676428188,110957.4416311551,42378.7292813877
2023-02-06,116538.1586217438,105474.16863016697,42326.600420971314
2023-02-07,107726.07990043981,97185.08079842234,42151.372786660286
2023-02-08,112904.73314193245,97198.28652481534,42000.52620655361
2023-02-09,133438.5276832408,111267.19605020316,42238.41839739365
2023-02-10,145914.9800406904,118453.9524430526,42524.32556210686
2023-02-11,163597.35302805968,131924.01501579804,43081.34704435845
2023-02-12,192284.65229910586,158678.21555303063,43985.539888376305
2023-02-13,188213.98483911253,156512.07298407605,44795.71296680489
2023-02-14,200403.75560399346,164408.8856085237,45433.79668724344
2023-02-15,237839.92296582722,199405.1692769239,46567.331387709295
2023-02-16,262928.01455408946,225532.00957600062,48068.04473873186
2023-02-17,252123.2885768352,215695.91719649208,49464.258309249504
2023-02-18,267776.7479850608,234290.32576822548,50931.59366352807
2023-02-19,272907.66256483685,247046.14546683631,52523.69502717464
2023-02-20,244743.37032516967,222039.48637690587,53879.619231424535
2023-02-21,221688.38747340333,196919.02339541027,54679.916157445135
2023-02-22,232045.68005207673,204163.2772317917,55521.934233233966
2023-02-23,227406.49287012828,196329.5423820422,56160.06151543813
2023-02-24,250908.48555481157,224774.60726470462,57128.71224985255
2023-02-25,278631.9348309321,259164.46474354083,58822.815717371086
2023-02-26,267325.14139769005,246843.64285250817,60187.70361823721
2023-02-27,284148.50371434155,274935.16394905816,62089.648135883726
2023-02-28,274967.431760775,270797.9596294211,63776.310899481425
2023-03-01,289701.8845191376,293545.6273220513,65502.411957330965
2023-03-02,303876.49632552,314265.8622851184,67208.5961003904
2023-03-03,327529.570483682,346143.5753818986,69116.18240927838
2023-03-04,328987.59581106034,347104.9215646498,70933.41668908575
2023-03-05,319064.1840513288,323951.1350506139,72263.83155922565
2023-03-06,351683.54382082913,364171.11673347617,74110.52469012997
2023-03-07,378470.66108599835,393283.2820699727,76206.10424111823
2023-03-08,418134.5765602188,435761.05787802447,78618.68504454909
2023-03-09,473481.71309939784,494544.2357514027,81482.56829420438
2023-03-10,521689.4656389609,538290.2716617929,84339.56181087614
2023-03-11,557679.12152505,568043.7658249825,87623.19594600875
2023-03-12,580398.9588514942,592847.7485296505,91379.18001282938
2023-03-13,579655.6209604362,589629.4896583266,95128.32501326484
2023-03-14,617552.4486572017,628501.3886967893,98725.48485196584
2023-03-15,647447.0851529475,667307.5982236145,102814.88531066815
2023-03-16,725971.1243446034,762154.3489850034,107509.59016818683
2023-03-17,819374.0218376104,880252.5078587717,112872.87162684074
2023-03-18,915811.7362657639,1017735.1942519036,119545.879343259
2023-03-19,1018432.11288249,1192276.514924799,127599.72179500927
2023-03-20,1064336.1179334498,1328392.8346088654,138790.0717721615
2023-03-21,1089067.2848575043,1436664.601768836,151178.65102678924
2023-03-22,1168631.992930896,1614015.4791045,161251.98191349485
2023-03-23,1241565.3530975413,1818227.1825463006,172741.20065698627
2023-03-24,1248019.1182385527,1947835.078629281,188122.02391580548
2023-03-25,1263831.269489666,2057965.407160141,202436.8316628269
2023-03-26,1309722.4871013945,2233444.5290585253,214347.5770924172
2023-03-27,1364547.053593554,2453899.7442870466,226342.05160441052
2023-03-28,1430348.4450595865,2741125.690451979,238457.09127317733
2023-03-29,1493059.6163365082,3082124.568428877,252694.29727813095
2023-03-30,1554192.8897912172,3467039.9286947297,268731.79621269245
2023-03-31,1607411.754737034,3828495.544050746,287050.55471908214
2023-04-01,1620180.0768404086,3974748.2432210594,310607.6066555218
2023-04-02,1653497.7662102017,4153783.7071732264,326916.6943392162
2023-04-03,1680827.382592218,4220456.534219163,341164.8850696863
2023-04-04,1726418.2167309911,4276345.390482458,351163.29989693
2023-04-05,1784674.90820274,4331483.472494939,359247.00771598384
2023-04-06,1825145.6229227227,4238703.600659272,371069.44229354174
2023-04-07,1841869.3816006687,3895928.7640475575,387096.2642219442
2023-04-08,1859182.2770818044,3642350.6318169935,393427.9711291837
2023-04-09,1846908.8635997032,3120105.2141273534,402396.5221606633
2023-04-10,1795360.4378241838,2600573.0456712507,405274.5836689134
2023-04-11,1715007.6733661164,2212305.98649055,405459.89807994297
2023-04-12,1657944.749184378,1972259.332211479,408920.61812792346
2023-04-13,1651775.0928812285,1884644.4423800674,416650.4520425411
2023-04-14,1648307.4913317137,1778656.37149974,427303.8718084751
2023-04-15,1709285.732736187,1795413.3221834763,440518.31616317824
2023-04-16,1679597.307692676,1672121.926624303,456857.34579724976
2023-04-17,1644179.1227081968,1559247.7483412405,470692.178450117
2023-04-18,1612350.1022308792,1472519.5154409814,483995.54029575665
2023-04-19,1600943.7797239316,1418910.1635557683,497444.89186670154
2023-04-20,1608277.5215472938,1380740.8160932316,510410.71436593327
2023-04-21,1561641.715943824,1255146.9356011169,523660.46195816057
2023-04-22,1538759.1674505651,1197506.5523055184,535404.0899672855
2023-04-23,1500574.4200700584,1129831.60643544,546262.0571541787
2023-04-24,1474057.770246386,1088411.1788093902,556761.7439606474
2023-04-25,1558502.0929923856,1171653.8187397462,565570.2597665179
2023-04-26,1703163.2052940219,1270949.6188822119,575702.617921286
2023-04-27,1835383.2203120745,1336774.7955777831,587530.2504604198
2023-04-28,2072600.965862322,1484046.9244239028,595431.7499155037
2023-04-29,2331867.46943323,1659497.3347429559,604041.7547063663
2023-04-30,2558215.3571034516,1852013.5660148612,616224.6426891106
2023-05-01,2646568.8102603187,1982115.717146772,635790.955062464
2023-05-02,2764236.0615087673,2132216.8053664025,652271.8929741952
2023-05-03,2919548.0050006397,2320554.7753785304,666590.8937074253
2023-05-04,3035802.4989444194,2490558.397246645,684979.5460174571
2023-05-05,3088765.4597723414,2576471.310209073,708924.888334223
2023-05-06,3003322.5961076543,2460753.049215818,737882.715981079
2023-05-07,3015607.4554956704,2392721.2926483,749271.3708413214
2023-05-08,3065928.0116558103,2358063.914242277,756819.9758342535
2023-05-09,3100139.79962053,2312498.568331598,766319.1644797298
2023-05-10,3173706.587772949,2314487.4913001005,773700.6197287507
2023-05-11,3259525.4943435993,2342324.1648437837,782757.8816809057
2023-05-12,3349482.321438986,2382578.2350435155,793987.8529321288
2023-05-13,3442548.662286121,2437562.51087436,807249.1760794342
2023-05-14,3536826.6266905414,2500690.9551682565,819696.1956212525
2023-05-15,3628148.017826049,2565617.1537182676,832133.2399010898
2023-05-16,3707430.384797032,2623135.681296585,844979.7881686194
2023-05-17,3780653.236045114,2680225.234844836,858913.1094450396
2023-05-18,3856762.559719526,2737288.8657205296,874027.7144941835
2023-05-19,3920944.8532357723,2782645.1113208737,890161.2989513425
2023-05-20,3973485.311493394,2820778.257709944,907464.7671824612
2023-05-21,3986794.40064424,2819264.5744504184,925682.9623813186
2023-05-22,3944967.4068408217,2762432.117926715,945494.7196232602
2023-05-23,3903715.1855469802,2687894.057647369,960336.8117479263
2023-05-24,3890784.394557371,2629624.4295076225,970717.3444619989
2023-05-25,3918953.424598433,2623834.735109373,976909.317897905
2023-05-26,3952015.4343242534,2647370.987852644,985524.2854068405
2023-05-27,3962582.557495673,2664980.4848160585,996261.5544452622
2023-05-28,3979536.314683496,2676880.0481306417,1005792.1589698006
2023-05-29,4005392.713381704,2703230.453108142,1015069.7626756952
2023-05-30,4003664.886608393,2721238.448315,1022653.3951602844
2023-05-31,4003179.4685471784,2749787.9409219855,1028699.7819422843
2023-06-01,3989941.780081433,2779256.18894471,1036257.7069065117
2023-06-02,3982097.878676704,2807578.248922748,1043840.4995942198
2023-06-03,3953727.5513415122,2811485.0276361126,1052967.6133895726
2023-06-04,3927816.067505085,2801228.045262155,1060260.4745352336
2023-06-05,3930349.09894966,2808929.2075752746,1065085.9303277447
2023-06-06,3957074.086689342,2827590.098362563,1070216.4775204025
2023-06-07,3984193.1711067315,2856636.824352986,1076346.6464808662
2023-06-08,4002900.706269988,2902152.950744698,1087855.0054958852
2023-06-09,3985676.4327881043,2933460.8540732507,1107181.0663800598
2023-06-10,3747864.8610673235,2746582.0587572292,1143780.8043664903
2023-06-11,3536935.0997325806,2544013.9573610267,1155191.0055885613
2023-06-12,3526594.012293515,2535613.976613061,1141857.4388797712
2023-06-13,3539214.694154455,2557047.243221523,1131383.7495020095
2023-06-14,3491633.417640674,2535266.2999851666,1125584.7181191288
2023-06-15,3532635.159610766,2577742.7952581923,1116104.9710368817
2023-06-16,3527298.056587223,2601436.998613064,1114589.3501829167
2023-06-17,3414514.024124285,2542700.2592735454,1121235.7796203915
2023-06-18,3393494.2900522836,2543411.5264357314,1119102.3925353626
2023-06-19,3366280.9593013083,2549277.827173946,1122411.7109673813
2023-06-20,3242914.5308596725,2473519.6438631425,1136048.679353981
2023-06-21,3219241.2110524727,2474316.45610137,1138853.1932637556
2023-06-22,,,
2023-06-23,3292959.312234235,2613166.903829889,1138316.8395852393
2023-06-24,3329119.5048732045,2684404.053656986,1138392.6956059937
2023-06-25,3378895.9779416425,2761132.4904836575,1136880.3141825155
2023-06-26,3431003.3369941106,2834290.3465371374,1134217.6490575967
2023-06-27,3463668.503276124,2892928.4599977033,1129596.527569434
2023-06-28,3479148.2755402597,2939643.8876260007,1122119.7747924188
2023-06-29,3492485.8809227557,2987322.240828624,1112340.203134641
2023-06-30,3490868.9852380166,3019262.10868227,1102192.4802646004
2023-07-01,3484328.6598287374,3049332.161993835,1091421.9405181776
2023-07-02,3481290.177587559,3077196.0873078248,1082082.4833147936
2023-07-03,3487779.0662349625,3107307.7017066837,1073664.157701499
2023-07-04,3496810.4191627763,3137437.4279699763,1068439.1553721474
2023-07-05,3499442.6886239494,3164587.049945673,1065176.5068933493
2023-07-06,3509025.1383405565,3187964.5915179485,1063489.8730913412
2023-07-07,3509185.085229459,3194961.9600115074,1062240.6387844835
2023-07-08,3496338.626117122,3196463.729817256,1062942.2046103906
2023-07-09,3492162.0870246803,3212943.2897835495,1064483.8286239163
2023-07-10,3495693.5843680184,3232618.67111874,1066277.9132627337
2023-07-11,3504016.1734141763,3238644.37156067,1066007.3230720107
2023-07-12,3522408.5876463302,3245184.6824802672,1063132.7618124234
2023-07-13,3525022.3263537395,3240827.4287002026,1058319.7970094557
2023-07-14,3530806.7349046576,3245953.2210407597,1052840.318675439
2023-07-15,3527427.687021147,3241145.6010255506,1048369.2415140686
2023-07-16,3498237.98649886,3211944.9280205863,1045451.7582508313
2023-07-17,3466316.2207060177,3174796.4150339365,1043332.2369474829
2023-07-18,3438835.1260303603,3139197.734114911,1042911.5099838999
2023-07-19,3418585.076226025,3126302.427553747,1041789.5496931043
2023-07-20,3410139.4626427786,3126041.337661466,1041080.7181412511
2023-07-21,3388990.5277705253,3116461.2601547064,1041625.540002407
2023-07-22,3362406.3007150944,3104038.4703574833,1041942.7141095053
2023-07-23,3344266.080691545,3088232.8783903355,1040309.2919320653
2023-07-24,3295834.0411515124,3027725.6114636995,1040678.2790626468
2023-07-25,3117301.9261420136,2864120.4997922992,1045656.4303969289
2023-07-26,3035073.803955838,2776260.0645782407,1032366.7929638068
2023-07-27,3024303.685858446,2759445.9625465986,1012191.2622214246
2023-07-28,3016754.6811540006,2748296.032856676,995278.4177751577
2023-07-29,2991755.673865988,2731352.308048521,983114.205763445
2023-07-30,2963811.064462321,2718635.7630264508,975957.1164495259
2023-07-31,2935713.6426434377,2709971.2455997504,972454.3349273958
2023-08-01,3248898.4478995902,2534084.246385616,1138162.092605423
2023-08-02,2848907.797479446,2675855.827122053,972925.8928692739
2023-08-03,2795019.973649826,2644447.7523364965,973946.1254737859
2023-08-04,2758635.218126115,2627470.3488975223,972871.2222441112
2023-08-05,2734186.9116335455,2608514.581570227,971304.7143188335
2023-08-06,2666245.7607090697,2548022.6273358744,970839.9730969942
2023-08-07,2608882.5256859316,2493943.3201904804,965714.3746991421
2023-08-08,2578004.8962702123,2464017.369902229,958698.6761277253
2023-08-09,2488327.641852093,2382761.7304358687,954554.7609982323
2023-08-10,2451354.2242098097,2349461.718144589,941909.8573522093
2023-08-11,2459062.3727932447,2355777.2219742285,926114.3176977441
2023-08-12,2459777.1842735554,2357310.5325788506,913562.8576571957
2023-08-13,2466024.8178823115,2370539.0905485325,903596.8196920948
2023-08-14,2477126.624745899,2397322.9008071776,896285.7812380253
2023-08-15,2495961.2127497965,2425542.4006757005,891289.4416642376
2023-08-16,2513832.2239666684,2449640.057629578,888510.2329807404
2023-08-17,2519637.843655658,2468420.1519940766,885907.5733116512
2023-08-18,2505630.4798471536,2474912.5609972803,880880.360273648
2023-08-19,2500838.184862712,2488733.124275235,875658.2251697378
2023-08-20,2520732.819319888,2506848.5354966447,868068.4578227996
2023-08-21,2532192.5211560857,2515161.6367513826,859818.3873441468
2023-08-22,2550444.944672844,2530828.77269354,851898.4255672995
2023-08-23,2579110.495127612,2540885.280016783,845841.527492296
2023-08-24,2613015.305846319,2547220.2107148957,840002.336935641
2023-08-25,2640728.146472111,2548871.9750509933,835643.7424878522
2023-08-26,2595792.321385116,2500121.64579156,836105.7809780468
2023-08-27,2572540.335283851,2493783.435907382,837134.5281661672
2023-08-28,2534452.2524144817,2483598.0412578257,844459.8059050377
2023-08-29,2463698.702434624,2440961.190211775,857887.0051430344
2023-08-30,2364498.236181936,2361702.148122308,872612.2349534343
2023-08-31,2281166.502031641,2312403.957330746,881292.6528490634
2023-09-01,2192212.6318233116,2248713.108965993,882465.3271578855
2023-09-02,2156423.545408059,2233375.616865607,875173.3020210279
2023-09-03,2133708.753740348,2218945.4004828422,867547.4347863192
2023-09-04,2092636.7879426526,2177543.138561464,859753.2600976513
2023-09-05,2068386.0852985766,2148481.1734468867,849953.6168768663
2023-09-06,2061214.687382055,2134402.3154149395,839688.4759186963
2023-09-07,2060469.9362732337,2121679.1651941943,830876.1375894062
2023-09-08,2051907.2747772713,2103875.9270627596,822346.6003880954
2023-09-09,2045349.8222754472,2093839.1464882172,814244.7755106626
2023-09-10,2035299.0051648642,2082241.8106676291,806362.4740400917
2023-09-11,1980031.2871845048,2031872.363341002,801240.1731731863
2023-09-12,1907956.2725503636,1962078.2861486762,794922.8919217796
2023-09-13,1801003.3631773198,1866863.443569149,788520.957210424
2023-09-14,1760216.9851785544,1840739.041611118,776573.2798659825
2023-09-15,1731495.1992848893,1827752.1685033722,764379.4735644206
2023-09-16,1703734.059156485,1814110.69382698,753121.3544414436
2023-09-17,1667662.9292067047,1790535.008237017,743141.4083975962
2023-09-18,1630973.679372386,1761985.0660621224,734209.9735352569
2023-09-19,1611023.0215256012,1743090.8203689884,723604.801450551
2023-09-20,1557348.6821148477,1689638.3930599792,713695.0980044855
2023-09-21,1538430.4067560756,1670696.526932884,701249.127727125
2023-09-22,1533227.9822941707,1656556.9736872404,689290.2536082637
2023-09-23,1517788.0539974081,1630505.841320889,679480.0379962928
2023-09-24,1410626.4255539807,1523501.4392743798,673337.3417258309
2023-09-25,1310855.6371474233,1442009.3895662301,665807.1751950644
2023-09-26,1204045.4930161594,1338782.499837595,662882.8344720282
2023-09-27,1128451.409977499,1256180.0581631993,655263.7618628737
2023-09-28,1065731.921313711,1185679.52221615,644247.4853014667
2023-09-29,1038768.8129364881,1150277.715254067,630066.9590886976
2023-09-30,1023660.5451793623,1128949.3209545421,615373.546237844
2023-10-01,1012496.0729181846,1114421.6138037776,602747.4692049018
2023-10-02,989228.0719960458,1084606.5589678502,590761.3135720394
2023-10-03,904781.3690001061,993573.5397629978,577634.1680472445
2023-10-04,890435.6260805791,970591.6811701454,563404.725950648
2023-10-05,874408.0580394822,943808.8491974757,550275.1369840377
2023-10-06,880518.2294577224,935319.2148675106,538122.8288238603
2023-10-07,896631.3758040725,935192.9688159256,526640.1760856156
2023-10-08,918433.2956956474,937485.3269540919,517040.80484194454
2023-10-09,923513.7583057623,923692.3148686506,509676.0727546351
2023-10-10,845091.1873863693,845162.840116689,502824.1711725732
2023-10-11,781352.4410314518,776895.6736948234,493982.76315200765
2023-10-12,783224.4252042642,760245.4543424854,487123.07772671216
2023-10-13,814165.4037533377,763435.9010273118,481101.9942678117
2023-10-14,820601.3311200407,741591.584932786,476344.89983794466
2023-10-15,811496.3171851523,704309.7500871426,472600.6662605366
2023-10-16,794511.3073252377,661573.3024140039,468579.3491852143
2023-10-17,756926.4268166261,606423.1408717637,464247.80047536193
2023-10-18,698960.9374436397,543155.7292562933,459409.67790827056
2023-10-19,681020.1689932104,513043.14532642317,455574.0240750755
2023-10-20,681260.1162482664,505736.3579900582,453725.8681912944
2023-10-21,689643.3197291489,510470.14289560396,452451.18922297057
2023-10-22,688211.6645457438,510163.4119523705,450436.23536823044
2023-10-23,714751.1169716092,534185.1841951031,448323.0813167451
2023-10-24,720775.8959298795,540787.4178688324,445549.28090091585
2023-10-25,654693.2442005827,482289.47141639167,439672.69618069736
2023-10-26,673640.9898365953,494988.7187147739,434523.07266974024
2023-10-27,701461.8940790126,516914.1711843594,429714.99846978683
2023-10-28,727750.1240855157,534324.1526985269,424813.08357255044
2023-10-29,747837.8813437059,544219.4798748217,419869.45579517883
2023-10-30,761773.4757474796,548267.8285529648,415129.03110407735
2023-10-31,771316.4613018851,548487.704030722,410489.1895423943
2023-11-01,766676.8735380451,540677.6997188646,406339.80764754285
2023-11-02,717745.3750637993,502295.1202022499,401732.62774059694
2023-11-03,676102.3076817892,470153.76881199516,397796.8458288445
2023-11-04,631602.9719693555,430393.9478855748,393390.3692835085
2023-11-05,591302.9090494829,393507.10869272647,388873.6868979419
2023-11-06,551885.861390385,362464.2284241831,384695.9656871309
2023-11-07,514448.52781026554,334347.0522095127,381059.6807467149
2023-11-08,522287.01415984065,342000.2031749077,378951.7013621602
2023-11-09,508783.85363095795,334925.8271000935,376346.95435935515
2023-11-10,477164.90593296714,309639.8556960324,372560.6178871729
2023-11-11,452591.3085084921,287174.3748435063,368096.68948380806
2023-11-12,437278.92839764216,270078.5210892236,364727.159519033
2023-11-13,419301.9449579065,251682.0546549916,361530.2649668222
2023-11-14,426533.43071752694,255061.22900800928,359401.45133000135
2023-11-15,431307.37490099616,260348.0815362385,357131.52656998154
2023-11-16,430194.8622241047,263913.01987394266,354693.4267663635
2023-11-17,440145.764472619,279193.98431528115,351996.3886425922
2023-11-18,446568.88658943214,295690.83218779485,348916.8312553974
2023-11-19,436056.8761163612,296900.43658273795,345408.38970876695
2023-11-20,432001.0414182462,302374.38287306356,341903.1321398915
2023-11-21,426853.60051674146,305672.64920542267,337156.43258228945
2023-11-22,400627.1702829749,285468.53615489684,331305.38691840344
2023-11-23,402294.08360733854,291714.74946178007,325064.7769417339
2023-11-24,405086.9429870916,297741.4966935551,318241.25306012767
2023-11-25,404039.87304474093,299421.0898722961,311175.43680341775
2023-11-26,399134.7517787222,295775.3798961323,303822.10762257164
2023-11-27,389282.2108239699,286602.9632304622,296317.3350711357
2023-11-28,375353.14338543994,273548.32114168,288802.89835412794
2023-11-29,357884.0155432077,256947.79705392482,281483.1014087063
2023-11-30,341539.2325071484,243164.82463756006,274485.4072106633
2023-12-01,302978.3918972988,204639.02315775008,267200.57740097534
2023-12-02,282765.6515998893,185393.76077432124,260193.07725777998
2023-12-03,274750.1632055414,175724.80370745098,254311.50538318668
2023-12-04,257612.3639444562,158622.9298197023,248893.1178092162
2023-12-05,233187.76543637604,134556.88571285788,243103.16349011668
2023-12-06,221583.34685614484,123913.91917030104,237903.11287022807
2023-12-07,214484.8713432292,118687.68664967256,232918.35912350472
2023-12-08,205245.4098279215,112078.36688057557,228212.71894389894
2023-12-09,207394.28684466824,114090.78495179862,223620.86577170296
2023-12-10,186874.79722012466,93371.56721772806,218209.62799603696
2023-12-11,176197.26157876514,85182.53823716345,213766.21136670525
2023-12-12,174086.7277016482,85354.31301284162,209795.00585312076
2023-12-13,171536.02779100178,86197.89842191612,205935.8418281689
2023-12-14,162826.80400269898,81559.99946720955,202137.56349039724
2023-12-15,156652.48188487536,79685.5195789757,198541.084484391
2023-12-16,155740.11966310872,82277.97211698255,194818.41592637147
2023-12-17,155583.039351083,85893.56592767236,191285.9220549445
2023-12-18,157621.52620985324,91576.67083894432,187721.794403339
2023-12-19,147446.3065387272,86004.56203785118,183913.0712529876
2023-12-20,136932.1826764706,79766.67244397664,180116.43907700948
2023-12-21,133141.2829765684,79453.79831705,176270.19755210757
2023-12-22,128223.8899238982,77547.26340230052,172265.37518940464
2023-12-23,127914.97731678095,78469.05786385336,168332.2303169358
2023-12-24,134418.21433625906,83715.30280669234,164285.41291214194
2023-12-25,125358.55349531233,75865.77916511043,160064.32604865156
2023-12-26,112615.93784779368,61028.79943425566,155722.43735021676
2023-12-27,114957.80698887914,61635.2602407104,151767.47958122374
2023-12-28,103025.90607807174,50715.81986960427,148006.03500729514
2023-12-29,96566.43865152089,45837.64716384744,144660.50026787556
2023-12-30,93610.24948414176,45357.864545565855,141495.44679460587
2023-12-31,89698.65630672521,44913.032371287634,138726.28973143376
2024-01-01,93975.9168242398,52173.3685150045,136208.05235136137
2024-01-02,96909.55425419871,57756.32049630715,133897.9234691847
2024-01-03,89730.31660724309,54142.58034456812,131549.25485576587
2024-01-04,90395.13081616287,57086.90195893359,129362.66448233454
2024-01-05,92677.88638452493,62081.84442147336,127292.80135035393
2024-01-06,87077.79548130228,59107.51822349876,124908.15255067726
2024-01-07,96698.21575443257,66961.59757574406,122712.85763343296
2024-01-08,103733.18771380486,72897.43286974488,120499.32263034875
2024-01-09,90232.84056234956,61358.076566057396,117656.44904093756
2024-01-10,88874.15699197727,59118.990865284475,114996.72409015328
2024-01-11,96821.05897337478,63177.103987210496,112737.09548108603
2024-01-12,100373.17457385035,63388.69708857584,110271.82413146777
2024-01-13,108952.9854828575,67741.80203028035,107665.72702017883
2024-01-14,119378.07275166012,75437.79129527393,105110.42518989621
2024-01-15,129641.83732021652,85945.52396348922,102845.0539626641
2024-01-16,139926.4712351261,98209.44079444934,100597.3510933204
2024-01-17,141804.0515977266,103376.72971121308,98313.5768841828
2024-01-18,128665.82146812452,91464.8357177552,96089.74528718772
2024-01-19,110228.99282138003,75125.13788357165,93593.55668170018
2024-01-20,98397.54915582841,67676.94210231853,91044.17052260383
2024-01-21,96078.03482066584,68068.05087664942,88588.92034104622
2024-01-22,86030.40190624708,61615.747851228254,86141.97840325133
2024-01-23,76214.1826903041,55626.04323984286,83845.13739268595
2024-01-24,75986.28520341458,56065.72620292034,81760.90421867005
2024-01-25,70444.46527675488,51853.85788741188,79823.87085395308
2024-01-26,66169.27716533787,49307.708874879725,78279.09659130024
2024-01-27,64984.82378000271,48629.62192921912,76928.54820280761
2024-01-28,60179.254736048126,45726.971542363965,75733.44368137575
2024-01-29,63151.27421058054,48737.415882735535,74786.67931118341
2024-01-30,67666.75985592343,52305.69213695817,73979.50125748741
2024-01-31,72553.39069552059,56399.45472421125,73201.0690943139
2024-02-01,70337.45412801893,55753.44434847615,72378.80554631143
2024-02-02,82514.82142594925,63802.397101101895,71734.55294937381
2024-02-03,100045.37194553058,75861.77017133834,71290.32452010109
2024-02-04,123041.01162632831,92760.70259738804,70865.91782846669
2024-02-05,148164.72661144458,112849.38429024915,70325.62006266764
2024-02-06,158037.44407234734,125372.78654019484,69838.28351470677
2024-02-07,190834.81951169818,156926.52182051953,69546.98670979384
2024-02-08,219798.51534486483,186148.68546492726,69498.46038660759
2024-02-09,241122.64824781858,209730.72937831568,69738.00139602134
2024-02-10,260098.63610603803,231609.81797833522,70234.27523541346
2024-02-11,249431.9645843258,226176.82970558558,70651.46127806963
2024-02-12,226733.89089900567,206051.04866394537,70716.12673684818
2024-02-13,236198.35794565507,224384.99783901853,70819.22145660246
2024-02-14,262833.7174026192,255931.57607585794,71158.35783709578
2024-02-15,281457.04074127716,280541.3912979268,71654.15434021554
2024-02-16,294461.0123129028,299782.2858831642,72297.23336495263
2024-02-17,326159.5642557023,338524.7446919148,73202.51698469979
2024-02-18,319008.2675845901,343134.8820181181,74064.34828329376
2024-02-19,306140.8376137067,336046.8531930336,74703.38580614162
2024-02-20,310165.2275961504,340480.3236131788,75166.9032308745
2024-02-21,298573.8217963368,329158.3969182158,75539.967852753
2024-02-22,288747.945627754,314762.1809440537,75703.33122025197
2024-02-23,301995.5608141865,327853.15606709936,76232.49261384636
2024-02-24,325770.8283164218,349336.1622722701,77273.5239705606
2024-02-25,307557.43147288053,327831.69659032417,78304.45722026317
2024-02-26,298120.74375120964,318176.118706659,79108.42632283008
2024-02-27,326239.5717807366,345852.7469888122,80607.46343369939
2024-02-28,314040.6779184442,329994.0811659197,82205.63176924213
2024-02-29,293022.9613309983,302600.31136248173,83682.0177705385
2024-03-01,302917.1067923257,314425.1331791474,85494.82301393356
2024-03-02,308435.39738263836,318322.94103509263,87323.59541663942
2024-03-03,325525.5634912454,341007.1715589502,89473.97638570452
2024-03-04,326288.20483483933,338521.7516833808,91413.49217404325
2024-03-05,370405.94266589003,402168.7499456975,93998.3816720894
2024-03-06,429738.1134612141,475771.7906259466,97466.53610692886
2024-03-07,482390.5429505534,532700.0709504837,101145.1148240744
2024-03-08,535761.8013139544,591638.1443480481,105100.14554782875
2024-03-09,514317.3028673862,570266.0769489231,109425.57853666846
2024-03-10,510287.75185064634,558910.8213179156,112275.61191433696
2024-03-11,504936.03688660014,540523.8788196197,115031.23137050284
2024-03-12,486585.2415081561,492702.8817050194,117244.47607973141
2024-03-13,507781.84557933814,514098.73082826694,120267.4485296046
2024-03-14,562351.9561031633,581741.6969039829,124587.69063313222
2024-03-15,638947.1651501952,672413.7304201489,129237.29431682198
2024-03-16,736708.4818580346,785372.7163036622,134515.44183238066
2024-03-17,856557.1949732591,923787.1802625919,140546.91815747743
2024-03-18,988708.5389780987,1096905.7214191575,147481.1024081625
2024-03-19,1116667.3649602553,1317046.2287999445,156031.6558611965
2024-03-20,1222956.1665721706,1579621.4832800208,167271.40077749244
2024-03-21,1287093.595843843,1842458.327944527,181837.28687703068
2024-03-22,1356640.5944370253,2160240.431298865,198287.72081991614
2024-03-23,1360896.4261043312,2377720.8433375903,219462.81986102753
2024-03-24,1379267.9915995363,2560354.9693894545,238554.06245118487
2024-03-25,1432477.6727586754,2806601.56232279,253464.54451974237
2024-03-26,1435791.786528605,2906612.598494079,270924.23891229724
2024-03-27,1467519.174651016,3023325.794898398,284376.73526439385
2024-03-28,1473557.0129083751,3024020.335355591,299215.89747394377
2024-03-29,1480884.5735331236,2990413.2909940835,311207.7835399642
2024-03-30,1513657.7845728882,3052481.562465375,319753.7024296548
2024-03-31,1558744.7592472115,3128102.037572786,327957.1290895599
2024-04-01,1624618.9295940741,3249472.3117149957,336774.4535892566
2024-04-02,1692988.8039048354,3381659.2377278507,348128.0607458399
2024-04-03,1719913.921773993,3381577.043040883,362249.41680895054
2024-04-04,1765338.9101000018,3428451.709280164,372440.92021816777
2024-04-05,1817085.0955397892,3450308.132645684,383984.03333539603
2024-04-06,1884729.981744253,3542512.055206411,395324.70857545827
2024-04-07,1905294.167208753,3455073.487226979,408422.54122955166
2024-04-08,1907204.182064489,3288141.6020159204,418069.24060235673
2024-04-09,1865510.4934678078,2953379.570637657,426576.74002983945
2024-04-10,1877889.0991707148,2857818.113351837,428165.1657107622
2024-04-11,1880919.150856925,2705719.070917817,431984.3483423667
2024-04-12,1833849.564063569,2405654.464295655,436364.8377148012
2024-04-13,1869955.081991024,2343042.7208334515,439895.1751959194
2024-04-14,1944222.0141909393,2371661.5086796195,446983.2136789055
2024-04-15,2031139.9634204824,2444146.856033401,457394.46388360875
2024-04-16,2101087.632940931,2507740.4925510203,470173.0830208437
2024-04-17,2205828.498700748,2645541.4944370557,481921.48756671936
2024-04-18,2329478.6170582958,2833006.3219998786,493917.67201507516
2024-04-19,2456196.1414150232,3032634.106312827,505732.17970424215
2024-04-20,2569435.919226847,3243016.5549161495,518980.32379947556
2024-04-21,2605237.8383310926,3311587.3948542536,537722.4756660326
2024-04-22,2666214.336265455,3373399.546942678,551154.7425022013
2024-04-23,2753443.379500915,3446352.1616759356,561824.5998655201
2024-04-24,2819806.954297242,3448304.4689221284,574448.8685518029
2024-04-25,2815979.637079638,3277102.6636957536,590677.3915663065
2024-04-26,2732428.3497856255,2930144.85545009,605218.174004311
2024-04-27,2662434.8688465985,2616305.1469139457,609421.4602644645
2024-04-28,2526085.1354326103,2228859.9450150486,613084.2158719954
2024-04-29,2413982.805854451,1952691.5516008085,609629.1639763574
2024-04-30,2396627.199839892,1865350.223182823,606275.1004485786
2024-05-01,2448020.121194922,1860550.3989263317,607517.6744281398
2024-05-02,2546810.4762017406,1896030.3200844037,612639.3039203166
2024-05-03,2673015.9274504897,1960654.6036496544,620923.677858031
2024-05-04,2718532.629037625,1964237.99359857,634907.9520126709
2024-05-05,2651480.79876849,1872203.0488183778,653674.1763433198
2024-05-06,2508941.4384570816,1707056.778217124,671146.5214654718
2024-05-07,2464974.241295933,1630378.0787052668,679586.8454446465
2024-05-08,2547704.4163600337,1664325.5592612796,685466.6542198427
2024-05-09,2661671.3994695223,1716251.4761931496,694359.6735755139
2024-05-10,2788372.1496391487,1785196.4044666383,706136.891857898
2024-05-11,2925693.8113470254,1864835.1363397122,720126.2860395852
2024-05-12,3068442.6875885213,1949209.2245857297,736200.4066259138
2024-05-13,3184306.1055821814,2017565.7561738137,755265.2490651116
2024-05-14,3297889.2638649354,2084636.1157403132,774525.3860922456
2024-05-15,3451790.036619145,2187100.100047885,791512.9312733023
2024-05-16,3564848.855286152,2282924.9438363127,810837.8773994524
2024-05-17,3573730.7193434527,2323987.226892013,829813.356915398
2024-05-18,3673997.6020327024,2421631.699934066,843525.8951018634
2024-05-19,3750075.2955167894,2480522.809578849,859491.6572280037
2024-05-20,3886071.090872644,2587078.2067324887,870789.212181762
2024-05-21,3941866.9117141897,2666243.226981762,889211.5559307688
2024-05-22,3768220.3768740064,2539989.3406209894,918950.6291927608
2024-05-23,3840419.5499061933,2566111.946173709,926255.0805364128
2024-05-24,3874963.5794660696,2575873.8928573076,941726.5543455018
2024-05-25,3711408.7887602434,2430242.488170318,969476.2759765721
2024-05-26,3633983.320657739,2338271.973864775,987424.0986339742
2024-05-27,3413033.80887731,2133879.2586369356,1011439.4036833661
2024-05-28,3247427.371929161,1991909.694002971,1026437.1948867287
2024-05-29,3092242.296847265,1875513.6352985548,1038775.8647696011
2024-05-30,3078958.9085135604,1888757.7836743135,1042749.6919134879
2024-05-31,3159967.5161332097,1966468.2106779767,1046985.0409182664
2024-06-01,3201626.6842646,2016810.5483988058,1059154.422375328
2024-06-02,3162420.1846601935,2008714.7520902469,1075920.2842521223
2024-06-03,2940524.403569793,1883498.1281764,1098735.508136056
2024-06-04,2830926.405951921,1822095.849680427,1107060.3205001152
2024-06-05,2836767.2085683257,1850765.5601546601,1106282.8737231693
2024-06-06,2964016.933819815,1942311.0061942977,1102899.26624901
2024-06-07,3125067.1610883595,2049717.36223277,1102201.3276630628
2024-06-08,3279568.2896321286,2171286.4418995893,1105996.9965811174
2024-06-09,3369330.3056382863,2276570.4328048676,1117362.6919461756
2024-06-10,3436385.8810798847,2377452.962853262,1130697.0496309754
2024-06-11,3468070.186247845,2458514.967697772,1144203.407197134
2024-06-12,3476057.702030941,2503283.0324182073,1156267.1634159195
2024-06-13,3549286.1427876325,2598699.4210975543,1159310.6416357083
2024-06-14,3596108.7143053412,2686506.1595515837,1164786.0423264639
2024-06-15,3577805.894169919,2713586.459562895,1173274.5195479663
2024-06-16,3536659.3787717847,2719757.2838266226,1178536.3045125166
2024-06-17,3469342.4980052803,2701798.507615189,1179833.715703884
2024-06-18,3444945.15983123,2708838.3173102774,1173924.954075967
2024-06-19,3455891.2092143083,2755428.0935475444,1163657.8902141347
2024-06-20,3472458.3418246023,2814022.1872382797,1152205.6063523823
2024-06-21,3473856.698089719,2860758.5823513577,1139566.3293525001
2024-06-22,3443467.776109679,2877495.683677336,1130221.1762349557
2024-06-23,3386630.4744904223,2864570.6495050136,1123314.6682855727
2024-06-24,3304275.876325021,2814978.6631787093,1119012.0851449315
2024-06-25,3307244.5155906356,2831997.4446306876,1107912.5331434428
2024-06-26,3275238.384447797,2827877.610085839,1100962.8612842343
2024-06-27,3120915.598331331,2704188.136297903,1105688.7436068214
2024-06-28,3043942.4582179724,2638816.880776103,1097535.189852816
2024-06-29,3045470.084038919,2650551.963074467,1082664.344258553
2024-06-30,2990538.459278727,2610165.7381126788,1073786.6780916222
2024-07-01,3000406.7083188333,2620004.306162662,1054988.270803943
2024-07-02,3044000.4508892093,2672279.8876209715,1035333.6385884929
2024-07-03,3072267.2680812506,2727282.006716028,1019898.3152905897
2024-07-04,3104733.5140572255,2788337.798055306,1008354.9815729378
2024-07-05,3144751.315312396,2852767.1496200156,1001624.1275066703
2024-07-06,3197149.3645009585,2914566.1239523822,996999.1992636396
2024-07-07,3255141.268804202,2975458.9540554425,994620.9064228447
2024-07-08,3313522.193949476,3038883.7663407475,996864.8015537955
2024-07-09,3364599.7023876733,3097216.2097652634,1000668.1753916875
2024-07-10,3405641.5198406307,3153398.501751679,1004840.0779656451
2024-07-11,3445561.6837413227,3211337.7405330744,1010196.256529536
2024-07-12,3509065.2203077567,3271940.220023987,1013987.4344059064
2024-07-13,3575421.099286926,3329039.449746255,1018434.9181089224
2024-07-14,3636578.3647158546,3382624.816343723,1021031.7935977526
2024-07-15,3679752.69757911,3438664.092421863,1024253.661582697
2024-07-16,3686787.4524390567,3478069.5529139135,1030118.9091132063
2024-07-17,3666294.043235059,3494603.987116076,1035473.9877765784
2024-07-18,3604985.8316923566,3464731.7200342817,1038861.4734336076
2024-07-19,3548017.883268586,3428199.400839589,1042451.7475856144
2024-07-20,3498802.911479625,3389586.9782342883,1047978.8803566517
2024-07-21,3426741.6712290375,3328800.444740134,1052500.6379841203
2024-07-22,3321448.785406794,3226882.9045388857,1054870.3338707963
2024-07-23,3257380.4431733284,3154673.850202949,1053575.4505370317
2024-07-24,3216160.783824723,3112540.4094314305,1049304.7163737037
2024-07-25,3164129.4410255947,3064326.9182802327,1046116.6659896077
2024-07-26,3139395.17621201,3042807.2490834733,1042370.0670289814
2024-07-27,3131911.339121502,3033594.126900848,1038058.1264979892
2024-07-28,3129641.163625695,3022892.4206847195,1034752.9626500877
2024-07-29,3094075.2920646872,2985551.140591209,1036163.2268190238
2024-07-30,2909746.08506199,2797173.012223977,1046812.2758736403
2024-07-31,2779702.8711969326,2663360.624039708,1041332.4386797687
2024-08-01,2738084.778565773,2625835.287640024,1026213.3034011319
2024-08-02,2714442.468795494,2615439.0540193683,1013245.6278066657
2024-08-03,2689271.24740639,2609799.9378342805,1004427.243627513
2024-08-04,2674149.321010283,2611652.2083277437,997768.4463584821
2024-08-05,2672620.170890192,2619694.829872503,993049.0186636461
2024-08-06,2671707.14229384,2624728.8677173606,988332.2840155797
2024-08-07,2670448.5546340584,2631808.332155388,983881.1245724143
2024-08-08,2678098.0120287845,2647086.896603459,979166.3221871611
2024-08-09,2697087.9290266735,2667868.651536135,973623.1476806008
2024-08-10,2722672.0611816775,2687849.5865640775,967988.1361267612
2024-08-11,2743242.8857582565,2701089.892207379,962420.6935988344
2024-08-12,2746961.1278477833,2695771.2853136277,955941.5520013417
2024-08-13,2710781.8409913555,2665464.0950555326,950786.8888872861
2024-08-14,2646896.8984065657,2611298.446169815,945636.9444236724
2024-08-15,2619227.036739285,2596579.3245485444,937039.3670507815
2024-08-16,2576782.3350509154,2574008.3866362683,929318.4800024306
2024-08-17,2530826.977992318,2549205.419401479,923371.077554049
2024-08-18,2486484.4186014608,2539476.7529616924,920425.110512771
2024-08-19,2411117.0926119615,2508775.958079722,921320.6583715349
2024-08-20,2303647.538583657,2439752.94978813,924546.8176688298
2024-08-21,2219383.9575219224,2384097.489536615,922704.2837555025
2024-08-22,2110714.735274955,2297223.1017896086,921703.7853164398
2024-08-23,2030596.9736127257,2228665.722573271,914897.2137801518
2024-08-24,1923166.7547709164,2125367.0819759653,909663.3365199183
2024-08-25,1860007.7703109155,2073375.683622457,898705.8068593239
2024-08-26,1838248.3745360377,2062858.4947590432,884613.4436915598
2024-08-27,1742089.2563921611,1979783.258904812,875877.8084306022
2024-08-28,1724228.082238267,1979920.1128390096,856795.4854838101
2024-08-29,1732846.4228044134,1992805.785293331,837997.1519759394
2024-08-30,1750454.2309791353,2006801.9854514152,821849.3876987344
2024-08-31,1770552.7226606116,2015785.1611340297,806785.9021018409
2024-09-01,1789377.33426841,2020016.1741897292,792907.3369529533
2024-09-02,1781600.0058068153,2006155.4516752656,780976.4154464895
2024-09-03,1751223.71996445,1979074.887914671,769617.4251564334
2024-09-04,1744384.282544456,1965064.2490494056,757257.1652610061
2024-09-05,1753145.980725414,1960897.4946299093,744481.5030455114
2024-09-06,1771424.1442344813,1962930.9652060217,732689.9209599023
2024-09-07,1792567.4592270174,1965220.8327211486,722873.4882225038
2024-09-08,1814023.7254275065,1966442.7677810243,714938.7338302244
2024-09-09,1823870.449276878,1963748.4919217788,709419.2891626841
2024-09-10,1822313.4977399718,1947069.188957368,704657.6993408668
2024-09-11,1781977.2412576012,1899037.784307831,702113.7048494762
2024-09-12,1740898.7139578843,1847354.3959698933,698026.84832543
2024-09-13,1729601.7153628047,1821602.217287661,692323.5465812918
2024-09-14,1643041.3559934678,1731451.848675836,691073.2578269588
2024-09-15,1598051.737262617,1682259.8740146877,685774.3897839342
2024-09-16,1585570.5820538595,1666559.1600274746,678692.8412731556
2024-09-17,1564243.329380654,1644813.4218088333,673195.2924319541
2024-09-18,1484938.2953958013,1565587.6035741037,669764.1412077466
2024-09-19,1458817.866631034,1539282.321594081,662841.3590285776
2024-09-20,1435289.2983416975,1517082.0804814426,655492.5783403548
2024-09-21,1419364.458738057,1502727.7398106281,649921.8071586514
2024-09-22,1399805.8598117472,1482075.2808887279,645336.2123079811
2024-09-23,1347897.1733847999,1424886.0988205217,642690.9615209809
2024-09-24,1299862.5517630694,1369978.970271396,637250.0266938832
2024-09-25,1258248.6953931758,1327836.7468134537,631401.2717016925
2024-09-26,1170935.8794737912,1250289.5952801816,625345.8433526949
2024-09-27,1086984.703526146,1206825.4125860175,620197.7644913328
2024-09-28,1072735.2076060614,1207069.1394338966,613927.349225686
2024-09-29,1036083.03582084,1172192.6688108724,605167.2604573907
2024-09-30,1031535.4140553144,1169239.4828274245,595655.9781215084
2024-10-01,1018118.6208532159,1145783.2135379356,586474.3708334423
2024-10-02,967451.699030089,1082904.699917562,574944.1976078491
2024-10-03,952819.7126816844,1057379.8634752312,561693.1253978583
2024-10-04,927942.4677711194,1019903.9155657329,549026.7239131973
2024-10-05,890629.8640953003,976667.5895109822,537511.1038172242
2024-10-06,869591.2412118161,943496.3565173193,526746.4904245918
2024-10-07,857128.9017789654,918818.8576411607,516426.77861531614
2024-10-08,838589.3574806593,881399.0328688773,507303.36267608416
2024-10-09,809867.3613203823,848009.4938215022,498264.8188302529
2024-10-10,799556.5127829824,826398.4188183793,489861.75133113045
2024-10-11,795478.0472429208,814739.1934395122,481830.44025669544
2024-10-12,768218.0769431186,784060.0625781864,474762.57153979514
2024-10-13,772968.5206330852,777610.6048434892,468364.8884451606
2024-10-14,763564.735697177,751689.5964585759,462345.0247434602
2024-10-15,718574.6329491106,699634.6151589643,456397.6436115498
2024-10-16,694173.8976966484,661236.3073909561,449722.6793698243
2024-10-17,686848.8287952383,629215.0457527847,443267.9213454068
2024-10-18,682751.1782148519,602658.5492531048,438237.889144349
2024-10-19,615807.6299511397,528040.8528992856,431725.73326416797
2024-10-20,575689.8361871366,475659.029130404,425953.8392767134
2024-10-21,554440.047285399,442002.3303969044,421339.9850109965
2024-10-22,553046.1901064387,433265.68266866024,419277.0327745306
2024-10-23,568787.796093951,438448.3567395129,418509.42429227656
2024-10-24,591802.6634272905,452410.0851406911,418820.3633746345
2024-10-25,614758.6052652256,470312.67753736215,419367.01395492867
2024-10-26,608743.8506694186,465257.6846465812,418953.28147812956
2024-10-27,598227.1692604262,457419.66403816565,418166.9754775974
2024-10-28,576879.8910059157,440365.93551907095,416239.6546447115
2024-10-29,569280.5429338131,432917.3949925346,414009.5653784694
2024-10-30,579808.2997886165,437790.20495231624,411701.26840092026
2024-10-31,534414.8772655783,394859.6487237183,407865.33791798336
2024-11-01,523255.0006844676,378103.3946855401,403799.0762510833
2024-11-02,492205.4787193298,346821.7101171859,399352.8947095256
2024-11-03,485124.6962583922,334669.17687945615,395667.55774544354
2024-11-04,491656.05163646635,333327.59734351793,392169.0532392457
2024-11-05,490939.25950125477,323514.4480324978,388191.4096499114
2024-11-06,500161.5563523175,329469.21222859254,385706.00818859163
2024-11-07,498387.1549317504,331599.7329781836,382813.85161756503
2024-11-08,496068.4068064923,334030.9182775235,379422.3849757835
2024-11-09,472264.0421371461,317161.6872659787,375285.165114129
2024-11-10,449437.42735805345,298848.12577389664,370890.7556696375
2024-11-11,434485.4962758161,288144.96639198926,365788.0395307309
2024-11-12,426739.28315811453,280069.37140020577,361114.61074524996
2024-11-13,414901.7555289402,264268.7742573393,355568.659483204
2024-11-14,399132.5448308474,244202.5878449398,349884.5319173061
2024-11-15,395480.349881715,237505.60384073397,345485.45618157496
2024-11-16,399794.795864997,238494.0592125248,341239.72538010846
2024-11-17,367441.4267414319,210749.16157425215,335536.7628074369
2024-11-18,354553.380219497,202053.96853704687,330684.94439888274
2024-11-19,352339.06853474496,201949.4816660907,326184.9075660056
2024-11-20,339703.5555496002,192728.69491120052,320659.84549606324
2024-11-21,328397.1670984304,185091.23120402428,315753.0971113472
2024-11-22,319948.89098373835,181713.91507661444,311465.6190786946
2024-11-23,306912.6245191919,173713.14766184182,306482.37009130727
2024-11-24,298964.0795764921,170757.26950580938,302255.69718880794
2024-11-25,289294.28538117517,165444.77771530315,297902.7868921699
2024-11-26,284665.30505940097,164664.86713078147,293508.70628426014
2024-11-27,285344.71280093456,171034.74387808738,289118.10910040874
2024-11-28,281696.38503424916,172347.71485694038,284629.8686949161
2024-11-29,279331.09751204785,174116.4195452638,279987.88195231184
2024-11-30,271662.90532231267,170471.15599471884,275247.83890531614
2024-12-01,261655.78375694106,165052.8324252944,270361.9592716581
2024-12-02,263162.7479242516,168499.62495345442,265607.36655285413
2024-12-03,260112.13938307608,168685.72716858517,260923.84415236037
2024-12-04,262583.93500114133,174109.4660512817,256031.26730027315
2024-12-05,261727.40131442092,177858.48510214762,250914.58506942482
2024-12-06,246704.25901153902,167073.33528832276,245646.32966072622
2024-12-07,230350.06764898746,154164.80840991685,239863.93430112206
2024-12-08,218226.82605805082,143934.6580910986,234098.543515512
2024-12-09,219394.59640181847,147787.74680566683,228732.3353176496
2024-12-10,218466.93877320454,152826.2016604474,223424.52551652552
2024-12-11,214825.995426194,153059.3927587709,217644.57560369582
2024-12-12,211568.91324206314,152136.47577539965,211553.77211229116
2024-12-13,190570.67820519532,130621.16129104898,205348.46272517115
2024-12-14,167110.95123417242,105585.8348652791,198589.23229481498
2024-12-15,153204.67218502297,88604.2296837343,192413.6010012309
2024-12-16,151586.4839388002,85266.99034190242,187131.18882163722
2024-12-17,139863.49241551774,75292.43677143886,182111.4774769634
2024-12-18,127111.39635571532,62415.50520070059,177250.15634225841
2024-12-19,129577.434984155,65568.7635071134,173273.05839266197
2024-12-20,119561.17003790505,58535.61450293998,169471.1713990077
2024-12-21,110946.2784113696,52703.58895113272,165980.20632962428
2024-12-22,103675.85058923728,48276.040340494736,162584.13513522883
2024-12-23,97720.39597772538,44201.75600245908,159297.12739334346
2024-12-24,102053.71936618621,51462.79786091977,156353.54568553861
2024-12-25,104163.9258496594,56316.47563659085,153743.1736491705
2024-12-26,95658.24907627661,49163.70380640044,150589.24588749174
2024-12-27,93421.44762431998,49657.52277905219,147770.86797026877
2024-12-28,90072.06027942758,49756.552559423406,145038.7278123562
2024-12-29,87183.72328719869,49497.4517644124,142435.38816481867
2024-12-30,81956.06363787926,47188.39078597992,139949.2960014799
2024-12-31,80563.83863023124,48580.18546533001,137522.6517647266
2025-01-01,82684.22692866347,52452.21616948933,134994.87760642133
2025-01-02,82311.62396439599,53502.6791150144,132601.9539427473
2025-01-03,75763.35571093335,48454.461666502,130175.53534716308
2025-01-04,70531.03861088556,44886.40118150706,127715.17299902649
2025-01-05,67014.6507527119,42955.75997038582,125393.42090053459
2025-01-06,69500.97606911426,46805.32574332294,123283.6219087595
2025-01-07,77181.32239673907,55581.20467155144,121259.21626137095
2025-01-08,76501.37299881609,57407.41840839143,119176.91836398034
2025-01-09,86340.65339777869,66098.80467161154,117158.44906046931
2025-01-10,96992.84944102762,74219.8568965497,114969.15737095843
2025-01-11,104230.62321698392,79362.7222125271,112862.40360171361
2025-01-12,115746.33384356379,88614.3242327071,110800.19211558353
2025-01-13,127033.66520873793,99858.16058032292,108691.03136524696
2025-01-14,131588.39002333643,106697.10811401268,106615.98871445659
2025-01-15,141912.59489559106,120213.31115752498,104571.69590878602
2025-01-16,153525.43646347555,136622.37169570435,102579.15923083275
2025-01-17,162046.3698888607,149299.7167236572,100756.5560441324
2025-01-18,176604.28804185925,169020.0910742274,99146.6077881117
2025-01-19,190799.31628254612,190474.98146947564,97682.93708025609
2025-01-20,206016.04183725803,213517.40615888272,96437.76547628065
2025-01-21,214462.0678399279,230082.5520757531,95246.26414441032
2025-01-22,227542.36206180978,250216.78901303385,94236.77635076137
2025-01-23,227021.95966197096,256434.36260225647,93034.3477927265
2025-01-24,225246.55119593546,259165.74210088915,91516.61874108914
2025-01-25,242383.3393588658,278925.7314479535,89917.40590305596
2025-01-26,260306.09847162952,296054.5116784615,88357.62658850613
2025-01-27,278967.691615372,311914.9239217815,86988.06269330785
2025-01-28,298441.45029788144,326104.42998477945,85770.82212283023
2025-01-29,317077.67630076094,337067.48582670814,84825.91385799117
2025-01-30,326160.77012254624,338416.7126008278,84323.80357697398
2025-01-31,285473.6486249374,291257.81419982505,83561.65956452122
2025-02-01,245506.28187917857,235666.61811025764,82545.61337374958
2025-02-02,232672.95828141848,214849.9545933758,81862.16913265106
2025-02-03,219423.5664721809,193609.58694107865,81325.07098115947
2025-02-04,204734.61124342418,169017.53390019824,80682.58439113524
2025-02-05,207771.21729208453,170817.41856465704,80304.95729372528
2025-02-06,210526.51604197256,180840.79133916702,80436.87615108686
2025-02-07,224821.79598362473,204505.22356967116,80873.02865204554
2025-02-08,242926.75129018218,228263.74042447237,81739.00746096432
2025-02-09,259799.9880683574,250633.32184723835,82718.61237154221
2025-02-10,287441.75389505335,279328.047700602,83687.43945364827
2025-02-11,313919.70520719106,305144.4655725856,84565.77865824375
2025-02-12,347488.3190311171,338832.52516479895,85671.25359701164
2025-02-13,380899.0578241753,370835.98508995934,86951.25966707965
2025-02-14,400457.59475031483,388688.15427867137,88402.55709230491
2025-02-15,424537.34047825716,416104.9512463017,90328.6877786528
2025-02-16,382926.19305153226,380628.3937910219,91841.03715808647
2025-02-17,350977.3750341091,343191.90317748074,92521.6271736599
2025-02-18,349473.3775987288,344313.0606533075,93306.5552694503
2025-02-19,340109.57227019646,330720.58470616135,93826.79162551805
2025-02-20,315764.2468946372,290034.8195216012,94017.1550213495
2025-02-21,310554.3729652249,283921.04835065664,94373.64744258195
2025-02-22,282167.44234052685,236735.35512193263,94038.36517901561
2025-02-23,264047.9794125418,205512.74081326945,93254.19975528175
2025-02-24,262673.4298929225,203883.37220207287,93051.48605132168
2025-02-25,253725.04053193267,185166.31494921254,92651.46378622828
2025-02-26,261134.37051292945,190017.15151802322,93081.79681334566
2025-02-27,284121.3749896825,217644.64404222337,94199.06598486894
2025-02-28,294166.33136723784,228464.86078352522,95478.60418294903
2025-03-01,338857.73217910057,282275.53588759736,97406.9509714702
2025-03-02,377354.23289129697,327298.8499342784,99970.87438083343
2025-03-03,415874.1957696386,377062.7516002098,103148.59276933224
2025-03-04,456538.96993816376,426744.62410109135,106389.15395387412
2025-03-05,457321.7676047873,442041.2493244579,109662.73406766904
2025-03-06,522456.9602404427,518570.5706033915,112522.50598713028
2025-03-07,605417.0278277295,614565.5638031806,116018.1128700579
2025-03-08,624309.8498411229,659014.8750999738,121137.06091138082
2025-03-09,584239.4747860653,639294.3613263532,126489.05515992237
2025-03-10,557812.4792018537,614569.1480019664,130034.28062293273
2025-03-11,567807.4392088676,628748.0655710202,132584.64481906214
2025-03-12,551311.6343750539,604915.7829252233,135138.72056814237
2025-03-13,542552.8248631647,592481.1386304075,137255.92082177315
2025-03-14,577647.7735774791,633562.72768585,139752.26342823973
2025-03-15,602777.1717475608,658934.2880525584,142907.92624811444
2025-03-16,605818.6213168864,667688.4344143616,146448.13912738152
2025-03-17,635871.5427977941,708440.9813494232,150144.2145608313
2025-03-18,701589.8730214215,789690.1576120735,153977.9723815438
2025-03-19,767958.0907890529,877895.0075344995,158861.2429964055
2025-03-20,758249.7303477795,885123.9208449482,165387.39340423868
2025-03-21,751398.5455105512,895596.8312456012,171750.2341587641
2025-03-22,771593.2449802051,935026.9810214608,177476.74516424868
2025-03-23,803888.034457182,988253.8393480866,183785.7402059885
2025-03-24,766002.262940462,937320.9880670661,191470.69084281335
2025-03-25,747155.5981135844,896987.3880357392,196602.9883661001
2025-03-26,781438.518699574,932494.8917555169,200381.0392466201
2025-03-27,833291.9663195007,979878.8303098981,204579.5183064393
2025-03-28,879809.8660041904,1018075.6533130987,209881.04644839425
2025-03-29,881736.8040178178,1008200.7684206786,216632.49904167402
2025-03-30,909609.6797903279,1020871.8296156419,222275.842924406
2025-03-31,1008642.4429063831,1118100.6719079958,226856.0150715784
2025-04-01,1119178.8492386108,1237458.497604489,233374.2742461372
2025-04-02,1234085.738539318,1385257.9582540896,241791.28555686114
2025-04-03,1348453.7481092908,1567087.366494382,252502.49978392094
2025-04-04,1481855.270867432,1809443.6418215665,264906.27205138083
2025-04-05,1601472.782595787,2078670.7884212753,280109.24659349275
2025-04-06,1692264.244429643,2362755.4371476574,298222.75212828326
2025-04-07,1684579.370328786,2498774.1124227224,321369.72569545003
2025-04-08,1697253.5949243845,2610089.8400269076,340811.6307040378
2025-04-09,1714643.864054441,2681387.7299002935,356863.26546761947
2025-04-10,1785042.9963208563,2828856.873582831,367345.4473001113
2025-04-11,1807290.8810524703,2829581.7612135415,381528.07626594487
2025-04-12,1875026.7996867087,2914508.203135065,390388.3761419262
2025-04-13,1973032.0384395982,3053183.942336715,399635.0717576875
2025-04-14,2071657.1971574526,3190333.4387872736,410660.0973862864
2025-04-15,2156191.9879073305,3279789.4914198597,422866.862946715
2025-04-16,2265963.1645717113,3396445.5734733124,432844.9077889525
2025-04-17,2376726.654639838,3562923.897237641,443353.32810580556
2025-04-18,2480731.2631810717,3755759.637067931,455050.24981854204
2025-04-19,2570182.4310011268,3904880.8927570493,468203.1120609637
2025-04-20,2657271.0255003283,4046948.8961260268,480579.74811649544
2025-04-21,2702855.6697480814,4092073.414002779,494920.34499280906
2025-04-22,2793116.961194902,4241172.307720413,501720.4494086697
2025-04-23,2887137.6109101977,4414903.601555144,509162.63571171113
2025-04-24,2975203.11319892,4576868.45636856,518191.94943864696
2025-04-25,3053441.0395515915,4663206.59496917,528193.3382258196
2025-04-26,3134703.934079651,4660718.759215673,536962.5131699103
2025-04-27,3230680.300639372,4638439.481790522,543368.1637806455
2025-04-28,3304307.4690829655,4573445.131290763,552717.4595864018
2025-04-29,3272170.678433212,4207559.460021792,565886.8847905941
2025-04-30,3282662.7021421986,3934635.009398451,566189.856814343
2025-05-01,3301260.9521177607,3717595.201967283,567028.4641768057
2025-05-02,3316802.3065070845,3511324.3278574455,569899.1592644551
2025-05-03,3293095.6873409785,3246813.5360975186,576512.7484334686
2025-05-04,3275507.8193647964,3028828.437522294,580766.660595704
2025-05-05,3294065.945832439,2897346.8881167523,585547.1954837916
2025-05-06,3316819.667349237,2788352.980509777,591381.6785977501
2025-05-07,3299213.6307929447,2651235.284516382,599192.3553599071
2025-05-08,3284887.7042988758,2549457.3076122357,606251.1387237245
2025-05-09,3288604.077259662,2474030.43476862,614143.073427289
2025-05-10,3248747.2490346394,2363560.270119503,623612.8189236318
2025-05-11,3152040.143479643,2221906.7211395116,635000.6119053713
2025-05-12,3080926.5362602477,2111928.1907452,644703.4343475061
2025-05-13,3105286.4419959644,2088757.709586863,653681.0511443329
2025-05-14,3126465.4930812744,2073155.967277525,666909.6851346716
2025-05-15,3099457.310450791,2023665.3007162353,682622.4701890096
2025-05-16,2926643.6335660424,1859729.3764341827,702909.6996717331
2025-05-17,2713435.5357221044,1653450.1367660693,719866.5390308724
2025-05-18,2586283.6974222474,1544665.3042108854,728889.6950682435
2025-05-19,2586723.56918298,1568670.7557098647,735500.0867773134
2025-05-20,2525912.1594584635,1527386.5534745776,748827.5606468515
2025-05-21,2531216.44567848,1542679.5553024192,758775.1500016642
2025-05-22,2656457.776914851,1631721.8973786293,765508.0716872251
2025-05-23,2808492.776017277,1723266.512392629,774702.7558717099
2025-05-24,2912957.978790924,1782000.2937353915,787534.1740278131
2025-05-25,3018084.144836977,1844059.8482026998,801525.7610133763
2025-05-26,3030743.669636405,1844874.0463366003,821211.5717139931
2025-05-27,3038681.8015260375,1841681.3893373972,841462.3071857768
2025-05-28,3104316.0704074353,1881471.8853350542,858160.5905630495
2025-05-29,3160869.038618816,1928415.5766261588,878747.1523947079
2025-05-30,3174157.773291725,1943946.7881539303,901390.9697251315
2025-05-31,3172595.4105892885,1950053.0911510305,923969.8147643598
2025-06-01,3119093.045038119,1939857.7717999127,944949.1281800272
2025-06-02,3201268.0117161213,2032930.978480461,956973.0199978206
2025-06-03,3327372.142592454,2144282.918794972,967546.6898119454
2025-06-04,3469098.713462137,2260485.2648161678,976807.9167554501
2025-06-05,3616430.237749777,2380841.7872018116,985062.3145876132
2025-06-06,3774834.100145189,2501362.763734755,992580.3957089857
2025-06-07,3916492.301861353,2624587.0292224237,999713.9859354388
2025-06-08,4037704.428523474,2764887.259279955,1010853.7823811471
2025-06-09,4123015.199981001,2906624.172816798,1024771.2438449638
2025-06-10,4210175.531941421,3050098.2742635417,1037460.417313154
2025-06-11,4269295.909585469,3191985.295242775,1054874.2325678773
2025-06-12,4280907.5295707155,3308084.801411687,1079767.0036189742
2025-06-13,4246546.085007361,3369871.077546167,1107246.1500143865
2025-06-14,4241610.492523076,3434466.7116469084,1131199.1869366348
2025-06-15,4231662.452933335,3491464.2127766823,1153173.5132844006
2025-06-16,4213589.6967512,3540165.2261059205,1173956.1650800738
2025-06-17,4165991.9431620287,3538971.159488054,1195024.4811671714
2025-06-18,4112314.2821530425,3497313.5202425434,1210021.8524951267
2025-06-19,4065385.03873305,3438464.6973795863,1217390.996462778
2025-06-20,4027180.453099755,3395155.660369319,1220532.4386877443
2025-06-21,3901508.3216976672,3257915.8080513244,1230016.588969903
2025-06-22,3776336.6738831,3106792.9002891355,1229067.8309538062
2025-06-23,3663311.750563387,2967085.0932511534,1219801.5311352657
2025-06-24,3602357.0664658756,2892335.5647843257,1206231.6787801667
2025-06-25,3506778.7387861256,2789204.3727199305,1199766.7161098295
2025-06-26,3398561.640975021,2671068.580109043,1196582.2154734028
2025-06-27,3215850.1498474153,2485332.6625964683,1197841.7587835242
2025-06-28,3085283.747273905,2377143.666535748,1194366.5683440052
2025-06-29,3073881.968792251,2402596.7284919084,1183421.2719521716
2025-06-30,3111123.5454859724,2470983.3338136803,1175050.4807274546
2025-07-01,3163545.56291167,2552242.0196742774,1170759.2576332057
2025-07-02,3223572.8220196683,2640583.478753601,1166522.2239576785
2025-07-03,3284069.7134903218,2736505.7370349206,1160424.5289068485
2025-07-04,3355333.023125052,2838871.0204216223,1153103.0285757682
2025-07-05,3430347.6445409907,2940771.3702062946,1147122.3327670968
2025-07-06,3484877.675158433,3027909.1090686806,1143795.2662255543
2025-07-07,3527169.769837711,3105455.2042128304,1141933.5187021394
2025-07-08,3519596.4244649885,3147159.6065275404,1141324.0252458837
2025-07-09,3377082.168222892,3062650.3450442264,1148280.6609008126
2025-07-10,3214147.170349187,2934500.1679067183,1148389.232917753
2025-07-11,3170839.7286039433,2900852.5148724155,1133871.9158729757
2025-07-12,3134606.7622420127,2874699.9867868805,1121040.9125652572
2025-07-13,3122283.2513532694,2871411.0432636086,1108971.725556151
2025-07-14,3143580.5985231395,2899824.9047420006,1096145.2664828703
2025-07-15,3172016.123047209,2927851.016637505,1083914.3847472852
2025-07-16,3236964.2480915003,2984964.3507246375,1071985.6350066643
2025-07-17,3311012.7618063423,3047049.525834051,1063482.3639980971
2025-07-18,3376410.1834740844,3104930.924309125,1059137.412600067
2025-07-19,3376594.660202291,3107089.86174372,1057323.9619730827
2025-07-20,3402859.8395490926,3135583.3599678213,1052545.920173318
2025-07-21,3408113.741751603,3158652.0862398082,1051164.0115556428
2025-07-22,3387997.3629061524,3175484.5287386877,1055442.0973189722
2025-07-23,3362649.651425989,3183098.518849408,1062737.729992169
2025-07-24,3338041.6383558963,3181958.2859967817,1071604.2208137214
2025-07-25,3304970.01293331,3161819.3750119605,1077152.1625948437
2025-07-26,3249728.7330745426,3112880.635024052,1079153.4963140495
2025-07-27,3233893.708144065,3097816.1005802965,1078555.969256785
2025-07-28,3235307.715884639,3097581.31432829,1076884.3850174202
2025-07-29,3248121.511256621,3107866.6137888813,1076154.0866551532
2025-07-30,3257835.422919215,3113345.893998051,1074004.174870356
2025-07-31,3243431.2022374338,3092982.274266013,1069140.899052673
2025-08-01,3224984.266731597,3065647.797005767,1061456.7301399054
2025-08-02,3209717.124465097,3039789.153917961,1051568.9540958176
2025-08-03,3181329.618988568,3004913.454608881,1040530.3693314667
2025-08-04,3134226.384143717,2957816.1213361393,1028557.7045052715
2025-08-05,3074352.234431912,2915460.716647117,1017905.9222703557
2025-08-06,2948609.8767550904,2831400.8187126145,1018801.7146588906
2025-08-07,2834882.3379097236,2751005.715898887,1015054.2027231705
2025-08-08,2792685.8288857043,2730937.7170134773,1004548.0132252977
2025-08-09,2739898.0257128193,2702761.3827842847,998805.0742344876
2025-08-10,2695523.0005692528,2687931.409847618,994068.6945708068
2025-08-11,2672290.1498896517,2691090.062217407,990722.1355735929
2025-08-12,2680300.263273279,2709368.359391911,986909.5731579509
2025-08-13,2697192.688526303,2731043.9758975273,982932.4510574626
2025-08-14,2690064.7864405545,2740071.511386387,980138.5854468094
2025-08-15,2593461.3825925654,2654984.7745799664,985399.2566267133
2025-08-16,2415357.251155249,2479179.762142276,989086.9978034351
2025-08-17,2365080.0400638254,2425456.9302964155,971194.2416618965
2025-08-18,2368276.4051443725,2411484.395939485,950525.5287119914
2025-08-19,2375434.821387471,2397397.2313106298,934712.196515796
2025-08-20,2368326.255518444,2370062.8626875905,922849.8174571532
2025-08-21,2375334.3850148055,2373348.316896265,913973.1938324063
2025-08-22,2364346.3467244837,2371152.9467306626,910177.1530591961
2025-08-23,2354112.7972180247,2375437.8392645875,907110.9403189875
2025-08-24,2347976.717964527,2381157.5472193714,903043.5820269308
2025-08-25,2348251.45442756,2389399.4855050836,896798.3680656704
2025-08-26,2349941.313207295,2402497.2102304297,890194.7028875623
2025-08-27,2352073.5981672993,2413860.973144686,884768.7218283479
2025-08-28,2348591.1183186276,2412597.994610563,881671.0486872961
2025-08-29,2318864.259060897,2378492.91191109,877814.3349906108
2025-08-30,2303091.0719912946,2362645.1292021824,870612.9164145719
2025-08-31,2276186.2304595,2334314.408049575,863023.037929447
2025-09-01,2246666.2857858515,2302577.9329360984,853537.1084730971
2025-09-02,2229961.497196807,2280575.3684831257,842409.7741369343
2025-09-03,2207962.7979248166,2255646.018873006,831788.6557159692
2025-09-04,2166312.9755407795,2224465.495987522,821952.0813359088
2025-09-05,2117946.189179438,2191293.003821386,813443.7936937792
2025-09-06,2062244.8179698335,2156138.164711638,807156.0881072968
2025-09-07,1991597.8046273573,2108538.1601309176,803742.3769205188
2025-09-08,1908785.422315346,2050291.4208405484,801547.4580703381
2025-09-09,1853855.8648443548,2018049.5888896694,796946.9179428166
2025-09-10,1809042.3968048599,1995598.0298896004,790600.9410637312
2025-09-11,1774728.6738433074,1981778.4858120214,784659.3327036778
2025-09-12,1747069.403809044,1969193.4637869936,779356.8839541769
2025-09-13,1723768.3301184727,1952108.481155992,774173.4179253572
2025-09-14,1687656.2347814583,1918051.3473968403,770979.1322451759
2025-09-15,1612552.8361850602,1840041.5245626487,767191.9920386102
2025-09-16,1601735.9442733666,1831872.4877375388,755021.2451502257
2025-09-17,1597943.4711190003,1822612.652843773,743907.0276309913
2025-09-18,1580324.737027543,1802047.2714764136,734542.4162140583
2025-09-19,1564227.291947544,1781980.6255750973,724095.2080698116
2025-09-20,1548410.6775349171,1754716.769267848,713392.2842262338
2025-09-21,1495584.6804874341,1696309.39637781,704799.9236381691
2025-09-22,1476256.3860429425,1670879.1996056284,694185.3282092881
2025-09-23,1463303.962830972,1647290.0600407417,683019.1451088155
2025-09-24,1450471.5649495479,1621224.0519605237,671677.5135203394
2025-09-25,1427226.3029766646,1585536.0694661185,660318.9427071678
2025-09-26,1387473.0807410842,1536158.8864035164,650123.3382381978
2025-09-27,1343936.7011306363,1484686.8006203896,642400.9717755609
2025-09-28,1290874.659627717,1422615.5668159607,635859.5933361534
2025-09-29,1243627.5754485,1372138.2027560591,628235.2524879954
2025-09-30,1159677.4346091491,1290184.7209907004,620372.9915698289
2025-10-01,1109805.240477487,1234724.620420605,611661.9530528091
2025-10-02,1059566.3168242802,1172820.95689693,604688.9377267946
2025-10-03,1021080.9240701436,1127486.0154131711,596676.664851488
2025-10-04,993929.4412830459,1096538.090942869,587984.3294694322
2025-10-05,966948.3833359395,1073355.405677868,578833.7678545762
2025-10-06,958111.7324185029,1061408.849489715,569869.4013286352
2025-10-07,947373.5086643229,1042405.3898336794,560337.5476676447
2025-10-08,928822.6301051338,1010321.4465354639,549552.032440578
2025-10-09,907109.0062082165,976975.9644605538,538758.9961223346
2025-10-10,868594.4335371143,927934.1333924155,527489.1209148203
2025-10-11,803193.8907081088,850527.9502969064,515652.7048594226
2025-10-12,752002.9875890588,797214.592347214,503553.40263591363
2025-10-13,721869.5547575114,755096.725010969,491671.72475511825
2025-10-14,718981.585849949,743255.0555055242,482042.83317033696
2025-10-15,721939.0472242356,738207.5179044089,474164.43843932624
2025-10-16,726451.2945753125,733444.5294678964,467512.11911196366
2025-10-17,715156.4172024883,711041.7240201901,461097.5142364091
2025-10-18,719980.5736330006,696923.0930919242,455635.7207807638
2025-10-19,643953.3103597538,617345.7149858963,448171.7001377921
2025-10-20,618888.2590851183,578839.0294987984,441439.2389172645
2025-10-21,610007.4713547755,551407.0493086658,435129.25694612117
2025-10-22,621079.0782273342,541714.1543060152,429644.23685470026
2025-10-23,606899.762337352,513344.63923900004,425391.71313737216
2025-10-24,580863.697901235,474136.21139724855,420833.7140765446
2025-10-25,544103.7776097954,428978.56280088547,415868.982161618
2025-10-26,517134.9158848652,391999.88605497434,411064.1456337702
2025-10-27,509564.8374019368,376683.2021381947,408298.1262493576
2025-10-28,516590.96318740776,374584.67014659545,406403.18185493
2025-10-29,497164.92020310264,351796.8287346342,403520.73031997273
2025-10-30,509967.76795481966,361746.49719334836,402891.2739920605
2025-10-31,516503.98545159295,369080.72364971566,401848.925101841
2025-11-01,482989.55703468254,339665.1138099398,399387.31212491414
2025-11-02,484942.7502829685,337991.28327355586,397529.1906148847
2025-11-03,493947.1193464097,342962.73750770534,395748.3424966022
2025-11-04,501056.59212002135,346919.070977289,393320.32101428264
2025-11-05,515659.3716978519,355086.4809326803,390717.8146322928
2025-11-06,484985.88671237935,325518.57281222695,387180.82033783844
2025-11-07,457877.92511710315,301258.6711665108,383060.5358129692
2025-11-08,455422.91685182904,296171.3762957834,380037.5739864792
2025-11-09,459933.5304783468,296993.0772420643,377252.2860404018
2025-11-10,463529.08097528986,300070.4542699707,374759.7508663107
2025-11-11,466185.68895612034,305479.8772039426,372383.4890011312
2025-11-12,469602.9971820716,313809.60694127926,369694.6261930495
2025-11-13,439424.6154575498,291551.81589921046,366370.08618225454
2025-11-14,412773.2659863371,269775.9713146958,362435.9551615983
2025-11-15,390069.4380118397,251450.64513130643,358187.7474702945
2025-11-16,377411.9489042496,240281.55570815667,353619.57396564406
2025-11-17,366884.5097007451,231388.07277731528,349172.6677874744
2025-11-18,359241.35138252255,224487.3836008353,344902.0255515391
2025-11-19,361419.78914450854,226471.38984066952,339894.4099573965
2025-11-20,364517.2604011882,231152.31169926087,334725.27209916187
2025-11-21,359089.0262675387,230031.4458734739,329853.26441045554
2025-11-22,334458.9721675313,211323.77661291463,324355.4297507961
2025-11-23,312799.92383947404,194651.0126985937,318659.9434136069
2025-11-24,308692.212265001,193275.04478907058,313308.7239039552
2025-11-25,292328.0764506401,182952.97853472558,308004.9419010278
2025-11-26,269680.5213075698,164669.00736455107,302183.88721098733
2025-11-27,261433.12707682594,160691.65004662215,296798.3048665788
2025-11-28,247402.4825776899,150602.86158372826,291147.9305787996
2025-11-29,252006.2791985165,158314.46170902523,285989.2121249656
2025-11-30,250687.39070358762,161633.5910975645,280767.90733564977
2025-12-01,255209.03916667151,169899.65448760992,275657.86978314695
2025-12-02,245248.05436709794,164364.5001128728,270192.23016290023
2025-12-03,243002.95052419606,162814.964124543,264468.4335322083
2025-12-04,231107.32466647986,152059.42539328823,258426.7077295645
2025-12-05,210274.9235377811,132274.71037733898,251979.10144547836
2025-12-06,202721.3701032427,124572.28606314979,245619.05685769432
2025-12-07,202237.31327686697,122198.31446032062,240303.1985469913
2025-12-08,196750.9730715207,116723.12086211299,235086.9728305062
2025-12-09,183640.51204849867,103687.18937820496,229872.8061378757
2025-12-10,178392.9396818445,98857.46180145358,225134.48738978064
2025-12-11,166600.19338812638,86699.08259256248,220556.70905757358
2025-12-12,158737.21054807657,81137.60197465337,216494.79543707753
2025-12-13,151008.7711688702,77577.58381848308,212479.8679724032
2025-12-14,145980.2329107062,76803.40757366354,208605.87984656726
2025-12-15,138436.90333392014,67947.5065638466,204411.87890189738
2025-12-16,137693.091378577,67276.00503585344,200322.6046394489
2025-12-17,133441.56828024142,63879.42006389758,196211.15733296645
2025-12-18,132449.89412696907,66121.06964990418,192588.3991160502
2025-12-19,124024.89234663564,59463.563557216185,188508.12937754978
2025-12-20,120553.13080028642,61252.62712428233,185132.05795429126
2025-12-21,117443.42858529973,62708.826705808606,181824.87098525462
2025-12-22,115078.18511516917,63853.29625078791,178798.1630839393
2025-12-23,110500.47537134464,61300.53722952935,175892.61786390346
2025-12-24,107478.38026064595,60807.28095904802,173063.69317447505
2025-12-25,100637.7195076512,56263.04074144087,170239.6814506369
2025-12-26,97882.5386333742,58074.24202109388,167377.9642311593
2025-12-27,96755.26806499566,61402.69436655187,164490.0682667147
2025-12-28,100644.84372376309,69020.4508118619,161803.34511022185
2025-12-29,99999.4377410219,71294.87999736346,158889.21707036227
2025-12-30,104911.04788026665,77765.53605074094,155766.5927340168
2025-12-31,109492.97677791028,82537.42999137366,152370.44197592832
