,IN,Phy,ON,Zoo
2023-01-01,80269627059507.52,377237990258.6307,751306978796.077,773253412276.9852
2023-01-02,80253325785448.94,382739206878.4016,743701981375.274,762387028804.2815
2023-01-03,80240521687386.1,390379403216.4271,735811601291.0063,749737134936.0874
2023-01-04,80265985484096.77,396879811236.1992,729383103031.1614,740637808776.5906
2023-01-05,80178846282791.39,406028524858.1531,722708685653.4983,730512691518.3901
2023-01-06,80040367946313.66,403007465528.56934,717977487920.1735,734761339700.9733
2023-01-07,79914217681059.31,398522922444.5983,714268755167.7615,739263508516.486
2023-01-08,79860090655633.16,392892695218.00116,710894944977.4675,741962494290.2112
2023-01-09,79838131674168.52,388610714980.97485,707814218534.7776,744123177685.9204
2023-01-10,79837405125678.16,388938500343.4887,705042084847.936,740781294765.4563
2023-01-11,79857000925476.47,399824060589.18787,702327107096.8032,723729374357.6869
2023-01-12,79817078053347.05,400462963582.8188,700231061723.5424,720308089740.1641
2023-01-13,79754462158659.27,393582711056.10864,704233221755.1814,724358439944.7418
2023-01-14,79736914950771.8,391666752539.14294,709755887092.0175,718592585311.3502
2023-01-15,79677920679915.44,402056230027.2812,708556080608.0706,699774933442.3683
2023-01-16,79627342306360.06,403241419529.8461,704417437927.3961,692540891817.4072
2023-01-17,79629475691660.25,404520317702.44586,700928248369.6804,687213454849.6575
2023-01-18,79592668554449.1,403406391073.72485,696842452893.2279,685909300424.7145
2023-01-19,79588305723859.4,409539931146.3711,693591734256.6298,676500563848.9609
2023-01-20,79569181657122.64,424089071309.12726,689258194245.5824,662623704970.4204
2023-01-21,79522448093526.84,432771255627.16656,683863383257.2567,656037872440.2144
2023-01-22,79489265052662.39,425114633172.78906,678284737777.0432,660080032751.6803
2023-01-23,79446011640321.42,436487743029.42786,672850937520.3448,649658653528.6698
2023-01-24,79399418364612.8,438425779966.9435,667121685247.3594,646394503882.7318
2023-01-25,79386031523559.77,432570585833.7384,661832120734.3926,647888218824.0527
2023-01-26,79366625970503.8,442228070293.0751,656683798476.3978,637236799001.2449
2023-01-27,79348610983408.28,441727929244.0476,651441601774.415,632413549921.7643
2023-01-28,79335431564124.19,452743847077.3224,647137409333.8097,619993735104.8722
2023-01-29,79339600365655.67,465660087125.8705,643829633029.1558,609134439078.3981
2023-01-30,79331261135490.2,483777565838.7271,641138541065.2527,596622346323.2573
2023-01-31,79326841466084.03,487811612362.4799,639382005327.2045,592929265148.4098
2023-02-01,79325134637786.75,477608866501.0144,637882169124.3416,597552308243.8206
2023-02-02,79296251016840.0,471421381503.7381,636731563780.6487,602396080314.1316
2023-02-03,79201488032248.02,468940562749.64624,636051560749.3845,607420460578.695
2023-02-04,79041305947500.02,460103414126.93317,635825165052.6315,618913637126.2067
2023-02-05,78941704582266.39,453081010919.85516,636608710321.1163,629640546509.2906
2023-02-06,78941736165078.05,451788990847.61584,638531670350.9414,634390899006.833
2023-02-07,78910051643125.75,446476075172.49994,641293404908.5208,643828940110.085
2023-02-08,78885607783410.78,454286990331.3943,644982509820.965,642464493170.9854
2023-02-09,78910100984016.81,471837114527.6992,647085869135.2018,635287391154.5529
2023-02-10,78914347879972.28,480312769484.2108,647582751341.9443,633866413282.1265
2023-02-11,78993009467309.38,490313468802.3124,648962537259.9469,627930650548.5594
2023-02-12,79074393791485.69,506161392044.86414,650278820876.883,617914314138.7998
2023-02-13,79189989476095.22,495920482157.70355,650815042443.9989,621504687405.5791
2023-02-14,79292008860917.0,500807900786.11865,651247825361.8385,619836435008.7863
2023-02-15,79328359679603.95,524052411502.40454,652214698527.7228,611956754907.5361
2023-02-16,79336664262177.89,535663355805.90686,653873789604.4202,610169774310.3185
2023-02-17,79383548248555.66,520618063049.62195,656155760917.5452,620682121419.0836
2023-02-18,79424257795269.69,528418717305.0563,658795837286.8644,622255640910.916
2023-02-19,79477551249628.1,528172856863.5544,662013952433.9385,627079227258.9309
2023-02-20,79549197102452.08,502431287636.2593,664509385688.22,642605401852.4591
2023-02-21,79614662442397.83,482606678395.85803,665393500744.8384,654051350751.191
2023-02-22,79685985713571.3,490803385315.58514,667514114327.2056,653886453330.6001
2023-02-23,79776692825908.88,486556699963.7904,667881333538.7117,658218470694.217
2023-02-24,79836720794256.53,504365269907.26746,667541000200.9169,650902808394.2302
2023-02-25,79859549180734.08,523014189814.40594,668712361226.5093,643385764363.4752
2023-02-26,79886634513083.3,509916938271.8235,669383266232.4257,648027857454.666
2023-02-27,79910288780900.36,521690325678.7279,671994996547.8423,642687128374.88
2023-02-28,79929478812051.64,511358462236.2497,674078475462.1061,647834882640.6442
2023-03-01,79955080818682.77,521006191406.886,677810836626.4933,646088160805.3357
2023-03-02,79931147383539.08,529710909904.2125,682214504615.498,647588148913.9268
2023-03-03,79876333283523.6,546659549901.1044,688465126965.8818,648182179392.038
2023-03-04,79813639041601.81,543081121456.78253,695047491610.0935,658143713398.0991
2023-03-05,79743975745275.73,531195134052.7163,699836901000.7,670261118132.0094
2023-03-06,79592723714538.2,554681780593.7375,705378105820.2441,668522328919.5193
2023-03-07,79406948762019.06,570921273332.9431,712187029210.0802,673135531280.7571
2023-03-08,79225862122708.75,596361903778.09,721130655260.0331,675763318155.5776
2023-03-09,79028015614989.12,632049301414.1183,732623131838.455,677033712704.043
2023-03-10,78848629000652.98,656454125004.6248,746174094484.6348,683415625504.0901
2023-03-11,78782722395699.42,667637225603.4219,762823973377.8625,692985959264.8306
2023-03-12,78756467458143.2,668194368981.4088,779606983722.2507,704297172515.2373
2023-03-13,78722127714082.33,648854987523.6674,794539815010.8661,718628535800.9814
2023-03-14,78703998779726.72,664987634836.0414,810516834640.0631,722104641870.2238
2023-03-15,78687892917079.83,676351155000.3938,826620575144.2166,728817421406.3142
2023-03-16,78711721373164.33,731237767884.9277,845735794764.5476,725767433262.5879
2023-03-17,78695899793342.66,802058407037.2476,868751234129.4083,724717280073.4062
2023-03-18,78627614513214.94,881092254027.566,897098062980.2986,729523884771.7593
2023-03-19,78477494350684.84,986765935182.4591,931971351766.8828,737337366498.8359
2023-03-20,78375242688177.3,1016649784586.0925,972621643780.6395,760670924537.7551
2023-03-21,78316678552086.75,1005740038216.5021,1015549691686.0457,789237262085.362
2023-03-22,78153821507510.92,1092514972180.1392,1062013751709.2905,807461161622.7234
2023-03-23,77974070040136.58,1175992391180.4766,1116707025415.5403,833283744783.5115
2023-03-24,77904245751490.17,1127428240954.0735,1175561531982.4353,874101659081.0465
2023-03-25,77838484604534.92,1091494936832.6078,1234498367007.0864,909769214655.074
2023-03-26,77705822803540.94,1117823379739.4749,1294244450772.9043,938430018833.4578
2023-03-27,77547418650167.75,1164446626325.0469,1358167828933.7378,968064864461.461
2023-03-28,77326989936853.56,1239048818590.0867,1427797272810.7412,999312404856.8995
2023-03-29,77081640653572.6,1306865643703.1597,1506989264016.2798,1038451952762.7161
2023-03-30,76816749457046.03,1357583068412.7717,1595284621284.456,1085539362372.4321
2023-03-31,76544727623923.42,1362994120684.143,1692272059480.8403,1140348196035.6904
2023-04-01,76405183764631.95,1199728069304.9514,1788691841772.6108,1200220591822.7876
2023-04-02,76204176657918.44,1132609383352.111,1879210281591.8062,1241851229035.2966
2023-04-03,76108379466189.55,1055258784916.6663,1959246351173.605,1272053070461.3706
2023-04-04,76043671923414.69,1023108680909.4514,2027666204015.5903,1288849462989.309
2023-04-05,75920625320210.28,1017226569314.7268,2088397853816.4143,1300642681609.5464
2023-04-06,75739684542902.98,949476909307.8848,2140385037463.5403,1316796487027.1885
2023-04-07,75553820408590.92,802388953901.6191,2177191144958.128,1336177006305.4895
2023-04-08,75307305612638.56,762343222446.435,2200856083181.842,1332255568487.9697
2023-04-09,75167879477764.84,660738626114.9124,2205247049326.249,1349489413498.4072
2023-04-10,75119536145887.83,600330953279.0995,2187385501702.225,1352640157080.9795
2023-04-11,75169881990752.45,581273748177.8124,2147336241901.6187,1339474297577.1162
2023-04-12,75321665509361.6,590562600227.4464,2098563651189.1907,1322221640333.938
2023-04-13,75449510653447.83,627119697586.6069,2049904024745.781,1296788144552.5383
2023-04-14,75571774167213.4,639780293934.5139,2004733162662.629,1284962272944.4666
2023-04-15,75591217234752.58,693810577340.6848,1970639231850.787,1262100880465.123
2023-04-16,75646590289685.0,651635762991.1777,1941499793490.1772,1284843413683.9297
2023-04-17,75639301847673.8,624396432470.7733,1913289117068.0618,1302061334631.1738
2023-04-18,75590792677565.34,610079654865.8799,1883227932800.6924,1319785688747.9404
2023-04-19,75590588597687.4,608011902578.018,1854869440831.703,1333926484534.963
2023-04-20,75567436541814.72,614294633984.0184,1828052869967.2808,1344793361341.1733
2023-04-21,75578210607228.56,577582485999.6619,1799064428707.2642,1385477188096.0293
2023-04-22,75698502458855.86,567413149751.4932,1769180206284.284,1394441762653.9502
2023-04-23,75844282242433.56,542976371879.3496,1736160564932.3174,1412700515098.4014
2023-04-24,75986756967545.06,526836763305.6139,1705690681929.7473,1426249164324.8223
2023-04-25,76067405326317.4,573231318669.948,1681221793988.3374,1396245554017.5679
2023-04-26,76095697449082.4,635758989060.4822,1666286698304.5044,1360536514424.4204
2023-04-27,76135673687458.86,683338199314.2822,1660525104040.813,1337960691643.7754
2023-04-28,76068039945294.28,805556298119.2654,1667890764999.0947,1290266210377.956
2023-04-29,75908561562928.8,957169002276.3679,1692526373949.4963,1252518320586.5273
2023-04-30,75695578957335.8,1100884297489.8926,1735916928932.8723,1236582503588.9438
2023-05-01,75611855383681.97,1122116179519.7063,1787678258000.2517,1257941849767.126
2023-05-02,75535062930344.98,1169139328810.6836,1840254451163.6348,1279550768960.8765
2023-05-03,75388337834680.58,1248653637954.403,1900823448828.768,1303520930713.1265
2023-05-04,75231401539262.19,1285008712123.483,1971507270219.815,1341697579931.3792
2023-05-05,75135378753487.3,1227857316622.1611,2047500016387.2412,1398788575528.498
2023-05-06,75197668089194.05,1036722139637.3198,2111427897689.933,1472926419784.0051
2023-05-07,75115686993121.02,996669835198.642,2161783797687.4019,1509868734865.6294
2023-05-08,74986339335314.02,997601691388.9514,2208348313557.0107,1534657276562.5007
2023-05-09,74899644746847.84,980091436068.8573,2251019790570.4956,1559699153360.0513
2023-05-10,74794652218786.55,995721342730.2078,2289250291055.6865,1572028059426.975
2023-05-11,74684719354674.94,1017750432368.0544,2325562849722.9727,1580418203623.6748
2023-05-12,74591198139468.02,1038909057718.4899,2359824886727.2256,1586552978845.2302
2023-05-13,74514705174745.22,1058945767536.7646,2393079130894.4263,1591152124997.1682
2023-05-14,74435301504784.36,1078758305225.0356,2424149061505.228,1595463400906.7654
2023-05-15,74340853259365.88,1099085146076.2139,2455031135119.121,1600803776526.332
2023-05-16,74227101897618.05,1114189088768.7817,2489705587002.677,1610035867305.1997
2023-05-17,74090292824032.95,1127529395031.4326,2529863176674.907,1623542989535.5269
2023-05-18,73951569753034.31,1136427352677.933,2571318333354.3696,1641207913055.8079
2023-05-19,73841666111572.97,1133774136210.3213,2611982304034.862,1661487609838.1812
2023-05-20,73745769042945.36,1123239563720.0334,2651905562312.1924,1681977086609.2915
2023-05-21,73693764725304.47,1088307501539.1127,2684929204600.898,1703686718630.2249
2023-05-22,73647845392582.58,1028832633648.7394,2710327059893.9927,1725646316528.877
2023-05-23,73584275503155.69,998679626793.7996,2724297234990.6836,1730631673047.5479
2023-05-24,73517197993214.12,1001917299350.7777,2729292872135.7573,1719278892171.8535
2023-05-25,73423843421396.53,1043265789206.843,2730604711764.5386,1692182656536.3457
2023-05-26,73311097021808.55,1093813169272.7446,2735745887594.1333,1661635035044.415
2023-05-27,73215027813477.95,1120043418971.2708,2744965980129.838,1637232281835.5652
2023-05-28,73113076415662.9,1149902043949.2717,2755444717165.6587,1612673257824.0693
2023-05-29,73009999165837.14,1185563455789.4392,2765581340639.899,1589615230993.2217
2023-05-30,72946150424716.45,1203564283198.6663,2771184660766.9443,1574163927491.7305
2023-05-31,72870978514842.89,1227331185164.3347,2778576579529.326,1565590209873.4233
2023-06-01,72801347231737.12,1231328358026.8203,2787241420656.6333,1570267036068.6262
2023-06-02,72732395933072.03,1230452173515.951,2795441084499.5264,1583755497939.6055
2023-06-03,72691209477380.64,1209275733382.6719,2802429808347.565,1605228654218.4238
2023-06-04,72663124577880.64,1187982656897.1882,2806184865614.6074,1629503902055.3179
2023-06-05,72629901654584.02,1179040937038.7388,2808245827625.368,1651623444053.127
2023-06-06,72593622697089.19,1183023238194.1929,2805723658364.037,1668087978878.2178
2023-06-07,72553797105089.84,1195940054532.9927,2803318008167.6426,1671154031651.0352
2023-06-08,72494685978496.73,1210727270651.4917,2808769186735.3145,1667048065457.0151
2023-06-09,72446233643811.53,1189559649030.6797,2820950265015.334,1668790232785.9382
2023-06-10,72558863623221.36,1022812764300.4681,2821077397222.7773,1697823264439.0557
2023-06-11,72693461658959.06,910243262421.97,2792383270404.675,1704040012259.9526
2023-06-12,72756692354928.22,913675269942.0082,2751572245365.3574,1673317928803.0818
2023-06-13,72822330517473.27,924462122092.972,2712702157392.238,1645204582761.024
2023-06-14,72903048423273.97,907514010899.6443,2679697613717.3936,1634572687208.3047
2023-06-15,72932934305302.98,928585042845.659,2651375109192.0615,1619178314907.317
2023-06-16,72974856659678.42,928553863058.6089,2628041098676.798,1613639927397.5193
2023-06-17,73055697257809.39,885154782463.8999,2604729352700.0884,1622105683023.2644
2023-06-18,73069525196824.06,895097464902.9607,2584311124339.9565,1616692381365.8662
2023-06-19,73070257911454.3,898706301517.0548,2567524435611.7637,1614353275454.7104
2023-06-20,73130092260700.88,846750553279.2034,2547571718629.0244,1628737178347.2214
2023-06-21,73152119852682.16,841739715610.5598,2524290850790.4326,1622364010426.4365
2023-06-22,73147223903727.5,859963095426.8196,2502814051198.372,1606181585373.5098
2023-06-23,73142797179715.72,880351569737.769,2482990439345.252,1588414366927.4417
2023-06-24,73145184169926.3,895359749371.3533,2467101343729.026,1571710344009.0366
2023-06-25,73130165068513.83,915767962708.7786,2456727537393.1074,1552836999682.8916
2023-06-26,73111807004113.97,934052275353.895,2449203752301.5493,1533525045193.644
2023-06-27,73097290595503.4,945207727348.9185,2444651323844.3486,1516957611861.8418
2023-06-28,73089381943178.86,950231747649.3748,2441607994742.669,1506053578923.8457
2023-06-29,73077571967988.31,957083806982.9431,2440548382439.489,1501712910129.1455
2023-06-30,73063361629743.98,958394407472.7489,2441415199614.6616,1506979971254.3164
2023-07-01,73038599423559.69,963846964314.6556,2443500597805.0786,1519099121618.4236
2023-07-02,73011451151348.16,970239009969.5037,2444692840371.7686,1536831090341.756
2023-07-03,72978742911078.98,982643153288.952,2445533399952.958,1554031409737.3655
2023-07-04,72946349646806.72,995289899413.4755,2446821862961.3584,1567983760144.899
2023-07-05,72918733723703.55,1005938844093.3157,2449614931260.1006,1575052707383.695
2023-07-06,72871114308713.06,1021306203778.8982,2456739984680.6973,1574754280466.7327
2023-07-07,72821538319591.36,1033448812582.3268,2465870797735.2383,1570349760759.7493
2023-07-08,72770419486511.61,1036581105107.4878,2476566404484.5933,1563308539014.914
2023-07-09,72711897548930.25,1039712510713.9509,2487995405602.169,1553867461036.915
2023-07-10,72664560994937.2,1038673415462.383,2496520387572.231,1544815674119.0796
2023-07-11,72630862911287.19,1032452939535.8545,2502654701653.793,1537338676229.3027
2023-07-12,72606435881239.2,1027152274642.1302,2506170779738.7095,1531217013466.3071
2023-07-13,72586023958165.95,1022102372664.1716,2509422388931.7056,1529266784343.8018
2023-07-14,72568797841943.56,1018436678267.7295,2511600347541.6343,1533128087414.622
2023-07-15,72565142009797.84,1006587468176.3054,2511020625871.3486,1542782157801.1113
2023-07-16,72584416799298.89,977672469407.9194,2508264139088.12,1558672268311.901
2023-07-17,72602036112771.0,949196368653.0322,2504029062316.2793,1574094971763.6538
2023-07-18,72611282706795.05,925665146808.6357,2498649305296.9736,1587110723650.2915
2023-07-19,72626134743797.7,909110835222.9639,2489237840467.369,1594844932215.9795
2023-07-20,72640854130958.47,897069953824.0692,2478278936803.5366,1596895849960.5325
2023-07-21,72664482454703.4,877432511369.7725,2467038574934.1045,1595681882185.981
2023-07-22,72687618211117.52,858331240442.0044,2454678731808.08,1589226246770.6685
2023-07-23,72714406445794.75,842437023262.0779,2439140751663.62,1577612306027.5168
2023-07-24,72767539257832.8,802942690733.2314,2421750926707.449,1572647105997.6292
2023-07-25,72889275394426.44,706639662183.8456,2396807057238.7246,1587240683117.3486
2023-07-26,72992674297004.6,673974631651.6398,2360778596447.69,1577984632854.1226
2023-07-27,73073243006809.86,679055471512.5271,2323968204729.384,1558628218657.3645
2023-07-28,73152867712983.27,683263582410.8978,2290492373887.08,1545798935298.9639
2023-07-29,73223704319835.98,681294431598.3877,2262691983163.723,1542349695651.8894
2023-07-30,73276631697029.08,677775106159.2712,2239517828289.533,1546367412547.5774
2023-07-31,73322613835055.45,673692127876.9856,2217266861847.666,1554001822159.8853
2023-08-01,73376338764568.33,667753784889.8046,2194505136404.1216,1563240038545.7356
2023-08-02,73445562483516.25,655826233827.1307,2171189453824.102,1574270253827.6328
2023-08-03,73527231542161.8,637728087456.5668,2146553500009.6355,1586793311714.0503
2023-08-04,73600682468600.72,627917232450.905,2122336492563.2563,1592061138082.4084
2023-08-05,73674130227410.69,617973478232.7645,2099272090340.4155,1593554906976.1755
2023-08-06,73775433769770.47,588198236715.0287,2074412775089.123,1600365940129.281
2023-08-07,73874710186836.38,562566598926.5151,2049159792401.2988,1601015360861.9204
2023-08-08,73954486816478.83,547783222606.0912,2026245581554.4473,1594281328090.8384
2023-08-09,74072655243252.23,504478891823.3622,2000245810295.3218,1603788258407.781
2023-08-10,74180928217798.98,488904730918.6443,1970815319604.3647,1597720565673.4702
2023-08-11,74272680742370.34,493118334515.1837,1943327453086.0664,1582791327804.7896
2023-08-12,74360453622541.31,495780867702.3574,1919067118949.2783,1572241756487.9766
2023-08-13,74444614404581.44,501480870315.02234,1897290944382.116,1562571357811.4119
2023-08-14,74532656683175.28,507257632897.7634,1876799920873.3936,1556123418721.7043
2023-08-15,74615452014510.31,515181556695.39246,1859185129408.2378,1549950752188.8164
2023-08-16,74682405978307.61,525463683673.87244,1845448616013.7705,1540996304549.4438
2023-08-17,74747524296392.69,535860833821.3048,1833096777819.7192,1528090899427.8718
2023-08-18,74817502424077.67,545206863678.0122,1821042511272.3762,1514563176362.1868
2023-08-19,74874846350391.94,558353561544.8137,1811370269901.6443,1498848024938.304
2023-08-20,74929742083561.77,576707866071.8665,1803380944243.526,1475773295582.7617
2023-08-21,74987278867820.19,594077848500.4435,1797804128989.2485,1451351871907.963
2023-08-22,75021854977064.39,619181587591.0894,1797634982680.1797,1423332638369.2944
2023-08-23,75029960905791.3,640126555738.1879,1805429080792.5693,1400762086037.0212
2023-08-24,75016957350665.95,663574083459.0815,1818347426287.9854,1379489776104.1948
2023-08-25,74979151502072.6,697823757365.8209,1835931290456.0146,1358329172164.572
2023-08-26,74974615083449.77,700691075587.7336,1853637654731.131,1351105489649.2534
2023-08-27,74915940733972.11,738786356216.7281,1874168745608.355,1338023086313.1816
2023-08-28,74849466996408.5,765391567517.7247,1898241204871.995,1335088737354.3154
2023-08-29,74824653429584.39,741598442939.9246,1920950985442.1702,1351599561209.578
2023-08-30,74850270413662.55,686203681416.6306,1930456250530.9258,1377403683157.4749
2023-08-31,74874795812807.58,662048227731.4038,1928573192116.2139,1392767735398.3472
2023-09-01,74933212320270.23,633634278786.8081,1917761806462.6096,1407898722168.138
2023-09-02,74970570316073.31,638428239044.3799,1904231913857.7178,1411047493140.9368
2023-09-03,75008387304074.5,640624971975.9751,1892075698807.4355,1412515961057.4546
2023-09-04,75059099266183.34,623242659061.5161,1881115939083.2954,1418619444814.4517
2023-09-05,75094385318696.92,615828887059.5183,1869989115091.6848,1416415152290.8584
2023-09-06,75115389986298.72,617230799402.7751,1860270341357.6719,1407012300818.3198
2023-09-07,75132911369223.9,615477359140.0033,1852686776594.1108,1398301622265.5085
2023-09-08,75145717418118.86,615261725972.8538,1846287961944.6724,1388392879673.4553
2023-09-09,75148583606118.7,622275986784.9998,1841762091981.6099,1376716392156.024
2023-09-10,75149000880751.94,628594992109.1433,1838492831327.5117,1367579063511.3223
2023-09-11,75186482973528.58,598970149061.4008,1834547386583.1099,1376280643554.044
2023-09-12,75240369194647.55,560264396495.4569,1825497258348.731,1391473818008.9055
2023-09-13,75332090913392.12,506446681078.8228,1807923722483.0452,1417892392818.2673
2023-09-14,75399487876536.42,503689098604.27673,1785044703257.0488,1416694622190.2593
2023-09-15,75474232043523.06,506529026352.2825,1761221025949.7305,1410773168855.2937
2023-09-16,75555925688530.31,506984665805.71014,1738562061778.542,1404985035746.6562
2023-09-17,75639540011746.64,499474916030.96924,1717845439723.5442,1404381680178.123
2023-09-18,75722717895505.8,485843760391.7938,1698730652524.7346,1408787769793.2861
2023-09-19,75796736710912.97,483894934157.91284,1680275494000.4688,1407669528457.8486
2023-09-20,75893147768504.12,461613925348.1659,1660091475374.255,1419232913061.4285
2023-09-21,75962792943758.44,465639052326.3247,1640678550174.1753,1412972102378.3728
2023-09-22,76019401389782.89,473655738459.9191,1624148987703.9966,1402080995052.3027
2023-09-23,76072873677396.14,473065492762.1118,1611469642631.0361,1395946656039.2344
2023-09-24,76164234777851.45,420484378679.08594,1596489355480.8225,1430535355758.792
2023-09-25,76154826726849.4,393918444583.13586,1579339218686.6802,1460789506659.6914
2023-09-26,76101606124232.83,359357646622.1128,1560703238865.109,1518331186844.2744
2023-09-27,76090477579315.38,344297051485.2046,1539512958077.1465,1554308393085.8293
2023-09-28,76135424880215.02,339173372955.2233,1516485866095.8198,1572226311664.0918
2023-09-29,76211656500709.4,355609096635.81946,1494500304314.0625,1556429290355.6113
2023-09-30,76306815056238.45,377999932451.97034,1473777241967.545,1526727164461.223
2023-10-01,76415121034330.9,396314176963.6,1456434203541.212,1501857410599.8022
2023-10-02,76528539500606.69,399576332430.70807,1442516271901.001,1491250791247.2454
2023-10-03,76683750711081.6,361103264907.07043,1426660754668.7832,1526857325921.6562
2023-10-04,76784339148940.34,373623081203.0177,1413008191534.3538,1500245841482.27
2023-10-05,76883549096924.36,376715190745.7141,1401706372512.0247,1483365535673.391
2023-10-06,76965288510223.61,390646963068.42224,1392213498905.101,1451743277499.1848
2023-10-07,77016078588584.53,406344507041.1351,1385041338864.1875,1418294776508.7854
2023-10-08,77019456847311.48,421860784493.6261,1382895172881.0059,1388406947198.8477
2023-10-09,76981048663071.08,422174530181.85376,1385756256557.3657,1378310765261.0828
2023-10-10,76953379753400.31,377618056280.23816,1385785595075.6206,1422360499212.7283
2023-10-11,76932490930986.12,349867437425.8687,1377682972340.8223,1464231386029.6958
2023-10-12,76986308320171.23,361181903002.7582,1368747945654.5132,1456345430173.4688
2023-10-13,77029824317229.1,378463108158.3692,1360037107971.7622,1435285515961.75
2023-10-14,76984592546442.81,376455929772.52563,1354223082742.3843,1440682712167.795
2023-10-15,76893698611117.08,366703020494.7816,1349802934561.118,1462600384302.9175
2023-10-16,76837351502642.81,358260449635.2972,1344871171238.3928,1482211792742.0667
2023-10-17,76837349496186.89,343311381992.5844,1339238682974.705,1508733235758.8623
2023-10-18,76889004755625.31,318706316533.0199,1335625568517.1355,1546733577962.571
2023-10-19,76989455221334.12,311724068801.5399,1333112203418.52,1554779636486.188
2023-10-20,77141008791585.55,316315174056.6935,1326213054637.915,1534652604612.1108
2023-10-21,77301470992355.62,325919164735.0201,1315799887918.404,1503129191794.3474
2023-10-22,77471248591420.2,328983321393.60547,1304864870051.9792,1482920522954.7622
2023-10-23,77625313379370.72,343004628220.9144,1294813712190.107,1443628899237.166
2023-10-24,77775577844763.69,346697652800.6835,1285546709689.8298,1420522558092.4277
2023-10-25,77912968848049.69,321246292603.6083,1273923590548.0215,1444499785705.9895
2023-10-26,78017796684619.52,335379247775.28,1263848856329.6228,1410261409608.7769
2023-10-27,78099087118339.55,351295545432.47675,1253886488566.3418,1374268189309.8296
2023-10-28,78169817044262.83,365270178875.01953,1244617723389.6216,1343824581148.8633
2023-10-29,78232713477738.52,375652912738.30035,1235769512394.1082,1320162014902.275
2023-10-30,78287543878717.84,383255515740.94,1228023338085.6096,1301786117735.7002
2023-10-31,78323753275857.83,389292220661.87463,1221411715070.8306,1287299326936.859
2023-11-01,78338332421476.94,389276953056.08234,1216305649780.589,1281008050520.5242
2023-11-02,78329912089577.25,372209107990.5014,1211753511188.5283,1293725969014.3354
2023-11-03,78299421466575.0,364337171933.3887,1209275736629.9888,1298772611184.4397
2023-11-04,78229395012185.12,355936676441.44336,1207106919469.2585,1309262881123.8713
2023-11-05,78130854046452.62,349476118204.8053,1205511495284.4753,1323130289795.9756
2023-11-06,78058077474393.02,339225679508.9167,1201552079759.2363,1340468082339.8926
2023-11-07,78123160195552.47,329537089023.62634,1196610066440.8762,1353773703596.516
2023-11-08,78248709802502.62,344747539893.8839,1191737813055.8132,1318885265115.9556
2023-11-09,78300720605960.8,344915922267.13196,1182904492507.1396,1308518401653.6992
2023-11-10,78267177499946.19,332864702884.34155,1173381139681.11,1321430272451.9033
2023-11-11,78189284823034.78,325173089303.89996,1168303316972.1494,1329538070718.2654
2023-11-12,78183906297374.56,324311529337.645,1166398972596.3345,1321386231311.1843
2023-11-13,78242175973957.66,321378862721.67316,1159520231310.47,1314970701462.1062
2023-11-14,78355722253842.05,336630973570.44366,1151383453900.3782,1271990258526.2776
2023-11-15,78463127238027.6,347143860659.42676,1139362723527.981,1236333164794.2935
2023-11-16,78569928462646.12,352566580984.2456,1126851172656.4233,1208382853885.2632
2023-11-17,78664906630563.19,363808699388.60956,1114513558649.666,1174229593027.4485
2023-11-18,78747123626653.48,372242103195.36694,1102511535168.2825,1144809376746.0295
2023-11-19,78822367570104.94,370909854096.74585,1091235598672.6191,1127944942651.8242
2023-11-20,78930537051617.22,374613296037.1475,1082272765238.9569,1106661777651.0278
2023-11-21,79012655802591.3,377105472873.438,1070719678008.1885,1083446261498.9779
2023-11-22,79104641332909.31,367107922743.5421,1058054413751.4944,1075114948002.4366
2023-11-23,79190916126773.28,374568954070.1897,1045182682705.2516,1048942307325.8403
2023-11-24,79262210085519.12,381437771367.32007,1031070413072.0586,1025007681670.7549
2023-11-25,79318135131745.53,384386634020.8136,1016371477880.6691,1006564365794.1517
2023-11-26,79368519171665.97,384629072749.98425,1001988260233.1062,993414984623.6014
2023-11-27,79399858433758.0,382362243739.45984,988145187180.0366,984222695556.0419
2023-11-28,79417102137296.11,379534854799.38477,975607984766.0312,976551082987.9174
2023-11-29,79430996666371.97,375896847218.3993,963878406959.7437,970480988097.2468
2023-11-30,79424856835885.08,373076231047.49133,952428018488.5289,963042142897.956
2023-12-01,79415005639223.45,356450259860.9899,940157384705.02,970143145533.5752
2023-12-02,79383220530834.14,353823030350.28625,929645483994.689,963981438337.8743
2023-12-03,79327398122788.69,358483314284.3338,921685900568.7974,953018316647.5623
2023-12-04,79190638814402.3,356124797331.56177,915425549657.7842,952376892312.9518
2023-12-05,78940212224838.7,344097790499.94116,915927800620.3384,962667076384.9707
2023-12-06,78804101184684.61,343542907181.15094,920222982018.0891,954089617006.3688
2023-12-07,78816486089538.6,347109567902.0737,916193528992.3083,939184498093.8516
2023-12-08,78874883374259.17,346799005213.3222,908137065023.1611,927901669217.6766
2023-12-09,78809168051235.5,356818239350.2671,898210924608.9126,909996089604.3713
2023-12-10,78680415058870.03,344358595423.3879,888237926080.2151,926275648429.5992
2023-12-11,78660904889313.94,342799455914.8252,881551777329.0017,918288947788.4229
2023-12-12,78715184330257.55,349257810856.207,873177388526.3202,898241315021.3407
2023-12-13,78785876065886.42,354185564873.5731,862577539752.9636,880029184839.2001
2023-12-14,78872285648186.45,352773779606.8779,852444370031.7336,870544139965.8597
2023-12-15,78963989008959.5,353873293306.8435,843007017823.5784,857805801001.0173
2023-12-16,79031101542836.5,359500478490.41614,832734808506.0994,840752592874.4683
2023-12-17,79127425623847.83,364801625168.60754,822997727966.242,823923908753.847
2023-12-18,79207311839073.03,370743726335.02563,812759003427.8468,805420417044.175
2023-12-19,79240682597268.44,364434328174.6727,803111493191.0615,801180528385.1318
2023-12-20,79258973807550.67,358361730914.3873,795482746604.0345,799635361219.8718
2023-12-21,79280587576600.03,358493304456.2523,788214268317.5413,791239358853.9292
2023-12-22,79310934472478.89,357602691939.7407,780125642388.7036,782516717348.7465
2023-12-23,79366699374288.38,362744151961.93787,772814014101.6243,768698134250.8961
2023-12-24,79351309970185.97,372947985528.71594,763818753307.1361,752804388219.7458
2023-12-25,79250760633476.3,366878207728.78644,755550303637.4746,757090534405.8159
2023-12-26,79104231978691.56,358688377063.38806,751354840217.5055,771860227742.4868
2023-12-27,78984066933520.0,368315288447.18616,748709258131.2914,761002327330.7589
2023-12-28,78889308824197.97,360343766374.7875,744951753187.8767,774232900868.1188
2023-12-29,78860946035385.22,357042230477.3065,742177413674.0334,777914000113.2048
2023-12-30,78845185772050.89,356648678801.85175,737711861029.2563,772680277231.705
2023-12-31,78871189495861.52,356159747570.26587,732993903015.3232,766911985084.2861
2024-01-01,78880551317468.11,366307226588.5785,726857830609.2334,746837697494.4185
2024-01-02,78868047652938.3,372263776393.3986,719951778950.3601,732027885911.095
2024-01-03,78860292862765.31,366097590800.8675,713396761605.3794,730040498799.5278
2024-01-04,78873617035712.53,369406012738.1267,708109429948.5314,718690568302.4819
2024-01-05,78918681933122.25,376629367263.7859,703964749788.364,704166378773.7266
2024-01-06,78914743647978.78,372518208344.98096,698735559534.0999,699384847227.0477
2024-01-07,78944847098039.89,386187902018.53973,694863698879.6343,680851725810.5779
2024-01-08,78952495089544.86,395001389749.8794,689053611981.1605,670964196638.696
2024-01-09,78915377484851.72,382086793836.9004,683492464872.9194,677623860998.144
2024-01-10,78971302867554.81,382391443579.1417,681814062463.621,674815761888.4023
2024-01-11,79063635491935.1,393099238721.31006,677912449373.2761,664814922693.4535
2024-01-12,79158165610347.61,399841653234.3932,672665803745.6602,661571514170.6471
2024-01-13,79216538188504.16,410987930440.7675,666417952482.7913,652861287729.4701
2024-01-14,79216477916351.0,421196490625.66187,659878170591.3011,643286190517.237
2024-01-15,79231049564834.0,431344321876.4535,655610371594.9342,633906268723.537
2024-01-16,79222605477044.28,440351828355.8696,651139873002.3033,625796053640.9553
2024-01-17,79180799408756.02,441075865264.18884,646277247597.3817,621996953132.8029
2024-01-18,79173456219179.25,428911181355.9591,643253717333.2749,626767871487.5278
2024-01-19,79122821921949.81,410891001830.57935,639032977437.9297,636366493833.8933
2024-01-20,79040628305406.8,400655810559.12463,634660736870.6384,640813725020.315
2024-01-21,78951171751702.97,401993608703.504,632097444702.8408,640996990461.8427
2024-01-22,78844424686517.06,395821442476.06647,631379451435.3771,648966761599.1058
2024-01-23,78784825696050.62,390159181951.67426,633210313514.8375,656922786326.1753
2024-01-24,78748216905373.84,393868311032.76117,635575362919.016,658882209400.8215
2024-01-25,78722875953990.17,391766194849.64246,637817023238.1733,667295533154.5615
2024-01-26,78715749181589.42,389782937912.1062,640057007330.7094,673534355202.1055
2024-01-27,78663862576537.8,390811865900.3596,642963937447.4883,676072221070.9868
2024-01-28,78600328951400.86,387108216827.8478,650460343587.4911,679938149737.2
2024-01-29,78565831683378.97,391246674276.40686,662777151889.1484,674848605991.3467
2024-01-30,78541502894339.53,395751406207.5891,674616849298.9025,669288226637.3318
2024-01-31,78487745964009.2,402106244385.44965,682102556980.0848,661803234430.3438
2024-02-01,78436224429419.3,399808423762.46924,686721278391.5654,664128677456.9119
2024-02-02,78412970185078.11,410963532184.1768,689015247860.7091,656499143656.9714
2024-02-03,78440787134489.02,425835379311.7582,688887580690.009,646214822859.9822
2024-02-04,78453445899528.53,442589960409.5156,686875503389.8734,633194688886.9778
2024-02-05,78414051792448.66,457977294082.3729,683792826068.0911,621519185905.0011
2024-02-06,78401875567040.17,460455993199.1647,680887502702.031,618187648210.3497
2024-02-07,78385093065917.33,480763628432.4107,678596892107.5482,606177811283.4192
2024-02-08,78375626989796.47,498058189181.50916,677566383943.19,599643448977.1428
2024-02-09,78378786418759.48,510821664365.24207,678207356938.1416,598105806599.3417
2024-02-10,78372708859861.69,522317638921.77985,679887795303.3688,598185632377.056
2024-02-11,78342342092022.9,510056818482.7103,681070912268.5883,607940262060.796
2024-02-12,78319724444555.36,489632102180.2775,681684911762.0587,618756291042.8033
2024-02-13,78295862403219.83,495533792388.0355,682248965615.5475,615910581972.3057
2024-02-14,78250971794981.92,513757994436.1959,682817995043.2577,608512839714.1345
2024-02-15,78200484720902.23,524109043075.6843,684076633442.7404,605196209479.9463
2024-02-16,78159628383710.02,528403344433.3105,686489637129.0139,605081234641.124
2024-02-17,78066596529287.8,546886417559.6944,689979906496.7474,603256481748.4712
2024-02-18,78007131276848.3,533988450737.54553,694990934081.2347,612423161164.98
2024-02-19,77978662132148.42,518835084297.10864,700051568442.334,621765350691.7493
2024-02-20,77945351440444.31,516753758290.2634,704831967780.4946,626834805017.8198
2024-02-21,77908618271656.14,505080824921.83154,709153236960.2617,637109283075.4745
2024-02-22,77879938832669.77,497931551258.0535,712983529215.1265,647037692978.5558
2024-02-23,77876804948854.05,509353652864.62366,717106523358.401,649294755312.9045
2024-02-24,77855276835956.33,523186899600.39343,720664023488.5869,648714729510.4287
2024-02-25,77848277520704.84,504559157756.23315,723412236457.9202,658795588747.7855
2024-02-26,77852855621774.39,496249606654.27783,725502736849.309,662912188481.477
2024-02-27,77871318528521.88,518030757661.32404,729436858338.2599,657483118790.5499
2024-02-28,77853036453506.11,508127723125.65125,733739803084.5184,663555271737.1519
2024-02-29,77800584930517.58,493214705774.55164,738478012802.1409,669768920931.7991
2024-03-01,77743923634587.7,503069321482.1421,743423890420.6401,667771355765.6982
2024-03-02,77673002598661.17,509758054876.1245,746123475511.1567,670335095554.9122
2024-03-03,77634503949042.12,523541596041.103,748378470089.3507,669098101101.8462
2024-03-04,77658625573500.81,522506988273.46234,749801115410.2496,671331563522.5764
2024-03-05,77639075166897.53,553397290705.5845,751418568214.4851,661116214957.1382
2024-03-06,77595130113780.4,591380652770.9337,755447058744.9182,653528774494.3489
2024-03-07,77543600206126.84,618896198841.9756,763135587398.079,654608989203.2909
2024-03-08,77455013388084.05,645276571155.6796,774921697080.2566,660998062655.1526
2024-03-09,77358735063834.17,611591155963.4384,787513777348.5057,685450256656.7853
2024-03-10,77180645306900.22,602216993016.1188,799931342470.7664,706071467870.854
2024-03-11,77043562212106.88,594307148334.2523,812763818815.1035,724820882690.4073
2024-03-12,76953266237442.61,573791457247.7207,822788511409.7749,745953517393.0574
2024-03-13,76949568653632.34,589168798861.1743,831925977576.876,747847650750.7429
2024-03-14,76952141933772.94,623646778129.9425,839683217799.572,741077874659.6626
2024-03-15,76857150427001.0,668416436888.5854,847814204838.5334,732441189260.4556
2024-03-16,76726146683523.52,724542029350.7961,860933460160.8889,725042671218.5767
2024-03-17,76585072016186.36,798776355877.6855,881422469218.7716,719724325619.3584
2024-03-18,76424354018469.98,903584790913.0536,911268811887.5513,717105710812.3904
2024-03-19,76225946159581.69,1038033466939.7921,951363830870.5566,722330513766.1719
2024-03-20,76000688470095.11,1179266556668.2683,1002511003824.6835,739964848949.9646
2024-03-21,75809841930244.73,1261642003470.709,1063325936854.0487,772828116088.6476
2024-03-22,75566297216858.64,1359921175949.3528,1134483651019.8208,813821898349.9292
2024-03-23,75475025067369.94,1270839931349.397,1210760666519.4722,870759115059.8037
2024-03-24,75361827163725.45,1216457583730.9045,1289716258662.5142,922905739761.2417
2024-03-25,75178036646120.77,1238936673490.9597,1372667104451.3171,968947797417.259
2024-03-26,75130618612453.05,1126263244295.4941,1454863787075.0417,1018505120754.2825
2024-03-27,74965931653329.27,1092670814556.4888,1536060636218.2375,1056500474229.8921
2024-03-28,74774749693177.5,1001783437508.2228,1613007110751.9775,1092426765105.1365
2024-03-29,74627539275397.58,919271761856.4421,1682116753801.004,1120498773528.1624
2024-03-30,74555857211006.94,908650333691.6862,1741300214012.0195,1132338666905.2163
2024-03-31,74486255440671.45,923906303049.7362,1790056591637.71,1137131367142.005
2024-04-01,74388724538406.83,962996947164.1608,1834604550700.9146,1141204864221.0488
2024-04-02,74299634893451.19,990714726674.7476,1880075158344.0977,1150625472609.643
2024-04-03,74294010300500.48,932765894648.7784,1923323067532.8047,1167211402472.0518
2024-04-04,74246955299450.77,932710072661.4607,1962688876635.9907,1174663192314.0537
2024-04-05,74220731685133.31,920269518580.9255,1995561250197.1313,1185807291376.255
2024-04-06,74188850398563.95,929550240007.0382,2026191001820.667,1195962122547.1704
2024-04-07,74244527557351.27,860241127562.4525,2050309911429.1338,1212446892915.392
2024-04-08,74288727807067.39,797758856521.1068,2063299768514.8003,1220596584002.4172
2024-04-09,74384752047449.73,694896588417.1376,2061735319509.2344,1227971694685.026
2024-04-10,74386222907596.5,723151512090.3411,2053817898468.9521,1209577902756.6782
2024-04-11,74407050929560.3,724280331772.4156,2039260387535.5137,1203833505011.7559
2024-04-12,74513483181944.38,666122161423.5725,2015409224708.638,1209836626152.0022
2024-04-13,74535289891657.73,721731052040.0574,1991497343658.6702,1188022983352.2375
2024-04-14,74514559322299.86,798551473920.086,1974050751639.2617,1171958563945.9426
2024-04-15,74469095065384.3,877090725150.5377,1967835373296.4812,1164220137320.586
2024-04-16,74429441208312.62,923580782733.8998,1971656860755.242,1171722969983.565
2024-04-17,74323584597306.69,1006489015814.4122,1984768752669.523,1177483665282.3323
2024-04-18,74190549351992.1,1106045273211.4893,2007559285494.5625,1186144235458.5557
2024-04-19,74042892065480.48,1205328791111.9473,2038124882784.062,1200552615046.2278
2024-04-20,73907991627866.64,1266132939489.8618,2077560260576.5469,1226150119442.455
2024-04-21,73898781188364.48,1185329370795.4346,2122377941340.981,1268883933741.0237
2024-04-22,73852351507289.81,1155811199634.4988,2165804959353.3755,1300698363742.2017
2024-04-23,73780920849210.92,1151484042881.686,2207682329153.0986,1330173468162.736
2024-04-24,73762529260078.17,1105796154659.8015,2246941448042.4316,1363619623599.5112
2024-04-25,73830443308995.22,971709009389.9401,2280099541061.8306,1405868455409.6582
2024-04-26,73965573802172.98,794654843797.456,2294125641642.3633,1449604926986.7046
2024-04-27,74051455301198.28,711727427836.1383,2290539533695.501,1472390653789.3418
2024-04-28,74187789937536.33,613594082168.6096,2267574409641.2744,1505968306198.6
2024-04-29,74292197156821.28,578010869442.3071,2229682724876.036,1520066901889.8936
2024-04-30,74347921291344.12,602540586157.9946,2187464425158.1365,1509737623377.5273
2024-05-01,74365918556071.2,653272689872.7258,2152278039509.3452,1487295195048.2517
2024-05-02,74341686068269.86,717815765056.7634,2127628258793.808,1461101848658.2253
2024-05-03,74290851687161.3,780228350963.5159,2114878454495.4604,1443031410173.1416
2024-05-04,74290205919143.44,773433731124.6211,2107504443146.6133,1456968497949.4084
2024-05-05,74362946104128.45,703425178213.2899,2099471414261.0837,1500693828479.4763
2024-05-06,74466711913341.08,617999587113.9922,2084037855630.3794,1557574762946.9932
2024-05-07,74509041717633.8,607339866345.4421,2064150686861.16,1579228718794.1482
2024-05-08,74488831101717.5,654880374461.79,2049668124965.5054,1572968701327.6826
2024-05-09,74456072476117.28,704219420685.0638,2041557371610.9558,1567177171095.244
2024-05-10,74404610104154.03,752879685505.1465,2041371069437.2695,1562183842532.4924
2024-05-11,74336969385037.6,799884503006.4578,2049997575665.9497,1557669274126.5317
2024-05-12,74258056360023.94,845618601326.3887,2066733310537.1064,1552326973144.5151
2024-05-13,74185322419909.33,875334631983.4135,2089140334078.1553,1553480695632.0193
2024-05-14,74103358888635.69,909144653462.6361,2114687535527.5718,1548299797947.1687
2024-05-15,73985267192034.08,969494289215.2681,2143301814149.057,1531516002991.2
2024-05-16,73880965919856.36,1004187101383.2817,2177155207991.3086,1522036704942.6345
2024-05-17,73829257652566.94,991703233177.9596,2210649218242.3486,1526962880214.2183
2024-05-18,73716210191006.47,1035394735391.3221,2245228981649.7783,1520193291853.2056
2024-05-19,73632440846549.53,1051805751996.5756,2278491609232.753,1521191120283.6367
2024-05-20,73494392124953.73,1118251804504.2617,2315043731808.305,1513219215085.2527
2024-05-21,73402930464103.84,1125612920582.7734,2354862098961.509,1523949219520.8164
2024-05-22,73495443787285.78,967700361088.6741,2382775039711.514,1573210633806.4434
2024-05-23,73391603867715.39,1021573021169.0823,2406360993908.854,1570712654758.6743
2024-05-24,73320290257795.56,1031048826131.4517,2432464250047.616,1583491280970.7217
2024-05-25,73392963470768.12,913259424632.1061,2447717736411.967,1628810194936.0889
2024-05-26,73410616679924.75,871468400602.7764,2453078034124.4062,1653339347464.7131
2024-05-27,73534398790462.64,756808064163.9529,2442947692755.8984,1704092392267.718
2024-05-28,73640920814823.12,694888704834.783,2419317268353.337,1735062629537.9065
2024-05-29,73750971330916.9,645203328188.0094,2387674575554.239,1756836146019.8262
2024-05-30,73793915018698.17,662422241389.3818,2357064862247.095,1737642990727.0784
2024-05-31,73783748360710.08,713758327862.4742,2334602509382.628,1695886789162.904
2024-06-01,73782660681822.02,736003079868.5587,2320227456424.266,1670633775884.613
2024-06-02,73800554677902.56,722271927512.8956,2311415520570.5283,1666373876812.616
2024-06-03,73884836170889.11,634864984796.1982,2299336802495.151,1708333329806.5066
2024-06-04,73912043027110.86,605845180212.5918,2284967401811.966,1727462364886.3088
2024-06-05,73901134046835.95,624436370941.5071,2266620495638.761,1719896890437.683
2024-06-06,73849380894695.69,686186884041.8463,2252858900212.0605,1687701281248.4849
2024-06-07,73780573954723.61,761460676740.7019,2246340478386.9287,1651776176596.1106
2024-06-08,73683135420970.78,838954272491.8182,2251316382248.4795,1621432372727.978
2024-06-09,73598106481806.27,883809505714.0786,2264580567940.757,1607000556587.412
2024-06-10,73501880598815.3,922432896298.4153,2283015045626.469,1594253170280.9626
2024-06-11,73402448051883.4,950472483457.5763,2303630022946.0,1580714807379.342
2024-06-12,73308999388627.83,972030610976.9929,2323836381366.7812,1566151880954.234
2024-06-13,73173524034018.39,1039015552249.2476,2344310512227.1987,1538387053637.0356
2024-06-14,73043202046275.2,1089057905543.4058,2369779127274.1797,1516709337902.7036
2024-06-15,72948871701570.83,1096808024006.1168,2397358874482.079,1504818707760.7559
2024-06-16,72874574823355.47,1093482111217.487,2422434902893.177,1496112404560.955
2024-06-17,72844358481321.88,1070841065938.7786,2439064715596.354,1494006490612.3396
2024-06-18,72803751559458.38,1071721308341.2568,2450072838619.1494,1490258291114.9478
2024-06-19,72742590903918.52,1094087162188.8477,2459580260640.58,1489296037647.1233
2024-06-20,72684305890416.02,1118734021292.0938,2468661314218.0845,1494876159575.4043
2024-06-21,72643121450812.05,1134721400869.9253,2477553626918.202,1508345743030.8206
2024-06-22,72627972689061.67,1122978130587.0884,2487045030766.6577,1530618222425.3816
2024-06-23,72627628649016.7,1088803346531.5659,2497133220449.557,1555688890686.7578
2024-06-24,72646503091280.89,1034658518711.83,2503352815685.0625,1580958916744.9558
2024-06-25,72619367916658.6,1034662556767.9761,2505101807081.543,1588628259629.9316
2024-06-26,72620612227286.6,1008651829360.3649,2505560690991.5195,1600175714150.103
2024-06-27,72699756504023.84,906962447763.392,2500542685731.5244,1626149506953.5698
2024-06-28,72737359483308.34,859535197856.5166,2487222699245.4277,1628165826283.1223
2024-06-29,72742457404286.7,853633784967.9053,2470498391238.333,1613430913880.4812
2024-06-30,72786829113638.12,815265301715.8735,2452038481365.234,1609047878857.623
2024-07-01,72801743264110.56,818196561445.7819,2431541637314.6973,1590662687511.7488
2024-07-02,72789076499001.22,841284705950.9612,2414803363556.955,1572123746437.3203
2024-07-03,72774511408978.67,860341580989.8643,2400559818823.923,1562631175390.62
2024-07-04,72756725735283.89,881937227700.8752,2389039257965.3496,1557769947569.9236
2024-07-05,72740472753195.84,902573484828.804,2379680734741.932,1556046557296.3315
2024-07-06,72716381562665.66,927140833770.5386,2373539948488.7627,1553118402647.506
2024-07-07,72673494518217.81,958071641916.9247,2372430485983.7524,1547208493118.6584
2024-07-08,72607717171946.73,991961919554.0881,2378174054897.7646,1538005337508.9087
2024-07-09,72526440411251.9,1025064571566.2461,2389366962757.3843,1526944541329.3975
2024-07-10,72447158855421.61,1051821676206.2368,2402663515434.817,1515564956261.4238
2024-07-11,72365517661144.6,1071368382511.9087,2418743332354.047,1505642162043.3367
2024-07-12,72272011052137.75,1102467455112.9824,2434769598012.8,1491992115019.468
2024-07-13,72187056078591.5,1138298879933.0525,2449810884214.1284,1475821892229.5234
2024-07-14,72108456304732.22,1178373129443.1143,2465535820692.91,1458967860563.577
2024-07-15,72019577337474.39,1213329014426.5806,2488006630780.9644,1446559467995.329
2024-07-16,71942677618333.58,1221714726653.704,2514259967492.0244,1443832553048.6094
2024-07-17,71896798399766.08,1202870056474.2388,2537040379365.4624,1450408571434.1072
2024-07-18,71886346673619.47,1159521915381.8303,2553674205187.6836,1466570008316.6868
2024-07-19,71873334451097.11,1118146009075.0894,2566040632161.9785,1488045207874.6086
2024-07-20,71871710145507.28,1083563673356.7762,2570282119570.66,1509201313906.8894
2024-07-21,71913801730082.36,1040712737768.6086,2563674790283.374,1530119252284.5195
2024-07-22,71991523653093.16,974613589487.3622,2550786238768.4995,1553773934915.6653
2024-07-23,72046274868251.78,934496628767.1357,2534712993341.949,1569510586480.8967
2024-07-24,72095928972730.47,909800826721.2058,2514656631101.335,1577781250889.5247
2024-07-25,72160657089685.9,877771306296.4697,2491344788090.148,1586862163276.446
2024-07-26,72202558742822.19,859459244733.51,2469426359367.3364,1589182016510.749
2024-07-27,72235162169951.81,846460134117.1685,2448267278804.6245,1585829397295.6064
2024-07-28,72261252709467.12,833419329882.0176,2430348511166.7744,1580122797697.721
2024-07-29,72303366349163.44,794864277017.1173,2415441951724.0396,1581375333149.5432
2024-07-30,72450009594942.02,675228559357.0789,2390314823717.96,1613180249676.4207
2024-07-31,72578224951187.42,612246647757.29,2352887552285.1533,1627363849325.6802
2024-08-01,72669406715714.33,598515152439.9609,2311969900772.135,1624205481443.542
2024-08-02,72746145425480.22,594600317429.1112,2273605804535.228,1621902658510.1753
2024-08-03,72825809147122.47,586763730082.2107,2237198972995.1353,1624370614547.062
2024-08-04,72896903509692.56,578584734687.0933,2203820604647.9644,1626489859881.4856
2024-08-05,72963941201553.52,571377454454.1919,2171432583095.104,1626443792185.1833
2024-08-06,73039397186292.33,563034282715.0745,2139377143757.2007,1624094952664.8706
2024-08-07,73111223314047.8,556445219752.7994,2109699968429.35,1618301904099.4917
2024-08-08,73179148631280.9,553839304371.9346,2080004023503.4092,1607732763907.061
2024-08-09,73242001795845.14,554392902727.405,2051510102286.6453,1593664344177.085
2024-08-10,73293776627771.5,555238976965.8519,2027929544529.7937,1578377248546.5603
2024-08-11,73341028455934.0,552547575771.5806,2008264491039.7769,1564163773671.2456
2024-08-12,73401407767664.31,542291312940.8379,1987929118074.566,1553923562437.9343
2024-08-13,73480081299500.22,520121646300.4563,1966615308551.0723,1551701163800.2383
2024-08-14,73568368913124.77,494141933846.4364,1943325001242.8572,1555332538150.9414
2024-08-15,73634488479782.69,494122909966.6056,1919881574528.4832,1547751432292.1313
2024-08-16,73707166864158.44,493058311073.2317,1897657788125.7966,1544744275579.789
2024-08-17,73783534581704.53,491553744225.48596,1875769384203.472,1544315281029.0842
2024-08-18,73851829142011.61,490597162530.63165,1854808131180.4663,1546849695908.5286
2024-08-19,73921217989384.02,474164495408.3804,1834529168692.458,1561954298117.7576
2024-08-20,73994258330199.84,449115928967.1381,1812009095300.358,1587256581607.645
2024-08-21,74074437184949.5,437647477363.5252,1787151254691.7695,1599835880222.274
2024-08-22,74188923969467.7,414002749928.2577,1760852161557.8623,1617843367261.655
2024-08-23,74305280126773.1,400832194931.485,1733454327526.184,1623336179790.75
2024-08-24,74418912375881.78,373862370808.0827,1707411494726.4268,1641262169119.8682
2024-08-25,74485300366345.38,372272206040.55176,1683897803117.6433,1632633424190.9922
2024-08-26,74562637572092.36,388172958841.8662,1662283062120.0723,1603593091473.4531
2024-08-27,74736958569286.19,369188484061.7197,1637737273801.588,1608442206916.2808
2024-08-28,74878161399621.97,394264762138.7877,1615640429563.5024,1569429175863.516
2024-08-29,74991497207346.78,421331833680.3321,1598988556981.4204,1531179748321.1328
2024-08-30,75085575789184.9,446015117908.7205,1588946269193.793,1498501389292.2131
2024-08-31,75147488695625.8,469216437108.08887,1584915044310.8315,1471876952044.4817
2024-09-01,75188885688597.88,490173777884.61536,1584413660364.9868,1449823643739.0386
2024-09-02,75233923229919.28,499521631407.96136,1585886573105.8513,1436463338840.7878
2024-09-03,75288986906577.08,499971567870.51624,1587006588116.14,1428647435674.7869
2024-09-04,75342169482367.45,508074611287.277,1587864255695.4336,1415532242625.8306
2024-09-05,75397036270876.23,523551639154.80493,1589255034675.3704,1396309936362.9446
2024-09-06,75448726144945.7,541044226824.56464,1592150579507.9048,1376094773214.395
2024-09-07,75479188460556.42,558849995683.8251,1599622916027.3013,1357947312437.9158
2024-09-08,75492595630776.1,573961022701.6562,1610516752070.662,1342573457529.0698
2024-09-09,75493088383153.48,583747580610.0327,1623508253562.8733,1330485006414.5146
2024-09-10,75489379715644.78,585761369501.576,1636380684987.2395,1323368882719.2898
2024-09-11,75513317011141.55,564886388395.5039,1646100555904.6313,1326368357853.3062
2024-09-12,75563699737817.47,537807995552.5338,1649142137873.082,1333426121567.8938
2024-09-13,75591470606578.95,539310553323.51514,1651023813059.0457,1329859969337.596
2024-09-14,75692460046881.1,479046285541.7828,1646568235211.6353,1363201973932.6167
2024-09-15,75776585041455.02,463486515382.3838,1634609026271.4094,1376563340068.881
2024-09-16,75839880289380.11,476284142233.47864,1622501590774.2026,1374507509967.3545
2024-09-17,75916998691176.69,479557793032.2827,1610927867916.7217,1378982646105.3599
2024-09-18,76061962654427.0,436730721381.18695,1594858703242.7651,1414140330926.7769
2024-09-19,76173852827230.33,439826584585.57263,1576385441695.078,1415880257743.9019
2024-09-20,76270548970323.44,446952634982.0074,1561335032102.4807,1413412741779.6301
2024-09-21,76347906224455.56,455173755096.33655,1550107567597.7449,1409743316796.6729
2024-09-22,76419634790571.69,453299410642.8685,1541119122658.5532,1411083275765.0703
2024-09-23,76519297897655.69,421108893294.16125,1530915826998.5525,1436780745618.7373
2024-09-24,76626079047700.58,397493794308.6271,1515788020769.0742,1455201289811.387
2024-09-25,76715059945139.12,387852492252.5758,1500215690115.3545,1460731225114.6982
2024-09-26,76806347735394.64,358356998733.15216,1484818321374.894,1492423658206.7122
2024-09-27,76870603768049.28,346701673901.83435,1468976991164.5762,1511038967715.5732
2024-09-28,76926101700852.0,368480324603.21814,1454482316564.5562,1482449293345.8933
2024-09-29,77022446211029.22,367614160722.5029,1439663602558.894,1479215554204.643
2024-09-30,77093900932886.78,390373153789.4534,1428043236786.4233,1447119284050.1594
2024-10-01,78691285367799.14,340875273418.4502,1263942668785.3364,1371739466965.4387
2024-10-02,77308319545809.25,370639909888.1054,1404789084660.667,1446942237786.9348
2024-10-03,77406832691763.84,380831023980.2107,1392196558922.9329,1425601291116.9302
2024-10-04,77500198517136.6,379977561619.95593,1381514974447.079,1418159840642.775
2024-10-05,77583766627916.27,376262588618.8893,1373595615266.9941,1415284283358.8284
2024-10-06,77645989529911.45,376747721643.34656,1366488279492.4194,1409556582473.888
2024-10-07,77688279447501.36,382996873394.53265,1360502716919.46,1399223795346.5486
2024-10-08,77728056304720.42,376541714912.80786,1356596006566.38,1403493693031.7852
2024-10-09,77764758549314.92,375412980972.1471,1352728540949.8115,1403006494776.8845
2024-10-10,77807468491171.89,381492421773.119,1348143847009.779,1394521030999.0981
2024-10-11,77857613979364.62,395125795543.6604,1343471314515.2495,1374473494199.258
2024-10-12,77926975699883.62,389928613121.0504,1338656602995.5818,1373806904262.0793
2024-10-13,77939426233295.27,401766150650.34344,1335510340309.05,1355146663051.5889
2024-10-14,77912637152378.27,394689073856.8319,1334351342391.2703,1357587712112.6194
2024-10-15,77911105038393.38,371094635347.02954,1331722121755.836,1382053292844.9143
2024-10-16,77949506250841.16,364684885076.4203,1325724646696.7979,1391161457080.4187
2024-10-17,78014540886653.56,364578954911.5298,1317732102868.807,1394009565302.6392
2024-10-18,78022838258891.77,368077087990.32495,1311883010486.5884,1395519539749.8687
2024-10-19,77985339399117.1,330841930580.3965,1311321963060.717,1453051076414.2363
2024-10-20,77938581435930.17,311322317417.13354,1314028319571.2031,1485370970568.2163
2024-10-21,77969662393537.75,304881720715.36896,1309928450262.204,1499460796944.664
2024-10-22,78062694496617.4,315055522573.5043,1303192392161.7798,1487551277244.3428
2024-10-23,78188832109251.38,333535926818.64874,1295725875231.9487,1456190292241.3296
2024-10-24,78313093110464.31,351872110215.8585,1289171474579.6553,1419185085102.445
2024-10-25,78419570329291.73,363668582764.6316,1283744586466.4321,1388450484596.051
2024-10-26,78503154254601.56,357180460331.6271,1277295543729.314,1383430171950.876
2024-10-27,78548309002956.8,351693823339.8218,1273070207691.015,1379422476278.6523
2024-10-28,78610150635024.39,341752811511.83594,1269949941487.606,1382683792713.077
2024-10-29,78691285367799.14,340875273418.4502,1263942668785.3364,1371739466965.4387
2024-10-30,78729163519775.69,349631296769.4769,1255473041162.7473,1348696705338.8943
2024-10-31,78761523177188.05,329101392291.4044,1245596894756.9714,1374594735214.4727
2024-11-01,78765374720889.47,328188883511.4669,1235641954081.895,1370641774950.4795
2024-11-02,78848090953926.03,316897365527.6091,1226205972481.8286,1380393950529.2815
2024-11-03,78958004142215.7,319027273473.8766,1216609946798.5898,1364842596487.8848
2024-11-04,79085210894153.5,329146024196.8965,1208291461791.8716,1337541720780.8604
2024-11-05,79219147906731.73,335017590418.076,1201304725810.9731,1321004519881.4138
2024-11-06,79337909412511.2,343664671520.0388,1194332262232.4604,1298685393130.644
2024-11-07,79426161051774.08,345220556841.24347,1184539501976.087,1281903914898.1628
2024-11-08,79472409770026.75,346735670642.4155,1175648113370.5452,1264494137976.4448
2024-11-09,79489712012381.06,336977488859.0177,1168315820853.587,1264871627862.3848
2024-11-10,79463698085381.19,329669389774.921,1161054740066.202,1265589876430.6882
2024-11-11,79408699863538.14,326377070630.81775,1153499518175.2178,1256531046281.067
2024-11-12,79242671635634.25,328763541467.8656,1148945510754.9014,1242512818563.2166
2024-11-13,78950389584954.17,327660557402.93494,1143589723622.8315,1240676000701.3044
2024-11-14,78795069584985.73,326102748259.0299,1141169860126.0125,1235186422102.8206
2024-11-15,78935592729264.4,335103125090.5898,1137911995303.3525,1209858674396.4194
2024-11-16,79012032547496.78,346810741589.61475,1128538025508.5066,1182758006801.7341
2024-11-17,79016044350761.94,331121964116.1248,1116485811776.6401,1195470494639.6047
2024-11-18,79095831966280.9,330388608035.6034,1107061842202.0703,1180967254118.7717
2024-11-19,79099873871384.17,337092421939.90424,1095950568459.9521,1156676338508.4983
2024-11-20,78896429352299.9,335898738709.2812,1084233641880.3638,1152982522819.0127
2024-11-21,78635209280362.44,336940945360.3314,1075348731690.9702,1147824992068.3022
2024-11-22,78426810601332.89,339870546706.50183,1066647050604.0032,1133693959458.0562
2024-11-23,78175109848266.44,338090181647.8248,1056223246971.5969,1130003030065.1682
2024-11-24,78077168364896.62,340048593890.5853,1048172047606.373,1117641806804.3472
2024-11-25,78090021085133.77,339878822940.7322,1038518115812.1436,1108812948747.7808
2024-11-26,78212845418803.52,343418559282.2549,1028204275534.4205,1089707394524.8402
2024-11-27,78381321230516.64,353334593908.2837,1016532806403.7656,1057297778289.5734
2024-11-28,78563606896706.12,356118957726.18274,1003668984612.4407,1032481175310.0948
2024-11-29,78704193509380.7,359848555170.8291,990592803792.0542,1008034286294.1581
2024-11-30,78832899069554.27,357579739049.87427,977538109755.2128,991821185642.6533
2024-12-01,79024904955998.75,354359417241.9591,964464140916.5059,976557324042.2737
2024-12-02,79175327548829.31,362142877152.38806,951317293906.3955,950026147839.228
2024-12-03,79312568865292.23,364311383625.62506,938698334372.7205,932213472870.2231
2024-12-04,79423626189262.86,371012637060.2242,926222291150.9827,909656504875.069
2024-12-05,79498299615156.38,374558121458.9408,914222052914.3425,891431048120.5817
2024-12-06,79550860349957.66,366684588483.16077,902947860943.0972,885286532878.7358
2024-12-07,79576734324230.8,360091103238.27783,893264780087.4756,875787541652.633
2024-12-08,79656627996592.23,357467094919.77246,886416593274.711,860430456465.7516
2024-12-09,79770293722322.86,365465085616.2088,878109050536.1943,836775606652.4504
2024-12-10,79896498623441.12,371142546380.8863,867282469995.9501,817294891031.2584
2024-12-11,79960510846606.06,372603646935.0436,854453230526.1649,804257736673.4669
2024-12-12,79895445718109.3,374240176262.6815,841357820381.3168,794538762982.3301
2024-12-13,79686519139027.4,362075759512.9237,830710460348.7206,802771978429.0271
2024-12-14,79372391291630.12,349272245974.4331,821252923196.2115,815681382371.3337
2024-12-15,79247389733182.38,346468249013.07385,816180953623.1345,820120642132.8069
2024-12-16,79162998871773.97,355497523901.9752,809442173157.6381,806090217350.363
2024-12-17,79023274809155.94,352294527782.3977,800954156186.9038,807839254081.2115
2024-12-18,78898145145259.3,345323039664.58826,797124348308.5212,811121818814.3706
2024-12-19,78879346764659.23,357031888438.2644,797403602332.1921,793813392171.5437
2024-12-20,78878966120697.64,351759012679.38477,793175543014.3987,796206799143.4717
2024-12-21,78874591778694.4,346241949785.47485,788637190474.3406,796850645893.2838
2024-12-22,78819433221180.67,342243475588.9565,783465025289.6866,797228978022.2628
2024-12-23,78749539106753.47,338957157025.31714,779369914206.6799,797503519315.0206
2024-12-24,78685306668259.12,350477669447.22235,775166082941.108,777631675948.9679
2024-12-25,78657793651957.92,359208680803.5641,770981386423.0538,762232377999.3545
2024-12-26,78575531283409.05,352754072859.12665,766389162182.4388,764190239073.0969
2024-12-27,78574845026878.78,356060421166.0706,764426315785.6221,750585888970.9761
2024-12-28,78583259354828.77,357490396494.65515,760194884242.44,741153339126.0579
2024-12-29,78649474733912.98,358516699766.4929,756238458160.2538,733652641155.4723
2024-12-30,78736711535864.47,355374176791.36487,751130911986.8053,731266427746.8428
2024-12-31,78761483747887.5,356952195334.8707,743995156637.477,724182816117.9293
2025-01-01,78776378372854.53,356800981115.64453,743503892782.8015,723667275478.6375
2025-01-02,78767854642632.47,357644054332.8159,733710533179.8508,717328052333.3794
2025-01-03,78771822159009.48,350489270652.34436,724568104444.7468,719184617495.2902
2025-01-04,78761061960753.61,345180428464.9622,716220510034.0948,719952283709.1499
2025-01-05,78768559871267.58,341843129828.33356,709368624576.3971,717707224205.0006
2025-01-06,78815908130349.12,346040727214.95874,703316621058.8828,706450727033.4998
2025-01-07,78847952481907.84,358671313420.6366,696375831622.6156,687472501875.4648
2025-01-08,78852583056521.08,359224854417.25024,688603449355.5017,679868993048.0876
2025-01-09,78880548121931.27,372123960131.97736,681580535280.0791,662618764802.4575
2025-01-10,78898887835997.53,383370833294.8925,674309008675.7776,648057693748.2078
2025-01-11,78961687622173.34,391076717025.41516,669211454070.4276,638749331747.8354
2025-01-12,79016862413718.5,402811066976.88794,664181457687.3468,630302000979.4292
2025-01-13,79033842752729.05,412460064801.6804,659060286385.8639,623606458556.2694
2025-01-14,79051942960254.1,416255555667.0157,654621654969.3356,620979167454.8958
2025-01-15,79068983548107.95,424834381490.2924,650373674663.407,614790687199.1665
2025-01-16,79085575604441.19,434581494236.27734,646233803045.7104,607469420325.4058
2025-01-17,79126636536147.92,441822269448.18726,643813429110.7858,602160119690.9133
2025-01-18,79168930750244.55,453735974137.46576,641951978356.155,595326929365.0432
2025-01-19,79204864158843.4,464578317770.63806,640234086378.4576,588081845184.832
2025-01-20,79241012222005.34,474666118019.73193,639416922847.8724,581217873542.2571
2025-01-21,79265355026627.9,477308604711.2158,638446093835.624,577057271329.2092
2025-01-22,79291873059889.7,482224299164.39154,638967431077.7837,573307200273.2512
2025-01-23,79317089251147.27,476198919894.0674,639428213651.9628,575173566110.9132
2025-01-24,79338833224368.58,470284946005.6222,639608630689.9825,577586484421.5658
2025-01-25,79340377503933.33,480528242400.0327,640969812905.4556,577092400770.3158
2025-01-26,79333754386513.44,490123976410.3335,643041855112.9004,579145447609.1514
2025-01-27,79321184584582.97,499231403286.97095,646193677514.8408,582899049671.0339
2025-01-28,79299432641142.14,508507775596.2194,649998383662.3807,587767883632.3258
2025-01-29,79268760022457.66,516796552211.43604,654774403917.1865,593826293837.5916
2025-01-30,79230196856736.61,517836017668.4945,660886904365.4191,602851628890.4442
2025-01-31,79187619871041.77,488559234935.05176,665559572121.4535,622066179829.6193
2025-02-01,79147033271313.94,463050805516.583,668048681407.9026,637393765459.3251
2025-02-02,79127901806351.1,458585327047.95703,669166731716.6802,642478221690.8485
2025-02-03,79114045673257.52,451942908684.10754,667887695088.8545,648017033209.5107
2025-02-04,79110338875835.14,443366052885.4476,666023049494.5361,653199331953.9397
2025-02-05,79091141330246.83,448396509628.0604,665031277695.2864,651369013762.8173
2025-02-06,79068847755493.94,452201651116.0501,665235311478.9241,650041691488.2532
2025-02-07,79031349894225.69,463776752241.17865,665783313569.2467,645495166879.3564
2025-02-08,79020649818945.47,477394777112.34656,668055471021.7748,643243998831.4215
2025-02-09,79036312465478.86,488910117494.46375,671282502984.7542,642621264498.9529
2025-02-10,79051292284085.08,507576717912.60016,674297785570.4534,640350542434.5399
2025-02-11,79077712451032.45,524630347611.4508,677296199330.5044,639403894404.3184
2025-02-12,79093866120299.2,544814781285.7445,681880105249.6931,636784460010.3318
2025-02-13,79089433272392.55,562698807967.1594,688286580085.8331,635737945281.582
2025-02-14,79087085422324.75,567455686961.3942,695648727002.6619,639034360907.4658
2025-02-15,79046063766843.31,576859656535.9528,705476170597.4856,640816309270.2418
2025-02-16,78952843946742.38,540259539376.9867,713523232741.2975,659457281909.2595
2025-02-17,78855974395883.34,514998327404.9602,719578387400.4651,671919402943.5432
2025-02-18,78817879731532.9,514944559897.04156,725861602508.2905,673421328690.5723
2025-02-19,78735087992850.77,509267145493.7903,730899604033.2662,679432760156.9448
2025-02-20,78673757356535.8,494834573267.6898,736529217334.8181,692045511636.6426
2025-02-21,78602634488810.5,496341788104.2818,742125426206.4402,693121312965.0969
2025-02-22,78473372635256.9,476793420901.3877,749495527742.6052,706839796583.2302
2025-02-23,78357308157542.02,467170631004.1577,761008718597.2515,715309121546.3743
2025-02-24,78247488458335.44,471979298068.7959,772383366340.5247,713234239797.6893
2025-02-25,78039320607357.23,467805722246.3219,776508616763.2063,721439359665.2695
2025-02-26,77995799389143.9,478718820291.41345,778541725180.308,721663564157.7737
2025-02-27,77996610104416.73,499304671424.37,777219970228.7822,714824673772.0208
2025-02-28,78046574940621.02,506045184514.4777,774388451478.4852,714934070472.1871
2025-03-01,78065388278377.72,537748836309.105,771909525509.896,701190466734.8345
2025-03-02,78067113876443.31,559600613731.1079,771839459120.3116,694054814644.3916
2025-03-03,78066735191944.36,579166203985.2477,774841214034.0045,688783983278.3
2025-03-04,78045049222938.25,597659340258.4298,780076095900.085,684409460383.9762
2025-03-05,78056447021229.12,587272887598.0518,785541657159.7048,690168529486.1467
2025-03-06,78060940817242.34,624501443741.0549,793225177883.1,680399129712.8247
2025-03-07,78022335684140.97,674306744549.088,805921848041.2683,673249904158.2169
2025-03-08,77950832991093.2,672699326027.7749,822351037746.0653,682937972266.2238
2025-03-09,77875799527157.8,631605415024.4886,840853432404.8445,702983072104.894
2025-03-10,77864450583463.92,603990982795.238,856922427719.4001,717309745182.8306
2025-03-11,77809090105621.9,604077722408.7606,866900631572.8524,724307672678.8368
2025-03-12,77763866275617.89,583144183389.8022,873270768205.215,736994750699.2021
2025-03-13,77745455709383.45,572848195014.0911,877642743350.0808,743818955536.4333
2025-03-14,77709279699721.95,593364823838.3218,883113282551.019,741914895873.033
2025-03-15,77641285762178.92,601321025137.0282,889339219244.9023,745113180569.9803
2025-03-16,77578914913500.58,595878987244.6678,895886454256.3737,752612866323.5684
2025-03-17,77551226732695.77,610627499264.6108,903760384914.3127,753952435655.5432
2025-03-18,77482353232097.78,650805756078.6436,914523727995.9589,750606492695.4879
2025-03-19,77332961749907.58,688093108474.5972,929132756536.3088,752657757610.5479
2025-03-20,77155189716216.31,662193308065.0027,943421033506.2329,770793184690.0737
2025-03-21,77008908872409.75,645427675644.8055,958611751657.0466,784818624351.0898
2025-03-22,76901069244052.42,653234908780.9105,973866485471.5692,790520259308.3497
2025-03-23,76809615703914.6,665350110619.1293,991361939670.8352,798169172868.4626
2025-03-24,76794039275724.58,614119448547.269,1008298202256.137,821052906285.612
2025-03-25,76819976699384.73,587622192733.4441,1022456293531.4312,831535366501.9314
2025-03-26,76800084132135.98,602917779822.0216,1032474589451.5261,830493694347.4454
2025-03-27,76721460949387.89,626590789712.0327,1045568358529.8862,830847500676.3081
2025-03-28,76577772484391.95,641981471605.3531,1062707051376.8727,839028094185.7551
2025-03-29,76479632343855.3,627036083983.5029,1077592047294.6296,855755522494.8162
2025-03-30,76400943422294.05,634807895119.3134,1088380634101.7444,864543617708.0015
2025-03-31,76237591480902.02,695923921182.0408,1099521834305.4475,860533681102.2412
2025-04-01,76079407350169.23,766925058497.527,1117076609281.1404,859749108142.5812
2025-04-02,75915052474193.95,853293368034.1821,1142127377352.8293,862255409064.4507
2025-04-03,75717910387007.14,966342001182.2908,1176291424641.7136,867841460405.0085
2025-04-04,75429663852309.92,1129252149953.8413,1222697402239.6968,876804456303.4851
2025-04-05,75125249760523.92,1275546733580.93,1282096610056.6467,899750711504.4741
2025-04-06,74846276345275.45,1355686700647.0823,1354066751135.7258,938228072143.7
2025-04-07,74756341844676.14,1220298035022.103,1431323793615.4666,995040068793.4683
2025-04-08,74614936232616.1,1134066705270.588,1510625283495.6226,1045384576865.1348
2025-04-09,74466066085744.88,1055462038272.7573,1586909546106.1853,1091056008171.4094
2025-04-10,74274607614333.61,1073486442672.4459,1660972654384.164,1124784387865.1055
2025-04-11,74229391305886.11,997859743971.6642,1728912035466.923,1161959491676.025
2025-04-12,74129149921771.48,1018811290550.0719,1792885662121.0308,1182747173768.7314
2025-04-13,73980656731852.53,1072223408470.0891,1857523051019.3237,1203925074376.063
2025-04-14,73894384245363.34,1095593949967.1636,1921806990254.3953,1230327938702.326
2025-04-15,73851700390553.28,1081925718256.9271,1982563919454.7207,1257675573044.0
2025-04-16,73766774515900.78,1100695426727.2585,2043002380446.8474,1283378863030.1506
2025-04-17,73670359171591.47,1127245520939.2812,2104173437216.4749,1307543290691.199
2025-04-18,73577291247013.06,1158089906595.9365,2162767834553.661,1327068707097.025
2025-04-19,73513948155064.34,1159070907741.7659,2220314356204.6567,1347571201380.1006
2025-04-20,73464255046398.27,1157285261832.9048,2276457482487.143,1366553875625.1318
2025-04-21,73491838301171.9,1094306470804.6958,2324964266241.0684,1384777010601.0957
2025-04-22,73423875248141.08,1128910306536.354,2369178005744.905,1388124132713.439
2025-04-23,73345150247952.95,1164763319994.3489,2411787546586.989,1394277915357.4043
2025-04-24,73294076016033.19,1177412561410.037,2452683335868.2246,1406000129894.6768
2025-04-25,73287541742443.67,1158376071093.8335,2488686718533.5938,1422786809268.705
2025-04-26,73290975961606.95,1129070225141.7869,2521497146819.6587,1443005374644.276
2025-04-27,73263689963282.25,1126085624461.6863,2552413753649.534,1463577221904.1514
2025-04-28,73264673300444.33,1088663011961.0151,2581235467969.868,1490831902298.1206
2025-04-29,73426798121516.05,916559280662.5646,2595346243859.627,1531086354126.2507
2025-04-30,73483224377838.98,887756898654.2402,2593939668065.2817,1536325032467.0928
2025-05-01,73514561229090.11,884310183657.6106,2587569556693.3164,1538133331484.0486
2025-05-02,73554192609040.03,879268854096.9137,2576242914842.147,1540651538517.0981
2025-05-03,73641992423597.48,833735082386.3479,2561906268750.5347,1554397662869.6936
2025-05-04,73690070310803.45,825486222725.0864,2544726568936.855,1554285660902.6406
2025-05-05,73701385092053.11,849212392035.3677,2527036952185.447,1544209809401.4348
2025-05-06,73726012533851.45,867745757266.2455,2507696931181.8413,1534193556766.651
2025-05-07,73803111951243.86,849047079515.8043,2485904959444.808,1532549630787.2786
2025-05-08,73857612666979.39,845907347229.8363,2466675467127.4175,1528769856463.0637
2025-05-09,73890823701476.12,848210066616.1097,2448814828425.937,1529877711579.447
2025-05-10,73955726233722.88,819555755956.6985,2427886195294.4814,1543989810068.7612
2025-05-11,74034646844121.08,766217942124.3147,2405378250770.671,1569243460945.8018
2025-05-12,74078391136402.3,740600427421.5588,2382293233849.7134,1589123221449.7217
2025-05-13,74058931856207.9,765606680955.4775,2365188049767.3125,1592672549585.9114
2025-05-14,74047670675239.25,775281466439.0906,2353519395119.502,1604918369627.775
2025-05-15,74079338108686.3,755008663420.6104,2341044825474.1865,1627771830756.562
2025-05-16,74206132799747.16,662703371913.8975,2320093347739.544,1679756793340.6975
2025-05-17,74364301084986.86,570293410145.5764,2285428052533.1763,1733217563605.2793
2025-05-18,74501392515024.81,535260531562.8054,2244137715712.9346,1754586295437.7473
2025-05-19,74572936899362.94,556582643752.0225,2206994448794.0938,1734340124835.692
2025-05-20,74669328757064.73,538242183134.2105,2173107239913.1064,1737480876967.713
2025-05-21,74747836209123.1,549009488882.4712,2142222175348.1045,1713975269504.651
2025-05-22,74774837339784.84,605169599253.0881,2119137213786.4788,1662377859189.831
2025-05-23,74764016232050.36,671112927801.8444,2110478293799.2998,1616904617247.0305
2025-05-24,74751212497626.95,712740772743.554,2112159266362.612,1598365089613.4531
2025-05-25,74718600729414.8,751663316588.1604,2119869573313.9902,1593058897821.789
2025-05-26,74697264453257.62,748583109953.017,2132351272696.706,1614412510204.5276
2025-05-27,74662163407670.69,748181100533.9192,2144526033261.1868,1636261142904.098
2025-05-28,74599084895789.22,777150913768.8306,2156376165926.4526,1642738326992.9917
2025-05-29,74542359339079.95,797442273702.5623,2172958795104.484,1649905976879.7402
2025-05-30,74510418856136.69,797512294535.8524,2190578508046.9023,1658805972351.9219
2025-05-31,74497668157349.14,789309554354.9626,2204760717575.5234,1664646918975.3
2025-06-01,74521652137692.47,764376958902.1697,2212508677343.5884,1673181903289.612
2025-06-02,74483137051547.38,802883995792.0647,2218169733677.4604,1649976418420.1208
2025-06-03,74432504788830.16,853688731703.4341,2225297536848.178,1617370666116.4062
2025-06-04,74359254649699.23,914373276727.3553,2239393048107.263,1578363384924.1497
2025-06-05,74243900169653.72,989512822283.3403,2263185632840.5186,1537805737630.6125
2025-06-06,74090403719972.06,1075992752392.231,2297816763058.252,1503481853700.1287
2025-06-07,73903331859285.34,1179943313338.0562,2339977222141.91,1476708434646.4639
2025-06-08,73693406907106.64,1283139013564.592,2389249432526.048,1464496273457.495
2025-06-09,73486815384409.7,1367602871568.326,2442528558517.5376,1466864870522.1133
2025-06-10,73255685882130.17,1460890640895.4717,2499713620554.5835,1479172023109.4343
2025-06-11,73049483662016.64,1525341890703.5693,2559723232713.1587,1502628519276.4333
2025-06-12,72890489777170.2,1534497489369.518,2623963476595.1016,1536796087047.5037
2025-06-13,72784475872018.64,1495355243078.6826,2685625836511.651,1573863787625.4702
2025-06-14,72661705315257.44,1478520934238.6235,2743602915259.873,1601465595652.9663
2025-06-15,72576429062847.75,1439258799273.8774,2796786410668.429,1625525049605.6008
2025-06-16,72519262371897.44,1387055866911.11,2843700479267.383,1643968178978.623
2025-06-17,72489913877943.97,1309868321936.0525,2883615326169.187,1658659196438.0286
2025-06-18,72482074029781.47,1228217852397.515,2911812188292.9795,1666915597561.6182
2025-06-19,72474939807890.77,1174684414969.359,2927724172395.022,1663513925927.5986
2025-06-20,72466261677033.94,1137262635266.754,2933761278002.285,1656789825461.021
2025-06-21,72543967476180.05,1039099935742.3088,2925887929226.7217,1664123178857.6865
2025-06-22,72650399402776.11,963557621152.9408,2900153891076.954,1666314698341.748
2025-06-23,72764501738162.28,919158171278.7322,2861396534070.8296,1662995547689.686
2025-06-24,72851920042441.73,907438168728.2217,2817774412236.0557,1656297685600.411
2025-06-25,72952232171355.52,873238481752.1266,2774291616335.982,1662424550330.583
2025-06-26,73054940891006.25,832114202087.6521,2729512782378.738,1670491521619.271
2025-06-27,73188729049057.8,760663282422.2869,2681089995811.7705,1688463427591.2651
2025-06-28,73297240154207.84,719003640534.8154,2629087022286.667,1693904064014.6968
2025-06-29,73356467642535.06,730382939466.9617,2577323721449.5625,1673738840657.6118
2025-06-30,73396352519737.5,754155591536.219,2532151519786.579,1646519156945.6123
2025-07-01,73429703687114.81,778020437785.3749,2493158134495.626,1617970756568.2175
2025-07-02,73452431281547.75,802162901809.9513,2461512624715.4946,1588375522632.961
2025-07-03,73457522252204.02,827337235076.0645,2437528441070.6953,1559659588701.6626
2025-07-04,73437162000178.67,859275129918.3888,2420763955955.2915,1531869388923.444
2025-07-05,73392932190615.27,899887353640.0383,2411544235759.9224,1505392321169.4795
2025-07-06,73339543502052.16,939039669735.0765,2409154676356.5527,1485367790805.0315
2025-07-07,73292847981406.53,975863779570.2748,2410473110360.0737,1472848681155.09
2025-07-08,73272616945934.48,991149042644.7126,2414324458883.216,1472256708026.8025
2025-07-09,73345369594066.31,912050239894.9753,2415120488071.675,1500133011002.0474
2025-07-10,73426916065640.1,838231112546.1561,2403923444079.24,1528063822048.6416
2025-07-11,73449725046164.05,834486390499.386,2386166944142.878,1535762123677.3657
2025-07-12,73485020371459.8,824086451831.4341,2368417543734.0957,1545759492251.11
2025-07-13,73516226414310.56,818952033138.6016,2351669885006.4834,1551941515309.4116
2025-07-14,73537562488709.12,821280145461.739,2336143128352.2466,1555461849192.3652
2025-07-15,73558961895342.53,823700247258.2766,2321267867313.4014,1554731341311.8684
2025-07-16,73550195139273.25,849564771209.5908,2310664093106.3574,1539271497159.7517
2025-07-17,73516972823231.33,883165761287.7576,2307970616184.301,1519645997542.291
2025-07-18,73454838723678.4,914146223590.0306,2314744365998.7495,1503244390331.9602
2025-07-19,73410350806847.12,918693266979.0603,2323412567899.346,1495636375573.9854
2025-07-20,73337180008728.98,950992084205.298,2333579378209.8906,1483248355661.4294
2025-07-21,73272063297264.16,973881754594.072,2345551403289.6025,1478628186035.8997
2025-07-22,73224925532414.33,975124824346.866,2357901650749.0835,1484378435210.3743
2025-07-23,73195701568999.86,959649961813.1001,2366742142910.557,1497143679865.267
2025-07-24,73175884884453.27,939039677645.6687,2372047015777.3677,1513036679054.5754
2025-07-25,73170046556635.38,912674335508.2722,2372838582525.7046,1530536049492.4639
2025-07-26,73180533399924.86,875770160756.4199,2369190667293.0186,1548679558986.6724
2025-07-27,73171209684747.77,859555589282.4165,2362497350940.731,1557144194761.1248
2025-07-28,73154650919118.6,851529372423.3286,2354943247636.6694,1559264236355.9502
2025-07-29,73138429391345.81,848154645106.6641,2347424641292.9336,1555430601301.2417
2025-07-30,73138888943145.33,842535083765.4828,2337860438496.91,1547358918600.3286
2025-07-31,73170713860382.5,824415110608.0552,2325208316335.7856,1538776520660.2803
2025-08-01,73206341473903.92,804569250268.5361,2313016736216.5645,1529187378962.9917
2025-08-02,73239042886838.38,789790270742.3264,2301079434338.164,1518879900716.4375
2025-08-03,73284058939960.44,772428327461.2861,2285327551943.24,1512120809146.697
2025-08-04,73339449105153.6,750705627322.103,2266985717357.782,1510072214136.918
2025-08-05,73398870036038.28,727490822790.6339,2247897250803.3545,1512365611893.8088
2025-08-06,73495428784958.53,665212104889.5197,2226821994746.9346,1534177537659.4846
2025-08-07,73596112927317.33,617408585527.6584,2198320998457.6646,1554245797927.6814
2025-08-08,73682399036297.34,607702083310.2935,2167259600743.0317,1561428416370.804
2025-08-09,73782599109879.67,590623317265.3632,2136097018091.1467,1571850668295.239
2025-08-10,73894621674092.16,575639450899.2852,2103598841292.463,1579233489429.5789
2025-08-11,74010565424989.33,563450570771.4971,2071745654749.7637,1585077365484.3267
2025-08-12,74122818177116.4,554607143760.7273,2040739774962.6365,1589070610212.9858
2025-08-13,74222442312828.36,547105418060.39905,2013309600274.8506,1589873216112.6616
2025-08-14,74312821594330.78,534024249171.25073,1988789606138.6338,1588721697075.408
2025-08-15,74427235417297.25,483834841641.7254,1964867060461.8823,1608842662091.9307
2025-08-16,74588003735176.56,412355189618.7599,1932356389650.985,1644987816352.1
2025-08-17,74720423299308.03,397612488091.23346,1895716316834.9531,1640302246994.3333
2025-08-18,74846631301609.58,397432242777.9953,1858937276555.4172,1626265816855.2214
2025-08-19,74961314676479.12,399726381786.43335,1825904651919.754,1614365552808.6575
2025-08-20,75067523769240.62,402411354538.8363,1796245071151.876,1606056289337.6936
2025-08-21,75162725134028.88,419249431411.4582,1769531573204.4092,1587447983440.38
2025-08-22,75263401163379.98,434884284372.49084,1745213196755.7207,1569070617533.7231
2025-08-23,75362876044001.78,451669781581.33484,1724154669639.3777,1549114739059.4817
2025-08-24,75451064274961.95,467632257606.78217,1707245813352.775,1529379504600.9143
2025-08-25,75523746046255.11,483359612341.3228,1694927669577.4736,1509262174676.3599
2025-08-26,75584669580082.69,498494389743.10754,1686269406413.033,1487710737255.5867
2025-08-27,75625727754316.36,511949012741.5059,1682920686030.5454,1466395798182.1196
2025-08-28,75658893134151.11,517163792259.68274,1683075778915.199,1449623925595.332
2025-08-29,75713414770305.34,506690632063.38947,1681702675771.8398,1440335227069.925
2025-08-30,75760364786766.6,509940718084.63525,1680269245858.408,1421909019008.8418
2025-08-31,75815058565931.31,505899467927.20215,1678997915772.3577,1409711840869.8416
2025-09-01,75878247215407.39,500961873499.68896,1676366520599.3157,1399403163538.2808
2025-09-02,75935464746672.28,504787429453.2002,1674104152624.9692,1386960108516.304
2025-09-03,75996896362520.45,509007037723.111,1671825830423.355,1377921862410.9133
2025-09-04,76069441851138.98,510349145106.6843,1668722771199.335,1373496308767.804
2025-09-05,76140778832281.06,510713133946.4494,1665468068067.8623,1373119685772.4429
2025-09-06,76209802516104.86,507355575086.38184,1662056101534.1816,1377706147609.1682
2025-09-07,76283715169260.28,491233643929.5855,1657797894941.6968,1392433261084.143
2025-09-08,76374711930022.9,462806184360.327,1648520054151.3872,1416830510689.6614
2025-09-09,76454076621205.17,455253292703.65515,1634894390307.6833,1429968571764.2825
2025-09-10,76526606972073.73,456015803827.3601,1621080728478.7732,1437214941673.5938
2025-09-11,76591956402931.66,459628925501.2389,1608540664265.403,1439785511852.0337
2025-09-12,76647138313632.94,462922486258.09454,1598186799561.028,1439519974483.0327
2025-09-13,76690245724585.9,462511435051.07666,1590012302042.9316,1438462772109.5955
2025-09-14,76737105197116.31,451312937549.2654,1582577951777.128,1442754325605.2515
2025-09-15,76826097372247.11,420561239860.6185,1569917798419.8652,1464101201201.1587
2025-09-16,76874848776989.75,436537807027.17926,1556457900848.149,1445703245014.879
2025-09-17,76920240407483.08,449262780193.00134,1546519258559.291,1429056303586.4878
2025-09-18,76973903202996.88,453647101376.65015,1539203506434.9973,1420987066617.6157
2025-09-19,77022203535969.52,461377125754.4153,1531846368092.6697,1412509073381.2566
2025-09-20,77071826124245.19,467263771853.84607,1525123970293.717,1403521243447.3354
2025-09-21,77126381169431.64,452039309233.7261,1519368927695.75,1409990584795.434
2025-09-22,77157240661780.55,458391970121.7511,1514785859301.2275,1402138120938.7883
2025-09-23,77199782468790.77,463328321178.27405,1510039538855.234,1394275237669.4526
2025-09-24,77254245702276.64,467202469732.4059,1504453545175.7876,1385129900664.0474
2025-09-25,77314433840173.53,466372188223.2864,1498699553082.6912,1378791443725.827
2025-09-26,77379910485162.16,451347090763.27905,1492276078309.1182,1382091150906.6714
2025-09-27,77442801018749.14,429566954041.9206,1484882428220.5474,1391219092716.1692
2025-09-28,77505256920151.84,408319044939.0001,1474220555148.702,1402685742401.5557
2025-09-29,77525563617014.28,396577051298.77234,1465634692506.1946,1408921821983.4912
2025-09-30,77473368656653.36,370669552452.95667,1457210405344.0498,1436928204144.6362
2025-10-01,77270686226827.53,367677330905.99457,1448512380944.946,1452407636793.718
2025-10-02,77079447345080.61,359735246112.8353,1440185863676.707,1474811600075.8662
2025-10-03,77020138606794.81,361416437428.6519,1429991907634.0674,1480854979798.4263
2025-10-04,77072400837478.77,369813875067.655,1417274739351.1436,1471392518819.9707
2025-10-05,77208799768377.9,382235662095.38416,1404369793471.608,1451726407209.235
2025-10-06,77384311748785.06,400841459751.4674,1393778131388.5547,1424285818935.3057
2025-10-07,77574379480170.88,411611481515.64545,1383946526580.078,1404715798717.7307
2025-10-08,77729714033362.5,410818488407.2621,1375940451171.5042,1400225733178.8467
2025-10-09,77832310911348.62,410689614934.25586,1369488750858.8171,1398228810105.378
2025-10-10,77904951777753.7,398180376801.70337,1362412120294.1287,1410586148872.2686
2025-10-11,77975703456299.97,364658939827.8494,1352544802429.3147,1447728217509.9585
2025-10-12,78063414702532.83,355819202873.3026,1341158491472.9038,1456147047158.3872
2025-10-13,78192164978663.69,354642013338.1002,1329897070911.8337,1454277461723.5273
2025-10-14,78300470496755.62,373781077396.4365,1320908812326.5085,1423099359142.481
2025-10-15,78392248014247.97,390350936806.74976,1313849610550.5916,1390864899735.8557
2025-10-16,78459047986553.34,400978864865.2201,1309427410623.9712,1364428167504.749
2025-10-17,78518295230100.06,390676918156.6565,1304958046161.2046,1362173346138.2278
2025-10-18,78523254688743.62,395451877990.11084,1302719458596.8882,1350125675524.9731
2025-10-19,78584044485556.6,347400062567.55383,1295347876976.5447,1403989040786.4604
2025-10-20,78666050108008.23,338323787969.51086,1286395909194.505,1416275703058.7197
2025-10-21,78737169891821.06,336524089275.26685,1275135239012.3125,1417680906330.6934
2025-10-22,78765141697421.94,347630609811.99713,1264242183889.0457,1398052299502.2002
2025-10-23,78735848546113.38,338504839877.3712,1257293360595.3408,1410486141007.1624
2025-10-24,78588097960891.67,325482048144.6208,1254832592387.7222,1438782687076.0493
2025-10-25,78392473367240.97,312286351735.53076,1253690346023.4763,1465215726001.0715
2025-10-26,78324290541203.83,302938259798.5259,1249669653939.589,1487393142210.588
2025-10-27,78407132342709.27,308103569226.9617,1245934897625.9575,1474437455632.9302
2025-10-28,78463992020087.25,321536812936.1929,1240251895913.097,1445839652687.0156
2025-10-29,78558534713102.58,313214978935.3635,1234350055979.6494,1457815214918.1506
2025-10-30,78743868514598.06,329103343523.5664,1231294934138.6135,1417001923760.2598
2025-10-31,78838711458028.84,336807590791.93036,1226544181617.8188,1390989762906.5615
2025-11-01,78873542648613.94,317738606578.2705,1223496364127.6667,1413479965613.6821
2025-11-02,78929546424706.05,325138331272.9924,1222858482453.441,1390617832477.96
2025-11-03,79038900289358.23,333944524334.3455,1217713264601.823,1363185887894.2908
2025-11-04,79151667322631.9,340877153831.12854,1210012555574.3743,1339505436625.0342
2025-11-05,79015640196552.66,351264279239.807,1203709834193.46,1318915408461.4482
2025-11-06,78680406965660.94,337912375838.8987,1201174383846.1846,1337422774956.24
2025-11-07,78413364400038.2,327138649041.7808,1199793096832.2998,1350226998142.91
2025-11-08,78393674222192.72,332872366377.1852,1196642305557.3877,1335060467557.5645
2025-11-09,78458582921201.4,340501839593.97156,1188804934600.5005,1316361090859.9062
2025-11-10,78581676083716.11,346247397068.31354,1181491763166.628,1294149334322.9836
2025-11-11,78763397269992.08,350957234845.3138,1174267107931.0464,1268794570730.246
2025-11-12,78947545136104.7,354716347856.23364,1164542538387.1726,1243685671891.0164
2025-11-13,79122974679300.2,339190938733.3517,1155962002678.2227,1246098857803.5085
2025-11-14,79207503467827.67,326717828228.1023,1149854952631.9207,1249184759270.025
2025-11-15,79174420682600.67,316597564459.01666,1143317588685.0083,1254118001945.9478
2025-11-16,79188062098758.58,312865479301.8928,1134554962866.9294,1246336427411.4014
2025-11-17,79388637393985.1,311186008558.4703,1125169570744.576,1229655599014.5684
2025-11-18,79599590808876.52,312053653335.26416,1113799228357.376,1204672923554.2659
2025-11-19,79757608543647.72,319970227447.4053,1100308499268.117,1168231248731.0918
2025-11-20,79799389064004.06,328062369326.94116,1086211247383.7275,1135700566723.3958
2025-11-21,79765462568787.64,331254065048.02,1074603279850.839,1117548175932.773
2025-11-22,79726569095039.16,321072980356.7743,1063259209011.9733,1119565285305.1758
2025-11-23,79810923376610.67,314038095263.6101,1053614342824.553,1112285048674.0386
2025-11-24,79959765918685.77,321754741628.7178,1043401002860.252,1081537825740.3821
2025-11-25,80084962973062.2,317705527688.56195,1030296444152.6968,1069634108134.6508
2025-11-26,80152025649600.73,307813072083.509,1016246760598.0897,1066836362265.3223
2025-11-27,80148624128627.94,310117338930.2648,1003837845874.1848,1048221239826.6992
2025-11-28,80120956464897.38,307220293957.26636,991626958750.0726,1040121425755.2032
2025-11-29,80156277624103.42,321671493537.9419,980101236081.829,1007956118204.4343
2025-11-30,80269392134436.83,328057528516.65186,966992170392.49,985515387411.9004
2025-12-01,80441380974379.34,338724728550.7273,953730714010.4915,956688846322.2606
2025-12-02,80624353295714.17,336193662397.8202,940198581544.3894,945546390243.72
2025-12-03,80734987500177.27,339115363904.26776,926618607130.1042,929681076716.9055
2025-12-04,80810477543132.6,333487530724.62476,913237634143.2314,925194196006.6487
2025-12-05,80861669600678.19,321455875548.9982,900985170967.8579,928808673640.0947
2025-12-06,80874172429464.69,321382657055.5757,890115871689.4396,916649543080.8206
2025-12-07,80854076930601.22,326706318642.796,882519158370.1046,901711184867.5833
2025-12-08,80759411118567.83,328348278271.4325,876252338322.1625,891231676269.5383
2025-12-09,80626355805162.23,321321204187.8439,874545950146.3383,888394998300.952
2025-12-10,80477626028708.94,322354166459.7152,878437121359.295,874044980995.5262
2025-12-11,80361871295533.66,314548698378.09406,885100244522.3048,870236764681.0793
2025-12-12,80356512833157.81,311066884303.1577,888233805872.3541,861809719244.0996
2025-12-13,80343885462891.6,308520494767.5365,882791936672.2078,855783697016.6431
2025-12-14,80195875372809.78,309901578511.95154,876134111257.6415,850124121166.8638
2025-12-15,79857456264468.52,306242562173.99335,875654270390.5603,851862633924.165
2025-12-16,79601808641754.98,312372480333.735,878849986958.5985,839715377859.9614
2025-12-17,79449635376041.66,312020947085.03955,876839194957.4948,832324431163.9971
2025-12-18,79338785357152.47,318713293623.7152,874593897180.4414,818462621813.7848
2025-12-19,79229761151472.62,313989864162.34875,866416682716.2295,817724530405.626
2025-12-20,79258324446819.75,317801237167.6825,858216353893.2493,804494304117.3422
2025-12-21,79286562324188.31,320869185716.1829,847128014238.1532,792205192564.494
2025-12-22,79283758735380.92,324490149427.45984,836108135616.382,780900673836.0342
2025-12-23,79299967845901.36,324600914378.2056,825224440427.5502,776736073340.9956
2025-12-24,79417412072778.7,326096714560.0601,813488266340.6907,765903610860.7102
2025-12-25,79605438236665.4,321749023942.16547,801601957492.8022,761398824226.815
2025-12-26,79749281979587.9,324545155961.068,789725276502.3262,747795697882.4436
2025-12-27,79858486314354.97,329840272392.2235,778650552493.0424,733727630638.5449
2025-12-28,79939534443624.12,341675417730.04114,767497021975.0605,715364193297.1117
2025-12-29,80021331290074.22,344146341492.3835,754512722287.4005,704107739641.9203
2025-12-30,80086481554721.16,353322460652.52246,741411580283.2666,687809261579.6526
2025-12-31,80116915424824.9,360401597049.3456,728923015585.4165,675927104006.0967
